-- Generated by Craft v2.6.2989 on Feb 2, 2018, 3:47:31 PM.

--
-- Disable foreign key checks and autocommit.
--

SET FOREIGN_KEY_CHECKS = 0;
SET SQL_MODE = "NO_AUTO_VALUE_ON_ZERO";
SET AUTOCOMMIT = 0;
SET NAMES utf8;


DROP TABLE IF EXISTS `craft_amnav_navs`;


--
-- Schema for table `craft_amnav_navs`
--
CREATE TABLE `craft_amnav_navs` (
  `id` int(11) NOT NULL AUTO_INCREMENT,
  `name` varchar(255) COLLATE utf8_unicode_ci NOT NULL,
  `handle` varchar(255) COLLATE utf8_unicode_ci NOT NULL,
  `settings` text COLLATE utf8_unicode_ci,
  `dateCreated` datetime NOT NULL,
  `dateUpdated` datetime NOT NULL,
  `uid` char(36) COLLATE utf8_unicode_ci NOT NULL DEFAULT '0',
  PRIMARY KEY (`id`),
  UNIQUE KEY `craft_amnav_navs_handle_unq_idx` (`handle`)
) ENGINE=InnoDB AUTO_INCREMENT=3 DEFAULT CHARSET=utf8 COLLATE=utf8_unicode_ci;

--
-- Data for table `craft_amnav_navs`
--

INSERT INTO `craft_amnav_navs` (`id`, `name`, `handle`, `settings`, `dateCreated`, `dateUpdated`, `uid`) VALUES
 ('1', 'Primary', 'primary', '{\"entrySources\":\"*\",\"maxLevels\":\"\",\"canMoveFromLevel\":\"\",\"canDeleteFromLevel\":\"\"}', '2017-11-01 18:14:26', '2017-11-01 18:14:26', '9bb6eef4-c483-46c9-8b04-fd6fc9ae11ef'),
 ('2', 'Secondary', 'secondary', '{\"entrySources\":\"*\",\"maxLevels\":\"\",\"canMoveFromLevel\":\"\",\"canDeleteFromLevel\":\"\"}', '2017-11-13 17:30:39', '2017-11-13 17:30:39', '664a4137-cad9-4244-8e6d-18f9e4773b43');



DROP TABLE IF EXISTS `craft_amnav_nodes`;


--
-- Schema for table `craft_amnav_nodes`
--
CREATE TABLE `craft_amnav_nodes` (
  `id` int(11) NOT NULL AUTO_INCREMENT,
  `navId` int(10) NOT NULL,
  `parentId` int(10) DEFAULT NULL,
  `order` int(10) DEFAULT '0',
  `name` varchar(255) COLLATE utf8_unicode_ci NOT NULL,
  `url` varchar(255) COLLATE utf8_unicode_ci DEFAULT NULL,
  `listClass` varchar(255) COLLATE utf8_unicode_ci DEFAULT NULL,
  `blank` tinyint(1) unsigned NOT NULL DEFAULT '0',
  `enabled` tinyint(1) unsigned NOT NULL DEFAULT '1',
  `elementId` int(10) DEFAULT NULL,
  `elementType` varchar(255) COLLATE utf8_unicode_ci DEFAULT NULL,
  `locale` char(12) COLLATE utf8_unicode_ci DEFAULT NULL,
  `dateCreated` datetime NOT NULL,
  `dateUpdated` datetime NOT NULL,
  `uid` char(36) COLLATE utf8_unicode_ci NOT NULL DEFAULT '0',
  PRIMARY KEY (`id`),
  KEY `craft_amnav_nodes_elementId_elementType_locale_idx` (`elementId`,`elementType`,`locale`)
) ENGINE=InnoDB AUTO_INCREMENT=12 DEFAULT CHARSET=utf8 COLLATE=utf8_unicode_ci;

--
-- Data for table `craft_amnav_nodes`
--

INSERT INTO `craft_amnav_nodes` (`id`, `navId`, `parentId`, `order`, `name`, `url`, `listClass`, `blank`, `enabled`, `elementId`, `elementType`, `locale`, `dateCreated`, `dateUpdated`, `uid`) VALUES
 ('2', '1', '0', '0', 'Home', NULL, '', '0', '1', '2', 'Entry', 'en_us', '2017-11-13 17:02:44', '2018-01-24 15:22:58', 'ba18dfab-9306-495b-80fa-860fa2fda46e'),
 ('3', '1', '0', '1', 'Why DuraEdge', NULL, NULL, '0', '1', '33', 'Entry', 'en_us', '2017-11-13 17:19:50', '2018-01-31 18:41:41', '7d702921-aa2a-4460-8457-451f56f703c4'),
 ('4', '1', '0', '4', 'Contact DuraEdge', NULL, NULL, '0', '1', '32', 'Entry', 'en_us', '2017-11-13 17:19:56', '2018-01-24 15:22:58', 'e81afef5-a44c-472c-aaf7-e2c59534bec6'),
 ('6', '2', '0', '0', 'About DuraEdge', NULL, NULL, '0', '1', '22', 'Entry', 'en_us', '2017-11-13 17:30:58', '2018-01-24 15:37:53', '61f5f080-8cda-4c8f-8cfc-5361dc1a082b'),
 ('7', '2', '0', '3', 'Find DuraEdge', NULL, '', '0', '1', '34', 'Entry', 'en_us', '2017-11-13 17:59:16', '2018-01-24 15:38:01', '9d3292b9-c028-4475-b1e4-dd3c0a64c4fb'),
 ('8', '1', '0', '2', 'Products', NULL, NULL, '0', '1', '4', 'Entry', 'en_us', '2017-11-20 19:02:38', '2018-01-24 15:22:58', '51f8670e-9383-4eb5-ac63-c5f34d375387'),
 ('9', '1', '0', '3', 'Field Maintenance', NULL, NULL, '0', '1', '39', 'Entry', 'en_us', '2017-11-27 19:03:58', '2018-01-24 15:22:58', '7b749b0e-efe4-4a89-be69-5a8ed830db38'),
 ('10', '2', '0', '1', 'Certifications', NULL, '', '0', '1', '48', 'Entry', 'en_us', '2017-11-27 19:30:52', '2018-01-24 15:38:08', '0a5fe003-21c9-4d9b-be86-994124ac5cd3'),
 ('11', '2', '0', '2', 'Architects', NULL, NULL, '0', '1', '54', 'Entry', 'en_us', '2018-01-17 17:52:40', '2018-01-24 15:37:53', '4f5ca65e-95da-4915-99e7-7849d30bd624');



DROP TABLE IF EXISTS `craft_assetfiles`;


--
-- Schema for table `craft_assetfiles`
--
CREATE TABLE `craft_assetfiles` (
  `id` int(11) NOT NULL,
  `sourceId` int(11) DEFAULT NULL,
  `folderId` int(11) NOT NULL,
  `filename` varchar(255) COLLATE utf8_unicode_ci NOT NULL,
  `kind` varchar(50) COLLATE utf8_unicode_ci NOT NULL DEFAULT 'unknown',
  `width` int(11) unsigned DEFAULT NULL,
  `height` int(11) unsigned DEFAULT NULL,
  `size` bigint(20) unsigned DEFAULT NULL,
  `dateModified` datetime DEFAULT NULL,
  `dateCreated` datetime NOT NULL,
  `dateUpdated` datetime NOT NULL,
  `uid` char(36) COLLATE utf8_unicode_ci NOT NULL DEFAULT '0',
  PRIMARY KEY (`id`),
  UNIQUE KEY `craft_assetfiles_filename_folderId_unq_idx` (`filename`,`folderId`),
  KEY `craft_assetfiles_sourceId_fk` (`sourceId`),
  KEY `craft_assetfiles_folderId_fk` (`folderId`)
) ENGINE=InnoDB DEFAULT CHARSET=utf8 COLLATE=utf8_unicode_ci;

--
-- Data for table `craft_assetfiles`
--

INSERT INTO `craft_assetfiles` (`id`, `sourceId`, `folderId`, `filename`, `kind`, `width`, `height`, `size`, `dateModified`, `dateCreated`, `dateUpdated`, `uid`) VALUES
 ('55', '1', '1', 'DuraEdge-Wordmark.eps', 'unknown', NULL, NULL, '1904370', '2017-12-08 19:12:16', '2017-12-08 19:12:16', '2017-12-08 19:12:16', '734446ed-c69c-43e1-9454-18c4c7e4ddf0'),
 ('56', '1', '1', 'DuraEdgeWordmark.eps', 'unknown', NULL, NULL, '1904370', '2017-12-08 19:33:52', '2017-12-08 19:33:52', '2017-12-08 19:33:52', '7c204119-25ce-4d1c-babf-0b858acf1143'),
 ('57', '1', '1', 'DuraEdgeWordmark.svg', 'image', '471', '135', '5302', '2017-12-08 19:39:01', '2017-12-08 19:39:01', '2017-12-08 19:39:01', '6264e510-a132-480a-a01b-8af82c8ca055'),
 ('58', '1', '1', 'baseball.svg', 'image', '108', '122', '7886', '2017-12-13 19:08:23', '2017-12-13 19:08:23', '2017-12-13 19:08:23', '56675bca-8e53-467b-8b09-05aecbfd77c3'),
 ('64', '1', '1', 'Artboard-2.svg', 'image', '451', '353', '19502', '2018-01-19 19:34:02', '2018-01-19 19:34:02', '2018-01-19 19:34:02', '7eccb7a8-4858-4016-a7f6-a3906976e907'),
 ('66', '1', '1', 'Pittsburgh-Pirates_PNC-Park-field-view-from-seats.JPG', 'image', '4912', '3264', '5734282', '2018-01-26 17:02:48', '2018-01-26 17:02:49', '2018-01-26 17:02:49', 'b60406bc-2bc6-40c2-abf6-ed3ca358be83');



DROP TABLE IF EXISTS `craft_assetfolders`;


--
-- Schema for table `craft_assetfolders`
--
CREATE TABLE `craft_assetfolders` (
  `id` int(11) NOT NULL AUTO_INCREMENT,
  `parentId` int(11) DEFAULT NULL,
  `sourceId` int(11) DEFAULT NULL,
  `name` varchar(255) COLLATE utf8_unicode_ci NOT NULL,
  `path` varchar(255) COLLATE utf8_unicode_ci DEFAULT NULL,
  `dateCreated` datetime NOT NULL,
  `dateUpdated` datetime NOT NULL,
  `uid` char(36) COLLATE utf8_unicode_ci NOT NULL DEFAULT '0',
  PRIMARY KEY (`id`),
  UNIQUE KEY `craft_assetfolders_name_parentId_sourceId_unq_idx` (`name`,`parentId`,`sourceId`),
  KEY `craft_assetfolders_parentId_fk` (`parentId`),
  KEY `craft_assetfolders_sourceId_fk` (`sourceId`)
) ENGINE=InnoDB AUTO_INCREMENT=2 DEFAULT CHARSET=utf8 COLLATE=utf8_unicode_ci;

--
-- Data for table `craft_assetfolders`
--

INSERT INTO `craft_assetfolders` (`id`, `parentId`, `sourceId`, `name`, `path`, `dateCreated`, `dateUpdated`, `uid`) VALUES
 ('1', NULL, '1', 'Global', '', '2017-12-08 19:08:35', '2017-12-08 19:08:35', 'cdc04ab0-7120-47f2-b0a1-bdbdf55b5615');



DROP TABLE IF EXISTS `craft_assetindexdata`;


--
-- Schema for table `craft_assetindexdata`
--
CREATE TABLE `craft_assetindexdata` (
  `id` int(11) NOT NULL AUTO_INCREMENT,
  `sessionId` varchar(36) COLLATE utf8_unicode_ci NOT NULL DEFAULT '',
  `sourceId` int(10) NOT NULL,
  `offset` int(10) NOT NULL,
  `uri` varchar(255) COLLATE utf8_unicode_ci DEFAULT NULL,
  `size` varchar(255) COLLATE utf8_unicode_ci DEFAULT NULL,
  `recordId` int(10) DEFAULT NULL,
  `dateCreated` datetime NOT NULL,
  `dateUpdated` datetime NOT NULL,
  `uid` char(36) COLLATE utf8_unicode_ci NOT NULL DEFAULT '0',
  PRIMARY KEY (`id`),
  UNIQUE KEY `craft_assetindexdata_sessionId_sourceId_offset_unq_idx` (`sessionId`,`sourceId`,`offset`),
  KEY `craft_assetindexdata_sourceId_fk` (`sourceId`)
) ENGINE=InnoDB DEFAULT CHARSET=utf8 COLLATE=utf8_unicode_ci;

DROP TABLE IF EXISTS `craft_assetsources`;


--
-- Schema for table `craft_assetsources`
--
CREATE TABLE `craft_assetsources` (
  `id` int(11) NOT NULL AUTO_INCREMENT,
  `name` varchar(255) COLLATE utf8_unicode_ci NOT NULL,
  `handle` varchar(255) COLLATE utf8_unicode_ci NOT NULL,
  `type` varchar(150) COLLATE utf8_unicode_ci NOT NULL,
  `settings` text COLLATE utf8_unicode_ci,
  `sortOrder` smallint(6) unsigned DEFAULT NULL,
  `fieldLayoutId` int(10) DEFAULT NULL,
  `dateCreated` datetime NOT NULL,
  `dateUpdated` datetime NOT NULL,
  `uid` char(36) COLLATE utf8_unicode_ci NOT NULL DEFAULT '0',
  PRIMARY KEY (`id`),
  UNIQUE KEY `craft_assetsources_name_unq_idx` (`name`),
  UNIQUE KEY `craft_assetsources_handle_unq_idx` (`handle`),
  KEY `craft_assetsources_fieldLayoutId_fk` (`fieldLayoutId`)
) ENGINE=InnoDB AUTO_INCREMENT=2 DEFAULT CHARSET=utf8 COLLATE=utf8_unicode_ci;

--
-- Data for table `craft_assetsources`
--

INSERT INTO `craft_assetsources` (`id`, `name`, `handle`, `type`, `settings`, `sortOrder`, `fieldLayoutId`, `dateCreated`, `dateUpdated`, `uid`) VALUES
 ('1', 'Global', 'global', 'Local', '{\"path\":\"assets\\/img\\/uploads\\/global\\/\",\"publicURLs\":\"1\",\"url\":\"{baseUrl}\\/assets\\/img\\/uploads\\/global\\/\"}', '1', '99', '2017-12-08 19:08:35', '2017-12-08 19:31:05', '050218e6-75b0-4ac0-a9b0-2c58f53dbcb3');



DROP TABLE IF EXISTS `craft_assettransformindex`;


--
-- Schema for table `craft_assettransformindex`
--
CREATE TABLE `craft_assettransformindex` (
  `id` int(11) NOT NULL AUTO_INCREMENT,
  `fileId` int(11) NOT NULL,
  `filename` varchar(255) COLLATE utf8_unicode_ci DEFAULT NULL,
  `format` varchar(255) COLLATE utf8_unicode_ci DEFAULT NULL,
  `location` varchar(255) COLLATE utf8_unicode_ci NOT NULL,
  `sourceId` int(11) DEFAULT NULL,
  `fileExists` tinyint(1) DEFAULT NULL,
  `inProgress` tinyint(1) DEFAULT NULL,
  `dateIndexed` datetime DEFAULT NULL,
  `dateCreated` datetime NOT NULL,
  `dateUpdated` datetime NOT NULL,
  `uid` char(36) COLLATE utf8_unicode_ci NOT NULL DEFAULT '0',
  PRIMARY KEY (`id`),
  KEY `craft_assettransformindex_sourceId_fileId_location_idx` (`sourceId`,`fileId`,`location`)
) ENGINE=InnoDB DEFAULT CHARSET=utf8 COLLATE=utf8_unicode_ci;

DROP TABLE IF EXISTS `craft_assettransforms`;


--
-- Schema for table `craft_assettransforms`
--
CREATE TABLE `craft_assettransforms` (
  `id` int(11) NOT NULL AUTO_INCREMENT,
  `name` varchar(255) COLLATE utf8_unicode_ci NOT NULL,
  `handle` varchar(255) COLLATE utf8_unicode_ci NOT NULL,
  `mode` enum('stretch','fit','crop') COLLATE utf8_unicode_ci NOT NULL DEFAULT 'crop',
  `position` enum('top-left','top-center','top-right','center-left','center-center','center-right','bottom-left','bottom-center','bottom-right') COLLATE utf8_unicode_ci NOT NULL DEFAULT 'center-center',
  `height` int(10) DEFAULT NULL,
  `width` int(10) DEFAULT NULL,
  `format` varchar(255) COLLATE utf8_unicode_ci DEFAULT NULL,
  `quality` int(10) DEFAULT NULL,
  `dimensionChangeTime` datetime DEFAULT NULL,
  `dateCreated` datetime NOT NULL,
  `dateUpdated` datetime NOT NULL,
  `uid` char(36) COLLATE utf8_unicode_ci NOT NULL DEFAULT '0',
  PRIMARY KEY (`id`),
  UNIQUE KEY `craft_assettransforms_name_unq_idx` (`name`),
  UNIQUE KEY `craft_assettransforms_handle_unq_idx` (`handle`)
) ENGINE=InnoDB DEFAULT CHARSET=utf8 COLLATE=utf8_unicode_ci;

DROP TABLE IF EXISTS `craft_categories`;


--
-- Schema for table `craft_categories`
--
CREATE TABLE `craft_categories` (
  `id` int(11) NOT NULL,
  `groupId` int(11) NOT NULL,
  `dateCreated` datetime NOT NULL,
  `dateUpdated` datetime NOT NULL,
  `uid` char(36) COLLATE utf8_unicode_ci NOT NULL DEFAULT '0',
  PRIMARY KEY (`id`),
  KEY `craft_categories_groupId_fk` (`groupId`)
) ENGINE=InnoDB DEFAULT CHARSET=utf8 COLLATE=utf8_unicode_ci;

--
-- Data for table `craft_categories`
--

INSERT INTO `craft_categories` (`id`, `groupId`, `dateCreated`, `dateUpdated`, `uid`) VALUES
 ('10', '2', '2017-09-08 20:34:43', '2017-09-08 20:34:43', 'adc9709c-a9f9-4a96-9bca-f5ad6019d66f'),
 ('11', '2', '2017-09-08 20:34:51', '2017-09-08 20:34:51', 'e24ec636-fcc8-497b-b1ba-ccc93d5bbc61'),
 ('12', '3', '2017-09-08 20:38:50', '2017-09-08 20:38:50', '47d26766-c09b-4c9f-ac6c-7664cf9acfbb'),
 ('13', '3', '2017-09-08 20:38:55', '2017-09-08 20:38:55', '025a02ef-816a-479d-bb85-966f0c9c5bbe'),
 ('14', '3', '2017-09-08 20:39:00', '2017-09-08 20:39:00', '5d6b0849-bade-4f25-839d-4264d886bf65'),
 ('16', '4', '2017-09-14 19:24:19', '2017-09-14 19:24:21', 'cd3ac519-d02e-4581-946f-baaca7be5752'),
 ('17', '4', '2017-09-14 19:24:25', '2017-09-14 19:24:25', 'fdf68245-860b-4a5d-8cca-d919778dcc51'),
 ('28', '5', '2017-10-30 18:10:01', '2017-10-30 18:10:01', '82bbf82a-eb10-4bf5-b262-cc25932ed39d'),
 ('29', '5', '2017-10-30 18:10:05', '2017-10-30 18:10:11', '208020ee-c0ef-46eb-949b-afff869d9b03'),
 ('36', '6', '2017-11-27 17:42:20', '2017-11-27 17:42:20', '754a9497-ad9f-4512-bb73-406a1cd36c47'),
 ('37', '6', '2017-11-27 17:42:25', '2017-11-27 17:42:25', '57243944-8c0b-4f3d-b331-b647061f4543'),
 ('38', '6', '2017-11-27 17:42:30', '2017-11-27 17:42:30', 'bb60dd1f-4051-4b88-8312-95f1a0562c61'),
 ('40', '7', '2017-11-27 18:58:56', '2017-11-27 18:58:56', '6cf2bd95-b75b-4ce4-a8bd-ec1fa4585eab'),
 ('41', '7', '2017-11-27 18:59:05', '2017-11-27 18:59:05', '815e01ed-a76a-4180-a65b-3ee7965abbba'),
 ('42', '7', '2017-11-27 18:59:13', '2017-11-27 18:59:13', '9cfbaf96-1a99-4bf7-bad7-16963d403d83'),
 ('43', '8', '2017-11-27 18:59:31', '2017-11-27 18:59:31', 'a5a5294a-2930-4246-922b-c9959fc448b9'),
 ('44', '8', '2017-11-27 18:59:36', '2017-11-27 18:59:36', 'adbeb454-ba66-477f-b690-61a3251ca3ae'),
 ('45', '8', '2017-11-27 18:59:41', '2017-11-27 18:59:41', '0fa5f698-91aa-4159-9138-24e8469a1ea4'),
 ('62', '9', '2018-01-17 17:43:45', '2018-01-17 17:43:45', 'cfbe2210-baf5-4a9e-9d8a-75eb660da58a'),
 ('63', '9', '2018-01-17 17:43:50', '2018-01-17 17:43:50', '731c72ea-a1d0-4595-b4e0-ad59287ada71');



DROP TABLE IF EXISTS `craft_categorygroups`;


--
-- Schema for table `craft_categorygroups`
--
CREATE TABLE `craft_categorygroups` (
  `id` int(11) NOT NULL AUTO_INCREMENT,
  `structureId` int(11) NOT NULL,
  `fieldLayoutId` int(11) DEFAULT NULL,
  `name` varchar(255) COLLATE utf8_unicode_ci NOT NULL,
  `handle` varchar(255) COLLATE utf8_unicode_ci NOT NULL,
  `hasUrls` tinyint(1) unsigned NOT NULL DEFAULT '1',
  `template` varchar(500) COLLATE utf8_unicode_ci DEFAULT NULL,
  `dateCreated` datetime NOT NULL,
  `dateUpdated` datetime NOT NULL,
  `uid` char(36) COLLATE utf8_unicode_ci NOT NULL DEFAULT '0',
  PRIMARY KEY (`id`),
  UNIQUE KEY `craft_categorygroups_name_unq_idx` (`name`),
  UNIQUE KEY `craft_categorygroups_handle_unq_idx` (`handle`),
  KEY `craft_categorygroups_structureId_fk` (`structureId`),
  KEY `craft_categorygroups_fieldLayoutId_fk` (`fieldLayoutId`)
) ENGINE=InnoDB AUTO_INCREMENT=10 DEFAULT CHARSET=utf8 COLLATE=utf8_unicode_ci;

--
-- Data for table `craft_categorygroups`
--

INSERT INTO `craft_categorygroups` (`id`, `structureId`, `fieldLayoutId`, `name`, `handle`, `hasUrls`, `template`, `dateCreated`, `dateUpdated`, `uid`) VALUES
 ('2', '2', '18', 'Water Access', 'waterAccess', '1', '', '2017-09-08 20:34:03', '2017-09-08 20:34:03', '3cf629ef-d90a-441b-b445-fe172f6cec62'),
 ('3', '3', '20', 'Maintenance Level', 'maintenanceLevel', '1', '', '2017-09-08 20:38:41', '2017-09-08 20:38:41', 'dad885f6-49eb-4020-9366-80b3513e6c46'),
 ('4', '4', '22', 'New or Existing', 'newOrExisting', '1', '', '2017-09-14 19:24:09', '2017-09-14 19:24:09', 'fb99ce37-b2b2-4177-ba6d-e854b966947b'),
 ('5', '5', '42', 'Staff', 'staff', '1', '', '2017-10-30 18:09:47', '2017-10-30 18:09:47', '3e4a2605-f665-4c59-b113-bea69097c85a'),
 ('6', '6', '70', 'Knowledge Level', 'knowledgeLevel', '1', '', '2017-11-27 17:42:13', '2017-11-27 17:42:13', '58d1f46b-936c-48b8-9a3e-3a65253f5250'),
 ('7', '7', '79', 'Audience', 'audience', '1', '', '2017-11-27 18:58:10', '2017-11-27 18:58:10', '6c850fa4-51e2-414f-a319-734f49f0785a'),
 ('8', '8', '80', 'Field Type', 'fieldType', '1', '', '2017-11-27 18:58:30', '2017-11-27 18:58:30', '289bce23-d89c-46ba-882c-ae96d54836e5'),
 ('9', '9', '105', 'Employee Role', 'employeeRole', '1', '', '2018-01-17 17:43:27', '2018-01-17 17:43:27', '7977c404-2ae0-4f6f-9f5b-a49efe6759b8');



DROP TABLE IF EXISTS `craft_categorygroups_i18n`;


--
-- Schema for table `craft_categorygroups_i18n`
--
CREATE TABLE `craft_categorygroups_i18n` (
  `id` int(11) NOT NULL AUTO_INCREMENT,
  `groupId` int(11) NOT NULL,
  `locale` char(12) COLLATE utf8_unicode_ci NOT NULL,
  `urlFormat` text COLLATE utf8_unicode_ci,
  `nestedUrlFormat` text COLLATE utf8_unicode_ci,
  `dateCreated` datetime NOT NULL,
  `dateUpdated` datetime NOT NULL,
  `uid` char(36) COLLATE utf8_unicode_ci NOT NULL DEFAULT '0',
  PRIMARY KEY (`id`),
  UNIQUE KEY `craft_categorygroups_i18n_groupId_locale_unq_idx` (`groupId`,`locale`),
  KEY `craft_categorygroups_i18n_locale_fk` (`locale`)
) ENGINE=InnoDB AUTO_INCREMENT=10 DEFAULT CHARSET=utf8 COLLATE=utf8_unicode_ci;

--
-- Data for table `craft_categorygroups_i18n`
--

INSERT INTO `craft_categorygroups_i18n` (`id`, `groupId`, `locale`, `urlFormat`, `nestedUrlFormat`, `dateCreated`, `dateUpdated`, `uid`) VALUES
 ('2', '2', 'en_us', 'water-access/{slug}', '{parent.uri}/{slug}', '2017-09-08 20:34:03', '2017-09-08 20:34:03', 'd1d05163-81ef-44d7-b7e4-f1727bdd79a7'),
 ('3', '3', 'en_us', 'maintenance-level/{slug}', '{parent.uri}/{slug}', '2017-09-08 20:38:41', '2017-09-08 20:38:41', '842bd2f9-ce85-4859-a955-40ad91e27793'),
 ('4', '4', 'en_us', 'new-or-existing/{slug}', '{parent.uri}/{slug}', '2017-09-14 19:24:09', '2017-09-14 19:24:09', '8c230cab-0e9e-463e-93f8-d861d353d9ff'),
 ('5', '5', 'en_us', 'staff/{slug}', '{parent.uri}/{slug}', '2017-10-30 18:09:47', '2017-10-30 18:09:47', 'f9f3047e-c7a7-4830-9d4d-dae8aa3edb65'),
 ('6', '6', 'en_us', 'knowledge-level/{slug}', '{parent.uri}/{slug}', '2017-11-27 17:42:13', '2017-11-27 17:42:13', 'e0c55ad7-66d4-4a46-93ae-49fe1a81602a'),
 ('7', '7', 'en_us', 'audience/{slug}', '{parent.uri}/{slug}', '2017-11-27 18:58:10', '2017-11-27 18:58:10', 'f9d12b77-8250-4c97-a8dc-fd2c0a06fedc'),
 ('8', '8', 'en_us', 'field-type/{slug}', '{parent.uri}/{slug}', '2017-11-27 18:58:30', '2017-11-27 18:58:30', '63a557c1-2067-495f-a860-2b2cbae32b1c'),
 ('9', '9', 'en_us', 'employee-role/{slug}', '{parent.uri}/{slug}', '2018-01-17 17:43:27', '2018-01-17 17:43:27', 'ac101740-567c-4903-8006-90f6ff2ee094');



DROP TABLE IF EXISTS `craft_content`;


--
-- Schema for table `craft_content`
--
CREATE TABLE `craft_content` (
  `id` int(11) NOT NULL AUTO_INCREMENT,
  `elementId` int(11) NOT NULL,
  `locale` char(12) COLLATE utf8_unicode_ci NOT NULL,
  `title` varchar(255) COLLATE utf8_unicode_ci DEFAULT NULL,
  `field_body` text COLLATE utf8_unicode_ci,
  `field_maintenanceLevel` varchar(255) COLLATE utf8_unicode_ci DEFAULT NULL,
  `field_waterAccess` tinyint(1) unsigned NOT NULL DEFAULT '0',
  `field_profLevel` varchar(255) COLLATE utf8_unicode_ci DEFAULT NULL,
  `field_header` text COLLATE utf8_unicode_ci,
  `field_duraedgeadvantage` text COLLATE utf8_unicode_ci,
  `field_phoneNumber` text COLLATE utf8_unicode_ci,
  `field_address` text COLLATE utf8_unicode_ci,
  `field_headerTitle` text COLLATE utf8_unicode_ci,
  `field_customerService` text COLLATE utf8_unicode_ci,
  `field_customerServiceHours` text COLLATE utf8_unicode_ci,
  `field_fax` text COLLATE utf8_unicode_ci,
  `field_staffName` text COLLATE utf8_unicode_ci,
  `field_staffPosition` text COLLATE utf8_unicode_ci,
  `field_email` text COLLATE utf8_unicode_ci,
  `field_staffPhone` text COLLATE utf8_unicode_ci,
  `field_location` text COLLATE utf8_unicode_ci,
  `field_takeTheNextStep` text COLLATE utf8_unicode_ci,
  `field_faqTitle` text COLLATE utf8_unicode_ci,
  `field_videoLink` text COLLATE utf8_unicode_ci,
  `field_eventDate` datetime DEFAULT NULL,
  `field_callToAction` text COLLATE utf8_unicode_ci,
  `field_headline` text COLLATE utf8_unicode_ci,
  `field_subheadline` text COLLATE utf8_unicode_ci,
  `field_featuredContent` tinyint(1) unsigned NOT NULL DEFAULT '0',
  `field_address2` text COLLATE utf8_unicode_ci,
  `dateCreated` datetime NOT NULL,
  `dateUpdated` datetime NOT NULL,
  `uid` char(36) COLLATE utf8_unicode_ci NOT NULL DEFAULT '0',
  PRIMARY KEY (`id`),
  UNIQUE KEY `craft_content_elementId_locale_unq_idx` (`elementId`,`locale`),
  KEY `craft_content_title_idx` (`title`),
  KEY `craft_content_locale_fk` (`locale`)
) ENGINE=InnoDB AUTO_INCREMENT=61 DEFAULT CHARSET=utf8 COLLATE=utf8_unicode_ci;

--
-- Data for table `craft_content`
--

INSERT INTO `craft_content` (`id`, `elementId`, `locale`, `title`, `field_body`, `field_maintenanceLevel`, `field_waterAccess`, `field_profLevel`, `field_header`, `field_duraedgeadvantage`, `field_phoneNumber`, `field_address`, `field_headerTitle`, `field_customerService`, `field_customerServiceHours`, `field_fax`, `field_staffName`, `field_staffPosition`, `field_email`, `field_staffPhone`, `field_location`, `field_takeTheNextStep`, `field_faqTitle`, `field_videoLink`, `field_eventDate`, `field_callToAction`, `field_headline`, `field_subheadline`, `field_featuredContent`, `field_address2`, `dateCreated`, `dateUpdated`, `uid`) VALUES
 ('1', '1', 'en_us', NULL, NULL, NULL, '0', NULL, NULL, NULL, NULL, NULL, NULL, NULL, NULL, NULL, NULL, NULL, NULL, NULL, NULL, NULL, NULL, NULL, NULL, NULL, NULL, NULL, '0', NULL, '2017-09-05 17:18:00', '2017-09-05 17:18:00', 'b850abd5-7092-41a4-ac5d-1c8b66105fcb'),
 ('2', '2', 'en_us', 'Welcome to Duraedge.web!', '<p>It’s true, this site doesn’t have a whole lot of content yet, but don’t worry. Our web developers have just installed the CMS, and they’re setting things up for the content editors this very moment. Soon Duraedge.web will be an oasis of fresh perspectives, sharp analyses, and astute opinions that will keep you coming back again and again.</p>', NULL, '0', NULL, NULL, NULL, NULL, NULL, NULL, NULL, NULL, NULL, NULL, NULL, NULL, NULL, NULL, NULL, NULL, NULL, NULL, NULL, NULL, NULL, '0', NULL, '2017-09-05 17:18:02', '2017-09-05 17:18:02', 'cd4cfc85-0e1c-4d12-a2da-c3e46025f5fc'),
 ('3', '3', 'en_us', 'We just installed Craft!', '<p>Craft is the CMS that’s powering Duraedge.web. It’s beautiful, powerful, flexible, and easy-to-use, and it’s made by Pixel &amp; Tonic. We can’t wait to dive in and see what it’s capable of!</p><!--pagebreak--><p>This is even more captivating content, which you couldn’t see on the News index page because it was entered after a Page Break, and the News index template only likes to show the content on the first page.</p><p>Craft: a nice alternative to Word, if you’re making a website.</p>', NULL, '0', NULL, NULL, NULL, NULL, NULL, NULL, NULL, NULL, NULL, NULL, NULL, NULL, NULL, NULL, NULL, NULL, NULL, NULL, NULL, NULL, NULL, '0', NULL, '2017-09-05 17:18:02', '2017-09-05 17:18:02', '3688d0e6-14e3-48b1-af90-311abdc0c737'),
 ('4', '4', 'en_us', 'Products', '<p>Here is information about the limited product. <strong>Lorem Ipsum</strong> is simply dummy text of the printing and typesetting industry. Lorem Ipsum has been the industry\'s standard dummy text ever since the 1500s, when an unknown printer took a galley of type and scrambled it to make a type specimen book. It has</p>', 'limited', '0', 'recreational', NULL, NULL, NULL, NULL, NULL, NULL, NULL, NULL, NULL, NULL, NULL, NULL, NULL, NULL, NULL, NULL, NULL, NULL, NULL, NULL, '0', NULL, '2017-09-05 17:29:46', '2017-11-20 19:07:18', 'c3a60c2f-5061-45f4-9992-c88a3f90f4e2'),
 ('7', '7', 'en_us', 'ddd', 'wefsdf', NULL, '0', NULL, NULL, NULL, NULL, NULL, NULL, NULL, NULL, NULL, NULL, NULL, NULL, NULL, NULL, NULL, NULL, NULL, NULL, NULL, NULL, NULL, '0', NULL, '2017-09-05 18:15:40', '2017-09-05 18:15:40', 'acc198d9-c22a-4a9a-96d7-a92ff9eada04'),
 ('8', '8', 'en_us', 'ddd', '333', NULL, '0', NULL, NULL, NULL, NULL, NULL, NULL, NULL, NULL, NULL, NULL, NULL, NULL, NULL, NULL, NULL, NULL, NULL, NULL, NULL, NULL, NULL, '0', NULL, '2017-09-05 18:16:53', '2017-09-05 18:16:53', '52fafe2f-ea49-4ec4-8101-2e3e1b3ded6e'),
 ('10', '10', 'en_us', 'Has Water', NULL, NULL, '0', NULL, NULL, NULL, NULL, NULL, NULL, NULL, NULL, NULL, NULL, NULL, NULL, NULL, NULL, NULL, NULL, NULL, NULL, NULL, NULL, NULL, '0', NULL, '2017-09-08 20:34:42', '2017-09-08 20:34:42', '3e8ed6f0-f85e-4b3e-9562-6a39a9ec7fca'),
 ('11', '11', 'en_us', 'No Water', NULL, NULL, '0', NULL, NULL, NULL, NULL, NULL, NULL, NULL, NULL, NULL, NULL, NULL, NULL, NULL, NULL, NULL, NULL, NULL, NULL, NULL, NULL, NULL, '0', NULL, '2017-09-08 20:34:51', '2017-09-08 20:34:51', '7bc10867-e927-4716-ae7c-b106c628a3eb'),
 ('12', '12', 'en_us', 'Light', NULL, NULL, '0', NULL, NULL, NULL, NULL, NULL, NULL, NULL, NULL, NULL, NULL, NULL, NULL, NULL, NULL, NULL, NULL, NULL, NULL, NULL, NULL, NULL, '0', NULL, '2017-09-08 20:38:50', '2017-09-08 20:38:50', '9d01f8bc-577f-4827-b4f6-130fd3d63e24'),
 ('13', '13', 'en_us', 'Moderate', NULL, NULL, '0', NULL, NULL, NULL, NULL, NULL, NULL, NULL, NULL, NULL, NULL, NULL, NULL, NULL, NULL, NULL, NULL, NULL, NULL, NULL, NULL, NULL, '0', NULL, '2017-09-08 20:38:55', '2017-09-08 20:38:55', 'b0ce18c1-eae6-43fe-8e23-e37f5b3fc707'),
 ('14', '14', 'en_us', 'Heavy', NULL, NULL, '0', NULL, NULL, NULL, NULL, NULL, NULL, NULL, NULL, NULL, NULL, NULL, NULL, NULL, NULL, NULL, NULL, NULL, NULL, NULL, NULL, NULL, '0', NULL, '2017-09-08 20:39:00', '2017-09-08 20:39:00', '48cc367a-a3ff-4486-b61a-eb7886f97d1a'),
 ('16', '16', 'en_us', 'New', NULL, NULL, '0', NULL, NULL, NULL, NULL, NULL, NULL, NULL, NULL, NULL, NULL, NULL, NULL, NULL, NULL, NULL, NULL, NULL, NULL, NULL, NULL, NULL, '0', NULL, '2017-09-14 19:24:19', '2017-09-14 19:24:21', 'cc7cde8c-3c14-4d4e-9e7a-23c2796c8234'),
 ('17', '17', 'en_us', 'Existing', NULL, NULL, '0', NULL, NULL, NULL, NULL, NULL, NULL, NULL, NULL, NULL, NULL, NULL, NULL, NULL, NULL, NULL, NULL, NULL, NULL, NULL, NULL, NULL, '0', NULL, '2017-09-14 19:24:25', '2017-09-14 19:24:25', '16882545-3a0d-4ff0-9cc3-db2ca814a8d0'),
 ('19', '19', 'en_us', 'My soil is dry', '<p>1</p>', NULL, '0', NULL, NULL, NULL, NULL, NULL, NULL, NULL, NULL, NULL, NULL, NULL, NULL, NULL, NULL, NULL, NULL, NULL, NULL, NULL, NULL, NULL, '0', NULL, '2017-09-19 19:34:04', '2017-11-29 18:14:02', '71f6675a-4612-43e4-9dbf-82aae17d4e10'),
 ('20', '20', 'en_us', 'My soil has rocks in it', '<p>1 2</p>', NULL, '0', NULL, NULL, NULL, NULL, NULL, NULL, NULL, NULL, NULL, NULL, NULL, NULL, NULL, NULL, NULL, NULL, NULL, NULL, NULL, NULL, NULL, '0', NULL, '2017-09-19 19:34:14', '2017-11-29 18:14:02', '470108c8-3180-4688-8483-0404243bee61'),
 ('21', '21', 'en_us', '1', '<p>1</p>', NULL, '0', NULL, NULL, NULL, NULL, NULL, NULL, NULL, NULL, NULL, NULL, NULL, NULL, NULL, NULL, NULL, NULL, NULL, NULL, NULL, NULL, NULL, '0', NULL, '2017-09-19 19:40:46', '2017-11-29 18:14:02', '58577195-7c42-4de9-bbf2-022fded4bbf4'),
 ('22', '22', 'en_us', 'About DuraEdge', '<p>Lorem ipsum dolor sit amet, consectetuer adipiscing elit. Aenean commodo ligula eget dolor. Aenean massa. Cum sociis natoque penatibus et magnis dis parturient montes, nascetur ridiculus mus.</p>', NULL, '0', NULL, 'Lorem ipsum dolor sit amet, consectetuer adipiscing elit. Aenean commodo ligula eget dolor. Aenean massa. Cum sociis natoque penatibus et magnis dis parturient montes, nascetur ridiculus mus.', 'Lorem ipsum dolor sit amet, consectetuer adipiscing elit. Aenean commodo ligula eget dolor. Aenean massa. Cum sociis natoque penatibus et magnis dis parturient montes, nascetur ridiculus mus.', NULL, NULL, NULL, NULL, NULL, NULL, NULL, NULL, NULL, NULL, NULL, NULL, NULL, NULL, NULL, NULL, NULL, NULL, '0', NULL, '2017-10-23 19:16:05', '2017-10-30 18:07:27', '7f2928e5-ca8e-4c2e-96c2-2d9a4a407efe'),
 ('23', '23', 'en_us', NULL, NULL, NULL, '0', NULL, NULL, NULL, NULL, NULL, 'DuraEdge', NULL, NULL, NULL, NULL, NULL, NULL, NULL, NULL, NULL, NULL, NULL, NULL, NULL, NULL, NULL, '0', NULL, '2017-10-27 17:30:59', '2018-01-19 19:34:05', '26f44dca-2c7b-4e8f-a0c9-2ae8c76b0e95'),
 ('24', '24', 'en_us', NULL, NULL, NULL, '0', NULL, NULL, NULL, '(866) 867-0052', '4783 Harlansburg Rd, ', 'DuraEdge', 'Customer Service Center M-F', '7:00 am - 4:30 pm (CST)', '608-836-072', NULL, NULL, NULL, NULL, NULL, 'http://duraedge.web/', NULL, NULL, NULL, NULL, NULL, NULL, '0', 'Slippery Rock, PA 16057', '2017-10-27 17:31:05', '2018-01-24 15:36:57', 'd4248f68-2d45-468a-85ee-80f41fc47fd8'),
 ('26', '28', 'en_us', 'Executive', NULL, NULL, '0', NULL, NULL, NULL, NULL, NULL, NULL, NULL, NULL, NULL, NULL, NULL, NULL, NULL, NULL, NULL, NULL, NULL, NULL, NULL, NULL, NULL, '0', NULL, '2017-10-30 18:10:01', '2017-10-30 18:10:01', '006ef664-95d2-4503-9d6d-4e19a182a243'),
 ('27', '29', 'en_us', 'Regular', NULL, NULL, '0', NULL, NULL, NULL, NULL, NULL, NULL, NULL, NULL, NULL, NULL, NULL, NULL, NULL, NULL, NULL, NULL, NULL, NULL, NULL, NULL, NULL, '0', NULL, '2017-10-30 18:10:05', '2017-10-30 18:10:10', 'ab57be12-0a2d-4a02-9c38-29a6ab3b9fc1'),
 ('28', '30', 'en_us', 'Jon Smith', NULL, NULL, '0', NULL, NULL, NULL, NULL, NULL, NULL, NULL, NULL, NULL, NULL, 'Project Manager', 'jon@duraedge.com', '777-777-7777', NULL, NULL, NULL, NULL, NULL, NULL, NULL, NULL, '0', NULL, '2017-10-30 18:25:06', '2017-10-30 18:26:23', '62fbd3bb-84c7-49f1-a1ca-aaba420479f5'),
 ('29', '31', 'en_us', 'Steve Smith', NULL, NULL, '0', NULL, NULL, NULL, NULL, NULL, NULL, NULL, NULL, NULL, NULL, 'CEO', 'steve@duraedge.com', '88-888-8888', NULL, NULL, NULL, NULL, NULL, NULL, NULL, NULL, '0', NULL, '2017-10-30 18:26:58', '2017-10-30 18:26:58', '6a17f6e6-5e06-47c5-a529-e600aa413ce3'),
 ('30', '32', 'en_us', 'Contact DuraEdge', NULL, NULL, '0', NULL, NULL, NULL, NULL, NULL, NULL, NULL, NULL, NULL, NULL, NULL, NULL, NULL, NULL, NULL, NULL, NULL, NULL, NULL, NULL, NULL, '0', NULL, '2017-11-13 17:03:36', '2017-11-13 17:03:36', '5e30c6f2-b3da-406b-9d54-57b8a9e33d72'),
 ('31', '33', 'en_us', 'Why DuraEdge', '<p><strong>Lorem Ipsum</strong> is simply dummy text of the printing and typesetting industry. Lorem Ipsum has been the industry\'s standard dummy text ever since the 1500s, when an unknown printer took a galley of type and scrambled it to make a type specimen book. It has survived not only five centuries, but also the leap into electronic typesetting, remaining essentially unchanged. It was popularised in the 1960s with the release of Letraset sheets containing Lorem Ipsum passages, and more recently with desktop publishing software like Aldus PageMaker including versions of Lorem Ipsum</p>', NULL, '0', NULL, NULL, NULL, NULL, NULL, NULL, NULL, NULL, NULL, NULL, NULL, NULL, NULL, NULL, NULL, NULL, NULL, NULL, NULL, NULL, NULL, '0', NULL, '2017-11-13 17:13:46', '2018-01-31 18:57:58', '19d3cb20-2947-4cbb-87c8-d993823cb77f'),
 ('32', '34', 'en_us', 'Find a Distributor', NULL, NULL, '0', NULL, NULL, NULL, NULL, NULL, NULL, NULL, NULL, NULL, NULL, NULL, NULL, NULL, NULL, NULL, NULL, NULL, NULL, NULL, NULL, NULL, '0', NULL, '2017-11-13 17:58:57', '2017-11-13 17:58:58', '7b10cfd4-d2c5-481d-9367-75df0377d73f'),
 ('33', '36', 'en_us', 'Basic', NULL, NULL, '0', NULL, NULL, NULL, NULL, NULL, NULL, NULL, NULL, NULL, NULL, NULL, NULL, NULL, NULL, NULL, NULL, NULL, NULL, NULL, NULL, NULL, '0', NULL, '2017-11-27 17:42:20', '2017-11-27 17:42:20', '58a549d2-996e-40c9-b1af-ac54080afa7a'),
 ('34', '37', 'en_us', 'Intermediate', NULL, NULL, '0', NULL, NULL, NULL, NULL, NULL, NULL, NULL, NULL, NULL, NULL, NULL, NULL, NULL, NULL, NULL, NULL, NULL, NULL, NULL, NULL, NULL, '0', NULL, '2017-11-27 17:42:25', '2017-11-27 17:42:25', '456146e1-e444-4f0a-8a06-65eca162fc8b'),
 ('35', '38', 'en_us', 'Advanced', NULL, NULL, '0', NULL, NULL, NULL, NULL, NULL, NULL, NULL, NULL, NULL, NULL, NULL, NULL, NULL, NULL, NULL, NULL, NULL, NULL, NULL, NULL, NULL, '0', NULL, '2017-11-27 17:42:30', '2017-11-27 17:42:30', 'f56b6846-9a59-4e24-b08e-25b6d14d250d'),
 ('36', '39', 'en_us', 'Field Maintenance', 'About DuraEdge Lorem ipsum dolor sit amet, consectetuer adipiscing elit. Aenean commodo ligula eget dolor. Aenean massa. Cum sociis natoque penatibus et magnis dis parturient montes, nascetur ridiculus mus. Lorem ipsum dolor sit amet, consectetuer adipiscing elit. Aenean commodo ligula eget dolor. Aenean massa. Cum sociis natoque penatibus et magnis dis parturient montes, nascetur ridiculus mus.', NULL, '0', NULL, NULL, NULL, NULL, NULL, NULL, NULL, NULL, NULL, NULL, NULL, NULL, NULL, NULL, NULL, NULL, NULL, NULL, NULL, NULL, NULL, '0', NULL, '2017-11-27 17:50:32', '2017-11-29 18:00:17', '893e475c-2bcb-44a7-919d-06b45fa83bf0'),
 ('37', '40', 'en_us', 'Groundskeeper', NULL, NULL, '0', NULL, NULL, NULL, NULL, NULL, NULL, NULL, NULL, NULL, NULL, NULL, NULL, NULL, NULL, NULL, NULL, NULL, NULL, NULL, NULL, NULL, '0', NULL, '2017-11-27 18:58:56', '2017-11-27 18:58:56', 'ea3e4767-f078-48d0-99c7-a5f95928a69f'),
 ('38', '41', 'en_us', 'Coach', NULL, NULL, '0', NULL, NULL, NULL, NULL, NULL, NULL, NULL, NULL, NULL, NULL, NULL, NULL, NULL, NULL, NULL, NULL, NULL, NULL, NULL, NULL, NULL, '0', NULL, '2017-11-27 18:59:05', '2017-11-27 18:59:05', 'fc11bee3-ef46-4a5a-8e08-e5633dce52a0'),
 ('39', '42', 'en_us', 'Athletic Director', NULL, NULL, '0', NULL, NULL, NULL, NULL, NULL, NULL, NULL, NULL, NULL, NULL, NULL, NULL, NULL, NULL, NULL, NULL, NULL, NULL, NULL, NULL, NULL, '0', NULL, '2017-11-27 18:59:13', '2017-11-27 18:59:13', '769f3cfd-af14-47f4-b367-198c987eddd9'),
 ('40', '43', 'en_us', 'Professional', NULL, NULL, '0', NULL, NULL, NULL, NULL, NULL, NULL, NULL, NULL, NULL, NULL, NULL, NULL, NULL, NULL, NULL, NULL, NULL, NULL, NULL, NULL, NULL, '0', NULL, '2017-11-27 18:59:31', '2017-11-27 18:59:31', 'b95159e0-4301-40ee-836a-ce8f43cb4fde'),
 ('41', '44', 'en_us', 'Collegiate', NULL, NULL, '0', NULL, NULL, NULL, NULL, NULL, NULL, NULL, NULL, NULL, NULL, NULL, NULL, NULL, NULL, NULL, NULL, NULL, NULL, NULL, NULL, NULL, '0', NULL, '2017-11-27 18:59:36', '2017-11-27 18:59:36', '63262651-1ca7-48f1-86f0-ce225ff6393d'),
 ('42', '45', 'en_us', 'Recreational', NULL, NULL, '0', NULL, NULL, NULL, NULL, NULL, NULL, NULL, NULL, NULL, NULL, NULL, NULL, NULL, NULL, NULL, NULL, NULL, NULL, NULL, NULL, NULL, '0', NULL, '2017-11-27 18:59:41', '2017-11-27 18:59:41', '8e60df7e-d34f-4101-a0af-0fbd5a6c16c0'),
 ('43', '46', 'en_us', 'Blog Post 1', '<p>Lorem ipsum dolor sit amet, consectetuer adipiscing elit. Aenean commodo ligula eget dolor.</p>', NULL, '0', NULL, NULL, NULL, NULL, NULL, NULL, NULL, NULL, NULL, NULL, NULL, NULL, NULL, NULL, NULL, NULL, '', NULL, NULL, NULL, NULL, '0', NULL, '2017-11-27 19:19:31', '2017-11-27 19:19:31', '04e5ddd1-68de-444f-aa3c-55b5c104748d'),
 ('44', '47', 'en_us', 'Blog Post 2', '<p>About DuraEdge Lorem ipsum dolor sit amet, consectetuer adipiscing elit. Aenean commodo ligula eget dolor. Aenean massa. Cum sociis natoque penatibus et magnis dis parturient montes, nascetur ridiculus mus. Lorem ipsum dolor sit amet, consectetuer adipiscing elit. Aenean commodo ligula eget dolor. Aenean massa. Cum sociis natoque penatibus et magnis dis parturient montes, nascetur ridiculus mus.</p>', NULL, '0', NULL, NULL, NULL, NULL, NULL, NULL, NULL, NULL, NULL, NULL, NULL, NULL, NULL, NULL, NULL, NULL, '', NULL, NULL, NULL, NULL, '0', NULL, '2017-11-27 19:19:50', '2017-11-27 19:27:38', '119b8aaa-8918-4fc2-b75b-d2fc0356fd9c'),
 ('45', '48', 'en_us', 'Certification Programs', NULL, NULL, '0', NULL, NULL, NULL, NULL, NULL, NULL, NULL, NULL, NULL, NULL, NULL, NULL, NULL, NULL, NULL, NULL, NULL, NULL, NULL, NULL, NULL, '0', NULL, '2017-11-27 19:30:34', '2017-11-27 19:31:24', '0f675ebc-2d99-410b-9962-4e78732e4d9d'),
 ('46', '49', 'en_us', 'Event 1', '<p>More information about this event </p>', NULL, '0', NULL, 'Some info about this event ', NULL, NULL, NULL, NULL, NULL, NULL, NULL, NULL, NULL, NULL, NULL, NULL, NULL, NULL, NULL, '2017-12-20 00:00:00', NULL, NULL, NULL, '0', NULL, '2017-12-04 17:53:22', '2017-12-04 17:58:13', 'a0e90276-4f27-4a1f-b61d-b7229442aefe'),
 ('47', '50', 'en_us', 'Event 2', '<p>More information here</p>', NULL, '0', NULL, 'Some information here', NULL, NULL, NULL, NULL, NULL, NULL, NULL, NULL, NULL, NULL, NULL, NULL, NULL, NULL, NULL, '2018-01-10 00:00:00', NULL, NULL, NULL, '0', NULL, '2017-12-04 17:58:37', '2017-12-04 17:58:37', '95c568c2-ca9a-4d31-8429-c2499f495316'),
 ('48', '51', 'en_us', 'Event 3', '<p>Some more info</p>', NULL, '0', NULL, 'Some info ', NULL, NULL, NULL, NULL, NULL, NULL, NULL, NULL, NULL, NULL, NULL, NULL, NULL, NULL, NULL, '2018-01-03 00:00:00', NULL, NULL, NULL, '0', NULL, '2017-12-04 18:03:15', '2017-12-04 18:03:15', 'c9562524-f7aa-493d-ad7d-f7da598299ff'),
 ('49', '52', 'en_us', 'Event 4', '<p>This event shouldn\'t show up </p>', NULL, '0', NULL, 'This event shouldn\'t show up ', NULL, NULL, NULL, NULL, NULL, NULL, NULL, NULL, NULL, NULL, NULL, NULL, NULL, NULL, NULL, '2017-11-01 00:00:00', NULL, NULL, NULL, '0', NULL, '2017-12-04 18:04:06', '2017-12-04 18:04:06', '58b4f61d-452a-4197-8a21-e203e2707240'),
 ('50', '53', 'en_us', 'Event 5', '<p>This event shouldn\'t show up </p>', NULL, '0', NULL, 'This event shouldn\'t show up ', NULL, NULL, NULL, NULL, NULL, NULL, NULL, NULL, NULL, NULL, NULL, NULL, NULL, NULL, NULL, '2018-01-18 00:00:00', NULL, NULL, NULL, '0', NULL, '2017-12-04 18:04:35', '2017-12-04 18:04:35', '6af0430a-70a8-49b7-9cad-e60d345591ca'),
 ('51', '54', 'en_us', 'Architects', NULL, NULL, '0', NULL, NULL, NULL, NULL, NULL, NULL, NULL, NULL, NULL, NULL, NULL, NULL, NULL, NULL, NULL, NULL, NULL, NULL, NULL, NULL, NULL, '0', NULL, '2017-12-06 16:45:27', '2017-12-06 16:45:27', 'f479e0a2-0e18-4aae-9868-0762bd0332a8'),
 ('52', '55', 'en_us', 'Dura Edge Wordmark', NULL, NULL, '0', NULL, NULL, NULL, NULL, NULL, NULL, NULL, NULL, NULL, NULL, NULL, NULL, NULL, NULL, NULL, NULL, NULL, NULL, NULL, NULL, NULL, '0', NULL, '2017-12-08 19:12:16', '2017-12-08 19:12:16', '55c27e21-8254-4288-ab84-84c43af4f188'),
 ('53', '56', 'en_us', 'Dura Edge Wordmark', NULL, NULL, '0', NULL, NULL, NULL, NULL, NULL, NULL, NULL, NULL, NULL, NULL, NULL, NULL, NULL, NULL, NULL, NULL, NULL, NULL, NULL, NULL, NULL, '0', NULL, '2017-12-08 19:33:52', '2017-12-08 19:33:52', '1d34f878-3957-4170-b988-3b0d1f5a7aaf'),
 ('54', '57', 'en_us', 'Dura Edge Wordmark', NULL, NULL, '0', NULL, NULL, NULL, NULL, NULL, NULL, NULL, NULL, NULL, NULL, NULL, NULL, NULL, NULL, NULL, NULL, NULL, NULL, NULL, NULL, NULL, '0', NULL, '2017-12-08 19:39:01', '2017-12-08 19:39:01', 'e9dca2fd-e58c-4b33-860c-f005a033fd43'),
 ('55', '58', 'en_us', 'Baseball', NULL, NULL, '0', NULL, NULL, NULL, NULL, NULL, NULL, NULL, NULL, NULL, NULL, NULL, NULL, NULL, NULL, NULL, NULL, NULL, NULL, NULL, NULL, NULL, '0', NULL, '2017-12-13 19:08:23', '2017-12-13 19:08:23', 'e10adb15-53eb-4973-a3ae-34fade4fab37'),
 ('56', '62', 'en_us', 'Distributor', NULL, NULL, '0', NULL, NULL, NULL, NULL, NULL, NULL, NULL, NULL, NULL, NULL, NULL, NULL, NULL, NULL, NULL, NULL, NULL, NULL, NULL, NULL, NULL, '0', NULL, '2018-01-17 17:43:45', '2018-01-17 17:43:45', '62e952fa-bb1a-4717-9da8-513c468547df'),
 ('57', '63', 'en_us', 'Installer', NULL, NULL, '0', NULL, NULL, NULL, NULL, NULL, NULL, NULL, NULL, NULL, NULL, NULL, NULL, NULL, NULL, NULL, NULL, NULL, NULL, NULL, NULL, NULL, '0', NULL, '2018-01-17 17:43:50', '2018-01-17 17:43:50', '120a6913-6a9a-45c8-9f71-5ce88bbc4e96'),
 ('58', '64', 'en_us', 'Artboard 2', NULL, NULL, '0', NULL, NULL, NULL, NULL, NULL, NULL, NULL, NULL, NULL, NULL, NULL, NULL, NULL, NULL, NULL, NULL, NULL, NULL, NULL, NULL, NULL, '0', NULL, '2018-01-19 19:34:02', '2018-01-19 19:34:02', '3fc80fbf-5657-4da0-b36e-4aa5cfaf4d86'),
 ('59', '65', 'en_us', 'Pittsburgh Pirates', NULL, NULL, '0', NULL, NULL, NULL, '412-111-2222', NULL, 'Professional Field', NULL, NULL, NULL, NULL, NULL, 'parrot@pittsburghpirates.com', NULL, 'PNC Park, Pittsburgh PA', NULL, NULL, NULL, NULL, NULL, NULL, NULL, '0', NULL, '2018-01-26 16:57:00', '2018-01-31 18:03:51', '42fd3f1d-2d44-4f37-a17f-51a60775e67a'),
 ('60', '66', 'en_us', 'Pittsburgh Pirates Pnc Park Field View From Seats', NULL, NULL, '0', NULL, NULL, NULL, NULL, NULL, NULL, NULL, NULL, NULL, NULL, NULL, NULL, NULL, NULL, NULL, NULL, NULL, NULL, NULL, NULL, NULL, '0', NULL, '2018-01-26 17:02:49', '2018-01-26 17:02:49', '84726951-a28d-4306-8f69-f13359e22e45');



DROP TABLE IF EXISTS `craft_deprecationerrors`;


--
-- Schema for table `craft_deprecationerrors`
--
CREATE TABLE `craft_deprecationerrors` (
  `id` int(11) NOT NULL AUTO_INCREMENT,
  `key` varchar(255) COLLATE utf8_unicode_ci NOT NULL,
  `fingerprint` varchar(255) COLLATE utf8_unicode_ci NOT NULL,
  `lastOccurrence` datetime NOT NULL,
  `file` varchar(255) COLLATE utf8_unicode_ci NOT NULL,
  `line` smallint(6) unsigned NOT NULL,
  `class` varchar(255) COLLATE utf8_unicode_ci DEFAULT NULL,
  `method` varchar(255) COLLATE utf8_unicode_ci DEFAULT NULL,
  `template` varchar(255) COLLATE utf8_unicode_ci DEFAULT NULL,
  `templateLine` smallint(6) unsigned DEFAULT NULL,
  `message` varchar(255) COLLATE utf8_unicode_ci DEFAULT NULL,
  `traces` text COLLATE utf8_unicode_ci,
  `dateCreated` datetime NOT NULL,
  `dateUpdated` datetime NOT NULL,
  `uid` char(36) COLLATE utf8_unicode_ci NOT NULL DEFAULT '0',
  PRIMARY KEY (`id`),
  UNIQUE KEY `craft_deprecationerrors_key_fingerprint_unq_idx` (`key`,`fingerprint`)
) ENGINE=InnoDB DEFAULT CHARSET=utf8 COLLATE=utf8_unicode_ci;

DROP TABLE IF EXISTS `craft_elementindexsettings`;


--
-- Schema for table `craft_elementindexsettings`
--
CREATE TABLE `craft_elementindexsettings` (
  `id` int(11) NOT NULL AUTO_INCREMENT,
  `type` varchar(150) COLLATE utf8_unicode_ci NOT NULL,
  `settings` text COLLATE utf8_unicode_ci,
  `dateCreated` datetime NOT NULL,
  `dateUpdated` datetime NOT NULL,
  `uid` char(36) COLLATE utf8_unicode_ci NOT NULL DEFAULT '0',
  PRIMARY KEY (`id`),
  UNIQUE KEY `craft_elementindexsettings_type_unq_idx` (`type`)
) ENGINE=InnoDB DEFAULT CHARSET=utf8 COLLATE=utf8_unicode_ci;

DROP TABLE IF EXISTS `craft_elements`;


--
-- Schema for table `craft_elements`
--
CREATE TABLE `craft_elements` (
  `id` int(11) NOT NULL AUTO_INCREMENT,
  `type` varchar(150) COLLATE utf8_unicode_ci NOT NULL,
  `enabled` tinyint(1) unsigned NOT NULL DEFAULT '1',
  `archived` tinyint(1) unsigned NOT NULL DEFAULT '0',
  `dateCreated` datetime NOT NULL,
  `dateUpdated` datetime NOT NULL,
  `uid` char(36) COLLATE utf8_unicode_ci NOT NULL DEFAULT '0',
  PRIMARY KEY (`id`),
  KEY `craft_elements_type_idx` (`type`),
  KEY `craft_elements_enabled_idx` (`enabled`),
  KEY `craft_elements_archived_dateCreated_idx` (`archived`,`dateCreated`)
) ENGINE=InnoDB AUTO_INCREMENT=67 DEFAULT CHARSET=utf8 COLLATE=utf8_unicode_ci;

--
-- Data for table `craft_elements`
--

INSERT INTO `craft_elements` (`id`, `type`, `enabled`, `archived`, `dateCreated`, `dateUpdated`, `uid`) VALUES
 ('1', 'User', '1', '0', '2017-09-05 17:18:00', '2017-09-05 17:18:00', '77e4b48a-950d-4421-b158-94ec68fcb269'),
 ('2', 'Entry', '1', '0', '2017-09-05 17:18:02', '2017-09-05 17:18:02', '12c7acbb-dc08-4a33-97d3-98111c4c6e76'),
 ('3', 'Entry', '1', '0', '2017-09-05 17:18:02', '2017-09-05 17:18:02', '8f7d4912-17e8-4229-863a-5169eee7fcc8'),
 ('4', 'Entry', '1', '0', '2017-09-05 17:29:46', '2017-11-20 19:07:18', '6b840bb2-e2a6-418f-b7fc-c042ef0c4290'),
 ('7', 'Entry', '1', '0', '2017-09-05 18:15:40', '2017-09-05 18:15:40', 'b8c9d7cd-ac2c-4831-beb4-aa19aba1606c'),
 ('8', 'Entry', '0', '0', '2017-09-05 18:16:53', '2017-09-05 18:16:53', '21aa7472-ed02-4cb4-a9bc-ced34a88bbe5'),
 ('10', 'Category', '1', '0', '2017-09-08 20:34:42', '2017-09-08 20:34:42', '1637deec-db5d-4a1b-95c8-e5c30a8f68f6'),
 ('11', 'Category', '1', '0', '2017-09-08 20:34:51', '2017-09-08 20:34:51', '70129928-fe26-43e4-8477-a83a055f9bea'),
 ('12', 'Category', '1', '0', '2017-09-08 20:38:50', '2017-09-08 20:38:50', '3cb933c1-e3d8-48e0-a29b-417959543b36'),
 ('13', 'Category', '1', '0', '2017-09-08 20:38:55', '2017-09-08 20:38:55', 'ebacc7c3-3b49-4772-be5e-d5a3f97be813'),
 ('14', 'Category', '1', '0', '2017-09-08 20:39:00', '2017-09-08 20:39:00', '03446f46-33de-4ce0-91d9-f186b388cb36'),
 ('16', 'Category', '1', '0', '2017-09-14 19:24:19', '2017-09-14 19:24:21', 'a8aa6106-29c9-42bf-9135-94b3da8cb9a5'),
 ('17', 'Category', '1', '0', '2017-09-14 19:24:25', '2017-09-14 19:24:25', '495c136b-e220-4f17-b98c-28dea4bf7128'),
 ('19', 'Entry', '1', '0', '2017-09-19 19:34:04', '2017-11-29 18:14:02', 'c4be1460-a5e2-4839-a568-8877f4774d06'),
 ('20', 'Entry', '1', '0', '2017-09-19 19:34:14', '2017-11-29 18:14:02', '8ab76c42-18ca-4a77-9242-012124de6d7f'),
 ('21', 'Entry', '1', '0', '2017-09-19 19:40:46', '2017-11-29 18:14:02', 'b4ac832e-4320-4183-92ef-f89124a6ba8c'),
 ('22', 'Entry', '1', '0', '2017-10-23 19:16:05', '2017-10-30 18:07:27', '6fd44c8b-85a3-461c-9b6b-7bcfa2b3be8c'),
 ('23', 'GlobalSet', '1', '0', '2017-10-27 17:30:59', '2018-01-19 19:34:05', 'e7701a7f-94e1-446d-9ab6-5530a2e48371'),
 ('24', 'GlobalSet', '1', '0', '2017-10-27 17:31:05', '2018-01-24 15:36:57', '740de006-53d6-4730-a38a-1ef171f31540'),
 ('25', 'MatrixBlock', '1', '0', '2017-10-27 17:46:24', '2018-01-24 15:36:58', '9ffccda6-3b65-4da5-8443-136fd54eec9b'),
 ('26', 'MatrixBlock', '1', '0', '2017-10-30 17:57:44', '2018-01-24 15:36:58', '3d6bb6ed-b464-455d-b170-52d8217a6f62'),
 ('28', 'Category', '1', '0', '2017-10-30 18:10:01', '2017-10-30 18:10:01', '776c2b66-a93c-4ad9-84e8-ceddd9f0cbe2'),
 ('29', 'Category', '1', '0', '2017-10-30 18:10:05', '2017-10-30 18:10:10', '3e3ce844-3a65-4f18-b863-c18ad8266a62'),
 ('30', 'Entry', '1', '0', '2017-10-30 18:25:06', '2017-10-30 18:26:23', '0c88d7d0-ed80-49f1-9e39-2ce18bf8f086'),
 ('31', 'Entry', '1', '0', '2017-10-30 18:26:58', '2017-10-30 18:26:58', 'b3f92f19-4269-4c62-ba48-0ff8635e651c'),
 ('32', 'Entry', '1', '0', '2017-11-13 17:03:36', '2017-11-13 17:03:36', 'bf291f6b-9ab7-44b8-b5fa-da578daca866'),
 ('33', 'Entry', '1', '0', '2017-11-13 17:13:46', '2018-01-31 18:57:57', '13399dc8-fdf1-47b9-a943-3592bd51dcbe'),
 ('34', 'Entry', '1', '0', '2017-11-13 17:58:57', '2017-11-13 17:58:58', '3c4737eb-c9a3-4816-8d00-973564937110'),
 ('35', 'MatrixBlock', '1', '0', '2017-11-13 18:16:46', '2017-11-13 18:16:46', '19f3b015-3313-4d92-a6a1-d9d5269c2a1e'),
 ('36', 'Category', '1', '0', '2017-11-27 17:42:20', '2017-11-27 17:42:20', 'b0e03601-95b8-40b5-afda-3a79b84e3669'),
 ('37', 'Category', '1', '0', '2017-11-27 17:42:25', '2017-11-27 17:42:25', '5b1e31e7-d9f5-4daf-9b12-e2ec3ad56d6d'),
 ('38', 'Category', '1', '0', '2017-11-27 17:42:30', '2017-11-27 17:42:30', 'a81a8365-6a15-4672-80a6-636059c85fb0'),
 ('39', 'Entry', '1', '0', '2017-11-27 17:50:32', '2017-11-29 18:00:17', 'ffb70622-67e8-4b3a-9fd0-42d8e8ef2128'),
 ('40', 'Category', '1', '0', '2017-11-27 18:58:56', '2017-11-27 18:58:56', '2e3b9922-b941-4351-9698-2332c193c228'),
 ('41', 'Category', '1', '0', '2017-11-27 18:59:05', '2017-11-27 18:59:05', '40ccfe09-adfa-4457-88be-2d2e061bb84f'),
 ('42', 'Category', '1', '0', '2017-11-27 18:59:13', '2017-11-27 18:59:13', '9f4b95fd-76c2-40d7-bd99-0438666aa640'),
 ('43', 'Category', '1', '0', '2017-11-27 18:59:31', '2017-11-27 18:59:31', 'df718e98-cc7d-40d9-86db-003c37461620'),
 ('44', 'Category', '1', '0', '2017-11-27 18:59:36', '2017-11-27 18:59:36', 'f79418f5-b331-460b-b544-e203e07040e9'),
 ('45', 'Category', '1', '0', '2017-11-27 18:59:41', '2017-11-27 18:59:41', '1a724f3e-6ba7-4f05-92c1-74f961d49831'),
 ('46', 'Entry', '1', '0', '2017-11-27 19:19:31', '2017-11-27 19:19:31', 'f1a149dd-ac4f-416d-8c93-53f2bcf2548d'),
 ('47', 'Entry', '1', '0', '2017-11-27 19:19:50', '2017-11-27 19:27:38', '0e5ab7be-9c8c-4c09-b8b5-a6798e18510e'),
 ('48', 'Entry', '1', '0', '2017-11-27 19:30:34', '2017-11-27 19:31:24', 'df4119ff-47c5-4b1f-a291-79af161eb5db'),
 ('49', 'Entry', '1', '0', '2017-12-04 17:53:22', '2017-12-04 17:58:13', '5e2637cf-5718-4124-8115-203e5824bbe9'),
 ('50', 'Entry', '1', '0', '2017-12-04 17:58:37', '2017-12-04 17:58:37', '745a47c5-5028-4929-acf9-1ad96f301f31'),
 ('51', 'Entry', '1', '0', '2017-12-04 18:03:15', '2017-12-04 18:03:15', '1a073717-87c2-4cc8-a69a-2f187069aca6'),
 ('52', 'Entry', '1', '0', '2017-12-04 18:04:06', '2017-12-04 18:04:06', 'cde8e862-6643-4fc1-bc37-568046a41ff0'),
 ('53', 'Entry', '1', '0', '2017-12-04 18:04:35', '2017-12-04 18:04:35', '611176c8-0356-43cd-8d56-df7068531309'),
 ('54', 'Entry', '1', '0', '2017-12-06 16:45:27', '2017-12-06 16:45:27', '609ead80-4b57-48ec-adf3-3cee47080e79'),
 ('55', 'Asset', '1', '0', '2017-12-08 19:12:16', '2017-12-08 19:12:16', 'ae3d6809-dadd-4f14-8d6b-808412f89029'),
 ('56', 'Asset', '1', '0', '2017-12-08 19:33:52', '2017-12-08 19:33:52', '346da884-9c1a-478d-a618-218af5b6114f'),
 ('57', 'Asset', '1', '0', '2017-12-08 19:39:01', '2017-12-08 19:39:01', '86429e0b-6a3c-494a-93b4-e663cde308fc'),
 ('58', 'Asset', '1', '0', '2017-12-13 19:08:23', '2017-12-13 19:08:23', 'dcd55d2f-acee-4603-a984-4c80aea2656d'),
 ('59', 'MatrixBlock', '1', '0', '2017-12-13 19:21:46', '2018-01-24 15:36:58', '5fa7f009-4d38-45e7-9097-06af2de93d63'),
 ('60', 'MatrixBlock', '1', '0', '2017-12-13 19:21:46', '2018-01-24 15:36:58', 'fc859abf-6aaf-45d8-874a-f56cf950b6ae'),
 ('61', 'MatrixBlock', '1', '0', '2017-12-13 19:21:46', '2018-01-24 15:36:58', 'c3911145-faa3-4816-a749-683fe5458c31'),
 ('62', 'Category', '1', '0', '2018-01-17 17:43:45', '2018-01-17 17:43:45', 'ab900c3a-217c-4efb-b139-cb856d7c59e1'),
 ('63', 'Category', '1', '0', '2018-01-17 17:43:50', '2018-01-17 17:43:50', '09ecd34f-a5eb-4a21-9cbf-f1a70876d090'),
 ('64', 'Asset', '1', '0', '2018-01-19 19:34:02', '2018-01-19 19:34:02', 'cd149a13-1e33-43c0-a667-7c242da6ce02'),
 ('65', 'Entry', '1', '0', '2018-01-26 16:57:00', '2018-01-31 18:03:51', '119501d3-aa26-4e98-8cdc-b8ee44077c19'),
 ('66', 'Asset', '1', '0', '2018-01-26 17:02:49', '2018-01-26 17:02:49', 'fe20a28d-c26b-4a46-954c-da832fdf2beb');



DROP TABLE IF EXISTS `craft_elements_i18n`;


--
-- Schema for table `craft_elements_i18n`
--
CREATE TABLE `craft_elements_i18n` (
  `id` int(11) NOT NULL AUTO_INCREMENT,
  `elementId` int(11) NOT NULL,
  `locale` char(12) COLLATE utf8_unicode_ci NOT NULL,
  `slug` varchar(255) COLLATE utf8_unicode_ci DEFAULT NULL,
  `uri` varchar(255) COLLATE utf8_unicode_ci DEFAULT NULL,
  `enabled` tinyint(1) unsigned NOT NULL DEFAULT '1',
  `dateCreated` datetime NOT NULL,
  `dateUpdated` datetime NOT NULL,
  `uid` char(36) COLLATE utf8_unicode_ci NOT NULL DEFAULT '0',
  PRIMARY KEY (`id`),
  UNIQUE KEY `craft_elements_i18n_elementId_locale_unq_idx` (`elementId`,`locale`),
  UNIQUE KEY `craft_elements_i18n_uri_locale_unq_idx` (`uri`,`locale`),
  KEY `craft_elements_i18n_slug_locale_idx` (`slug`,`locale`),
  KEY `craft_elements_i18n_enabled_idx` (`enabled`),
  KEY `craft_elements_i18n_locale_fk` (`locale`)
) ENGINE=InnoDB AUTO_INCREMENT=67 DEFAULT CHARSET=utf8 COLLATE=utf8_unicode_ci;

--
-- Data for table `craft_elements_i18n`
--

INSERT INTO `craft_elements_i18n` (`id`, `elementId`, `locale`, `slug`, `uri`, `enabled`, `dateCreated`, `dateUpdated`, `uid`) VALUES
 ('1', '1', 'en_us', '', NULL, '1', '2017-09-05 17:18:00', '2017-09-05 17:18:00', '9e8db3bd-3eaf-4258-ab70-7e22f9f5e158'),
 ('2', '2', 'en_us', 'homepage', '__home__', '1', '2017-09-05 17:18:02', '2017-09-05 17:18:02', 'd6939418-7481-40b6-aa02-42ae648d440f'),
 ('3', '3', 'en_us', 'we-just-installed-craft', 'news/2017/we-just-installed-craft', '1', '2017-09-05 17:18:02', '2017-09-05 17:18:02', '85c51dcb-01e2-4273-bd0b-36b7deb5bc42'),
 ('4', '4', 'en_us', 'test-product', 'our_products', '1', '2017-09-05 17:29:46', '2017-11-20 19:07:18', 'e01d6a97-99f2-4cc5-8ef1-a9eeea047dc7'),
 ('7', '7', 'en_us', 'ddd', 'news/2017/ddd', '1', '2017-09-05 18:15:40', '2017-09-05 18:15:40', '77eecf45-db3a-4021-abf5-273ef66f0294'),
 ('8', '8', 'en_us', 'ddd', 'news//ddd', '1', '2017-09-05 18:16:53', '2017-09-05 18:16:53', '03b3bcd3-b7d2-49ee-9f9a-3fb700d52efd'),
 ('10', '10', 'en_us', 'has-water', 'water-access/has-water', '1', '2017-09-08 20:34:43', '2017-09-08 20:34:43', '0feef31f-15aa-43da-a3a0-dcebcaef1b19'),
 ('11', '11', 'en_us', 'no-water', 'water-access/no-water', '1', '2017-09-08 20:34:51', '2017-09-08 20:34:52', 'd70370ff-906f-4e16-abff-1dac96c115e8'),
 ('12', '12', 'en_us', 'light', 'maintenance-level/light', '1', '2017-09-08 20:38:50', '2017-09-08 20:38:50', '71a9af1b-43c5-4758-bc36-84c36c6ca7d1'),
 ('13', '13', 'en_us', 'moderate', 'maintenance-level/moderate', '1', '2017-09-08 20:38:55', '2017-09-08 20:38:55', '22fceb18-e67b-4e1b-81cb-2a2373a1c6e4'),
 ('14', '14', 'en_us', 'heavy', 'maintenance-level/heavy', '1', '2017-09-08 20:39:00', '2017-09-08 20:39:00', 'c69b31de-a067-42e5-b0b2-39e206f48b09'),
 ('16', '16', 'en_us', 'new', 'new-or-existing/new', '1', '2017-09-14 19:24:19', '2017-09-14 19:24:21', 'bf0d789d-859a-4eae-8d03-ea2bb360ae78'),
 ('17', '17', 'en_us', 'existing', 'new-or-existing/existing', '1', '2017-09-14 19:24:25', '2017-09-14 19:24:26', '1818e5fb-3235-48ba-9380-635705bf4e9f'),
 ('19', '19', 'en_us', 'my-soil-is-dry', 'faqs/my-soil-is-dry', '1', '2017-09-19 19:34:04', '2017-11-29 18:14:02', '75baae36-c4d3-4a24-8f58-833f83dd46d6'),
 ('20', '20', 'en_us', 'my-soil-sucks', 'faqs/my-soil-sucks', '1', '2017-09-19 19:34:14', '2017-11-29 18:14:02', 'f02b46c7-20c8-4d96-8bcb-a05dfb205421'),
 ('21', '21', 'en_us', '1', 'faqs/1', '1', '2017-09-19 19:40:46', '2017-11-29 18:14:02', '8498f283-efb6-4aab-928b-f9fb1edce042'),
 ('22', '22', 'en_us', 'about-duraedge', 'about-duraedge', '1', '2017-10-23 19:16:05', '2017-10-30 18:07:27', 'aae6b34a-d29e-41ce-a21c-70c1e9092c70'),
 ('23', '23', 'en_us', '', NULL, '1', '2017-10-27 17:30:59', '2018-01-19 19:34:05', 'ea311475-130a-46bc-a388-c6799b75b458'),
 ('24', '24', 'en_us', '', NULL, '1', '2017-10-27 17:31:05', '2018-01-24 15:36:58', '98e9bc26-9c66-4bbb-9a2e-42881fe11092'),
 ('25', '25', 'en_us', '', NULL, '1', '2017-10-27 17:46:24', '2018-01-24 15:36:58', '9ff7f966-56ff-4dce-a259-e8ce3da39736'),
 ('26', '26', 'en_us', '', NULL, '1', '2017-10-30 17:57:44', '2018-01-24 15:36:58', 'e444448c-45f1-4a4c-a7ae-b50724e8b820'),
 ('28', '28', 'en_us', 'executive', 'staff/executive', '1', '2017-10-30 18:10:01', '2017-10-30 18:10:02', '3e8638b2-7f81-4c8f-b591-9a7d549d58fd'),
 ('29', '29', 'en_us', 'staff', 'staff/staff', '1', '2017-10-30 18:10:05', '2017-10-30 18:10:11', '38501332-90fe-4093-b6d3-d9694136d107'),
 ('30', '30', 'en_us', 'jon-smith', 'staff/jon-smith', '1', '2017-10-30 18:25:07', '2017-10-30 18:26:23', '227fa93c-93a3-4929-92aa-85b092847155'),
 ('31', '31', 'en_us', 'steve-smith', 'staff/steve-smith', '1', '2017-10-30 18:26:58', '2017-10-30 18:26:58', 'ab38f10a-ec20-4c93-9524-b1048c4f76a3'),
 ('32', '32', 'en_us', 'contact-duraedge', 'contact-duraedge', '1', '2017-11-13 17:03:36', '2017-11-13 17:03:36', '39618ade-c1cd-4c5d-8cf4-4e95eeed0d50'),
 ('33', '33', 'en_us', 'why-duraedge', 'why-duraedge/', '1', '2017-11-13 17:13:46', '2018-01-31 18:57:58', 'c36746f6-c8b1-4237-b01a-f1661b126b2c'),
 ('34', '34', 'en_us', 'find-a-distributor', 'find-a-distributor', '1', '2017-11-13 17:58:57', '2017-11-13 17:58:58', '1d4a7f3d-fbc3-4981-802b-03ca12c6a737'),
 ('35', '35', 'en_us', '', NULL, '1', '2017-11-13 18:16:46', '2017-11-13 18:16:46', '3efc40f9-0594-479a-8348-4213155c48c6'),
 ('36', '36', 'en_us', 'basic', 'knowledge-level/basic', '1', '2017-11-27 17:42:20', '2017-11-27 17:42:21', 'f1c74480-d00f-498f-8f53-705158ed6657'),
 ('37', '37', 'en_us', 'intermediate', 'knowledge-level/intermediate', '1', '2017-11-27 17:42:25', '2017-11-27 17:42:26', '24d99482-bc89-4349-800e-7adbdf2a2ade'),
 ('38', '38', 'en_us', 'advanced', 'knowledge-level/advanced', '1', '2017-11-27 17:42:30', '2017-11-27 17:42:32', '84b6eeda-1b40-42da-b931-f821d9f5554d'),
 ('39', '39', 'en_us', 'field-maintainence', 'field-maintenance', '1', '2017-11-27 17:50:32', '2017-11-29 18:00:17', 'a76b659e-84ed-4554-8fbd-190c699bfb76'),
 ('40', '40', 'en_us', 'groundskeeper', 'audience/groundskeeper', '1', '2017-11-27 18:58:56', '2017-11-27 18:58:57', '2e4e8f44-9a4d-48e6-be09-1f56cef4987e'),
 ('41', '41', 'en_us', 'coach', 'audience/coach', '1', '2017-11-27 18:59:05', '2017-11-27 18:59:06', '2c2e262e-00e7-4cc5-ad36-afefe3fa895a'),
 ('42', '42', 'en_us', 'athletic-director', 'audience/athletic-director', '1', '2017-11-27 18:59:13', '2017-11-27 18:59:14', '4ca2e533-b070-463c-b0ca-f7f32025c755'),
 ('43', '43', 'en_us', 'professional', 'field-type/professional', '1', '2017-11-27 18:59:31', '2017-11-27 18:59:33', 'd8f9bf22-c538-40a9-9e4c-e3a9cad81cc5'),
 ('44', '44', 'en_us', 'collegiate', 'field-type/collegiate', '1', '2017-11-27 18:59:36', '2017-11-27 18:59:37', '4c81cfac-f00b-43a6-92ec-34cafea44de0'),
 ('45', '45', 'en_us', 'recreational', 'field-type/recreational', '1', '2017-11-27 18:59:41', '2017-11-27 18:59:42', 'c598f137-892d-44f1-826d-274b01e32eb9'),
 ('46', '46', 'en_us', 'blog-post-1', 'blog-posts/blog-post-1', '1', '2017-11-27 19:19:32', '2017-11-27 19:19:32', '1ea516b9-8a07-4cb5-8269-57f3e914134b'),
 ('47', '47', 'en_us', 'blog-post-2', 'blog-posts/blog-post-2', '1', '2017-11-27 19:19:50', '2017-11-27 19:27:38', '7b0515ca-9189-4bd8-bbf7-58fa569217fa'),
 ('48', '48', 'en_us', 'certification-programs', 'certification-programs', '1', '2017-11-27 19:30:34', '2017-11-27 19:31:24', '1aa4eb73-1aab-4f16-bf0f-d38b6017fd05'),
 ('49', '49', 'en_us', 'event-1', 'events/event-1', '1', '2017-12-04 17:53:22', '2017-12-04 17:58:13', '0e5c96a4-7ecb-49af-8aa6-f329f0831e8d'),
 ('50', '50', 'en_us', 'event-2', 'events/event-2', '1', '2017-12-04 17:58:37', '2017-12-04 17:58:37', '64264bf0-5444-4ef5-81c2-9a11c63ed96b'),
 ('51', '51', 'en_us', 'event-3', 'events/event-3', '1', '2017-12-04 18:03:15', '2017-12-04 18:03:15', 'a40548bf-62f9-4033-beab-6442820f0ab0'),
 ('52', '52', 'en_us', 'event-4', 'events/event-4', '1', '2017-12-04 18:04:06', '2017-12-04 18:04:06', 'd2e7995c-8ae3-40f4-92d1-a081ed8dda57'),
 ('53', '53', 'en_us', 'event-5', 'events/event-5', '1', '2017-12-04 18:04:35', '2017-12-04 18:04:35', '1c5cd34c-944d-4a0c-8426-2ecb73f0088e'),
 ('54', '54', 'en_us', 'architects', 'architects', '1', '2017-12-06 16:45:27', '2017-12-06 16:45:27', '5ddd4071-a0a8-4722-a186-7dad51be617b'),
 ('55', '55', 'en_us', 'dura-edge-wordmark', NULL, '1', '2017-12-08 19:12:16', '2017-12-08 19:12:16', 'ddcb41e9-29a8-468f-9c35-c5a0011fc1b6'),
 ('56', '56', 'en_us', 'dura-edge-wordmark', NULL, '1', '2017-12-08 19:33:52', '2017-12-08 19:33:52', '0da2a1ea-ed3d-4b73-b1fc-d941756d03c9'),
 ('57', '57', 'en_us', 'dura-edge-wordmark', NULL, '1', '2017-12-08 19:39:01', '2017-12-08 19:39:01', '443ffd7b-b41a-4344-9df3-7b1520499738'),
 ('58', '58', 'en_us', 'baseball', NULL, '1', '2017-12-13 19:08:23', '2017-12-13 19:08:23', 'ce225a7d-dbfe-4caa-acdc-27c20da491c8'),
 ('59', '59', 'en_us', '', NULL, '1', '2017-12-13 19:21:46', '2018-01-24 15:36:58', '674d69c3-e15d-4516-a257-bc752b8d90a3'),
 ('60', '60', 'en_us', '', NULL, '1', '2017-12-13 19:21:46', '2018-01-24 15:36:58', 'aad927d3-4640-439e-ade8-52983b2f39e9'),
 ('61', '61', 'en_us', '', NULL, '1', '2017-12-13 19:21:46', '2018-01-24 15:36:58', 'f122d32a-5140-47dc-a392-939ea3c2d863'),
 ('62', '62', 'en_us', 'distributor', 'employee-role/distributor', '1', '2018-01-17 17:43:45', '2018-01-17 17:43:47', 'baae392a-710f-42eb-878d-135d2efea73d'),
 ('63', '63', 'en_us', 'installer', 'employee-role/installer', '1', '2018-01-17 17:43:50', '2018-01-17 17:43:51', '89388704-8199-419d-8996-94773317d529'),
 ('64', '64', 'en_us', 'artboard-2', NULL, '1', '2018-01-19 19:34:02', '2018-01-19 19:34:02', 'e0bfac44-5672-4912-8517-7dead616717d'),
 ('65', '65', 'en_us', 'pittsburgh-pirates', 'current-customers/pittsburgh-pirates', '1', '2018-01-26 16:57:00', '2018-01-31 18:03:51', 'a8b26768-d447-455c-9bf9-992167623a69'),
 ('66', '66', 'en_us', 'pittsburgh-pirates-pnc-park-field-view-from-seats', NULL, '1', '2018-01-26 17:02:49', '2018-01-26 17:02:49', '854a3148-1a50-4828-a677-c92567305415');



DROP TABLE IF EXISTS `craft_emailmessages`;


--
-- Schema for table `craft_emailmessages`
--
CREATE TABLE `craft_emailmessages` (
  `id` int(11) NOT NULL AUTO_INCREMENT,
  `key` char(150) COLLATE utf8_unicode_ci NOT NULL,
  `locale` char(12) COLLATE utf8_unicode_ci NOT NULL,
  `subject` varchar(1000) COLLATE utf8_unicode_ci NOT NULL,
  `body` text COLLATE utf8_unicode_ci NOT NULL,
  `dateCreated` datetime NOT NULL,
  `dateUpdated` datetime NOT NULL,
  `uid` char(36) COLLATE utf8_unicode_ci NOT NULL DEFAULT '0',
  PRIMARY KEY (`id`),
  UNIQUE KEY `craft_emailmessages_key_locale_unq_idx` (`key`,`locale`),
  KEY `craft_emailmessages_locale_fk` (`locale`)
) ENGINE=InnoDB DEFAULT CHARSET=utf8 COLLATE=utf8_unicode_ci;

DROP TABLE IF EXISTS `craft_entries`;


--
-- Schema for table `craft_entries`
--
CREATE TABLE `craft_entries` (
  `id` int(11) NOT NULL,
  `sectionId` int(11) NOT NULL,
  `typeId` int(11) DEFAULT NULL,
  `authorId` int(11) DEFAULT NULL,
  `postDate` datetime DEFAULT NULL,
  `expiryDate` datetime DEFAULT NULL,
  `dateCreated` datetime NOT NULL,
  `dateUpdated` datetime NOT NULL,
  `uid` char(36) COLLATE utf8_unicode_ci NOT NULL DEFAULT '0',
  PRIMARY KEY (`id`),
  KEY `craft_entries_sectionId_idx` (`sectionId`),
  KEY `craft_entries_typeId_idx` (`typeId`),
  KEY `craft_entries_postDate_idx` (`postDate`),
  KEY `craft_entries_expiryDate_idx` (`expiryDate`),
  KEY `craft_entries_authorId_fk` (`authorId`)
) ENGINE=InnoDB DEFAULT CHARSET=utf8 COLLATE=utf8_unicode_ci;

--
-- Data for table `craft_entries`
--

INSERT INTO `craft_entries` (`id`, `sectionId`, `typeId`, `authorId`, `postDate`, `expiryDate`, `dateCreated`, `dateUpdated`, `uid`) VALUES
 ('2', '1', NULL, NULL, '2017-09-05 17:18:02', NULL, '2017-09-05 17:18:02', '2017-09-05 17:18:02', '4000e084-d9d3-4324-b3ae-6c5b4b1be14c'),
 ('3', '2', '2', '1', '2017-09-05 17:18:02', NULL, '2017-09-05 17:18:02', '2017-09-05 17:18:02', '00224e45-89bc-4e36-8d68-775f17346380'),
 ('4', '3', '3', NULL, '2017-11-20 19:07:17', NULL, '2017-09-05 17:29:46', '2017-11-20 19:07:17', 'b7725a53-79a4-4651-8ee0-10749da01396'),
 ('7', '2', '2', '1', '2017-09-05 18:15:40', NULL, '2017-09-05 18:15:40', '2017-09-05 18:15:40', '1792ac2e-b6e2-4e3f-9c55-a2cee9db3edd'),
 ('8', '2', '2', '1', NULL, NULL, '2017-09-05 18:16:53', '2017-09-05 18:16:53', '4f77eec0-8218-4eee-bb56-7269df604b10'),
 ('19', '4', '4', '1', '2017-09-19 19:34:00', NULL, '2017-09-19 19:34:04', '2017-09-19 19:39:55', '263f1c5a-63a7-4f98-be00-ca9d14102660'),
 ('20', '4', '4', '1', '2017-09-19 19:34:00', NULL, '2017-09-19 19:34:14', '2017-09-19 19:40:03', '1f59f5f1-04f5-4950-ba65-a77cb776d107'),
 ('21', '4', '4', '1', '2017-09-19 19:40:46', NULL, '2017-09-19 19:40:46', '2017-09-19 19:40:46', 'fd4405ad-5b0c-4a13-a755-0598d2a59286'),
 ('22', '5', '5', NULL, '2017-10-23 19:53:39', NULL, '2017-10-23 19:16:06', '2017-10-30 18:07:27', '495cd992-2606-4fa5-9a89-2202c0f31401'),
 ('30', '6', '6', '1', '2017-10-30 18:25:00', NULL, '2017-10-30 18:25:07', '2017-10-30 18:26:23', '7ab135d1-4999-42e3-bc07-d7e273b7b42d'),
 ('31', '6', '6', '1', '2017-10-30 18:26:58', NULL, '2017-10-30 18:26:58', '2017-10-30 18:26:58', '96a884a0-34c4-4e56-b37b-6e3a27248981'),
 ('32', '7', NULL, NULL, '2017-11-13 17:03:36', NULL, '2017-11-13 17:03:37', '2017-11-13 17:03:37', '2c3a4aca-b62a-42f8-a682-d6c421ccfc04'),
 ('33', '13', '13', NULL, '2018-01-31 18:57:56', NULL, '2017-11-13 17:13:47', '2018-01-31 18:57:56', '29735c82-d502-4a85-86ce-341ca893ec42'),
 ('34', '9', NULL, NULL, '2017-11-13 17:58:57', NULL, '2017-11-13 17:58:57', '2017-11-13 17:58:57', 'c1c29d73-1f34-4b7a-9501-92e06d116a0a'),
 ('39', '15', '15', NULL, '2017-11-27 19:15:11', NULL, '2017-11-27 17:50:32', '2017-11-29 18:00:17', '4467831b-9af1-40a3-8863-7c6a2a21d3f3'),
 ('46', '17', '17', '1', '2017-11-27 19:19:31', NULL, '2017-11-27 19:19:32', '2017-11-27 19:19:32', '7355d8f9-0ec4-45ce-a5ef-b5f12bbe5dc2'),
 ('47', '17', '17', '1', '2017-11-27 19:19:00', NULL, '2017-11-27 19:19:50', '2017-11-27 19:27:38', 'c611d27e-566c-4c8e-9d69-813c300961e9'),
 ('48', '18', NULL, NULL, '2017-11-27 19:30:34', NULL, '2017-11-27 19:30:35', '2017-11-27 19:31:24', 'f54fcb4d-937d-4fef-8a5e-7a44fb7934dd'),
 ('49', '19', '19', '1', '2017-12-04 17:53:00', NULL, '2017-12-04 17:53:22', '2017-12-04 17:58:14', '6235ea8e-0fd6-4003-b787-8fea3b467282'),
 ('50', '19', '19', '1', '2017-12-04 17:58:37', NULL, '2017-12-04 17:58:37', '2017-12-04 17:58:37', 'c66a5b89-c55d-4903-8b95-9a79d93a99d5'),
 ('51', '19', '19', '1', '2017-12-04 18:03:15', NULL, '2017-12-04 18:03:15', '2017-12-04 18:03:15', 'f26ab068-f901-4a70-8cd5-ea9975a1443b'),
 ('52', '19', '19', '1', '2017-12-04 18:04:06', NULL, '2017-12-04 18:04:06', '2017-12-04 18:04:06', 'd04dcc35-a0e1-4e88-826d-6aa62e406f63'),
 ('53', '19', '19', '1', '2017-12-04 18:04:35', NULL, '2017-12-04 18:04:35', '2017-12-04 18:04:35', '1c5a7a45-43a8-4f27-b548-d2ad7b613f45'),
 ('54', '20', NULL, NULL, '2017-12-06 16:45:27', NULL, '2017-12-06 16:45:27', '2017-12-06 16:45:27', '1e87dd64-2c97-4d08-9670-c61504174b38'),
 ('65', '8', '8', '1', '2018-01-26 16:57:00', NULL, '2018-01-26 16:57:00', '2018-01-31 18:03:51', 'b47260fa-437e-41c4-8625-b3a954e2803c');



DROP TABLE IF EXISTS `craft_entrydrafts`;


--
-- Schema for table `craft_entrydrafts`
--
CREATE TABLE `craft_entrydrafts` (
  `id` int(11) NOT NULL AUTO_INCREMENT,
  `entryId` int(11) NOT NULL,
  `sectionId` int(11) NOT NULL,
  `creatorId` int(11) NOT NULL,
  `locale` char(12) COLLATE utf8_unicode_ci NOT NULL,
  `name` varchar(255) COLLATE utf8_unicode_ci NOT NULL,
  `notes` tinytext COLLATE utf8_unicode_ci,
  `data` mediumtext COLLATE utf8_unicode_ci NOT NULL,
  `dateCreated` datetime NOT NULL,
  `dateUpdated` datetime NOT NULL,
  `uid` char(36) COLLATE utf8_unicode_ci NOT NULL DEFAULT '0',
  PRIMARY KEY (`id`),
  KEY `craft_entrydrafts_entryId_locale_idx` (`entryId`,`locale`),
  KEY `craft_entrydrafts_sectionId_fk` (`sectionId`),
  KEY `craft_entrydrafts_creatorId_fk` (`creatorId`),
  KEY `craft_entrydrafts_locale_fk` (`locale`)
) ENGINE=InnoDB DEFAULT CHARSET=utf8 COLLATE=utf8_unicode_ci;

DROP TABLE IF EXISTS `craft_entrytypes`;


--
-- Schema for table `craft_entrytypes`
--
CREATE TABLE `craft_entrytypes` (
  `id` int(11) NOT NULL AUTO_INCREMENT,
  `sectionId` int(11) NOT NULL,
  `fieldLayoutId` int(11) DEFAULT NULL,
  `name` varchar(255) COLLATE utf8_unicode_ci NOT NULL,
  `handle` varchar(255) COLLATE utf8_unicode_ci NOT NULL,
  `hasTitleField` tinyint(1) unsigned NOT NULL DEFAULT '1',
  `titleLabel` varchar(255) COLLATE utf8_unicode_ci DEFAULT 'Title',
  `titleFormat` varchar(255) COLLATE utf8_unicode_ci DEFAULT NULL,
  `sortOrder` smallint(6) unsigned DEFAULT NULL,
  `dateCreated` datetime NOT NULL,
  `dateUpdated` datetime NOT NULL,
  `uid` char(36) COLLATE utf8_unicode_ci NOT NULL DEFAULT '0',
  PRIMARY KEY (`id`),
  UNIQUE KEY `craft_entrytypes_name_sectionId_unq_idx` (`name`,`sectionId`),
  UNIQUE KEY `craft_entrytypes_handle_sectionId_unq_idx` (`handle`,`sectionId`),
  KEY `craft_entrytypes_sectionId_fk` (`sectionId`),
  KEY `craft_entrytypes_fieldLayoutId_fk` (`fieldLayoutId`)
) ENGINE=InnoDB AUTO_INCREMENT=21 DEFAULT CHARSET=utf8 COLLATE=utf8_unicode_ci;

--
-- Data for table `craft_entrytypes`
--

INSERT INTO `craft_entrytypes` (`id`, `sectionId`, `fieldLayoutId`, `name`, `handle`, `hasTitleField`, `titleLabel`, `titleFormat`, `sortOrder`, `dateCreated`, `dateUpdated`, `uid`) VALUES
 ('1', '1', '109', 'Homepage', 'homepage', '1', 'Title', NULL, '1', '2017-09-05 17:18:02', '2018-01-26 16:56:20', '1a6e84cf-006e-4001-89b3-a189c80d7f05'),
 ('2', '2', '5', 'News', 'news', '1', 'Title', NULL, '1', '2017-09-05 17:18:02', '2017-09-05 17:18:02', '19a1a688-bbba-47b3-9d81-87d1d6bdf4d1'),
 ('3', '3', '23', 'Products', 'products', '1', 'Title', NULL, '1', '2017-09-05 17:29:18', '2017-09-14 19:28:29', '54e53460-47b3-4988-89f7-da8904d974ca'),
 ('4', '4', '84', 'FAQ', 'faq', '1', 'Title', NULL, '1', '2017-09-19 19:33:34', '2017-11-27 19:02:45', 'c85a1924-79a1-43a5-ba5c-7a6fc31fc35d'),
 ('5', '5', '44', 'About DuraEdge', 'aboutDuraedge', '1', 'Title', NULL, '1', '2017-10-23 19:16:05', '2017-10-30 18:26:01', '16b8f153-2493-426c-9f91-fa90591c4cc2'),
 ('6', '6', '45', 'Staff', 'staff', '1', 'Employee Name', NULL, '1', '2017-10-30 18:07:45', '2017-10-30 18:26:12', 'b47e154e-a28e-4c94-88ff-76f6b8a2cb3c'),
 ('7', '7', '48', 'Contact DuraEdge', 'contactDuraedge', '0', NULL, '{section.name|raw}', '1', '2017-11-13 17:03:36', '2017-11-13 17:05:28', 'e46042f4-5016-43a5-ac93-3ce729fd40b8'),
 ('8', '8', '111', 'Current Customers', 'currentCustomers', '1', 'Title', NULL, '1', '2017-11-13 17:08:44', '2018-01-26 17:00:40', 'e7d3075c-e965-4d9e-8088-48cad521d3b1'),
 ('9', '9', '63', 'Find a Distributor', 'findADistributor', '1', 'Title', NULL, '1', '2017-11-13 17:12:34', '2017-11-13 17:57:50', 'd2b663ab-c486-4e67-9c0d-07ecac5d1671'),
 ('10', '10', '54', 'Locations', 'locations', '1', 'Title', NULL, '1', '2017-11-13 17:12:45', '2017-11-13 17:12:45', '619e7f8f-803a-44c2-b4c4-3a89c508014d'),
 ('11', '11', '59', 'Our Products', 'ourProducts', '1', 'Title', NULL, '1', '2017-11-13 17:13:03', '2017-11-13 17:16:49', 'ea48c711-e2c9-4419-9142-eb878eafa886'),
 ('12', '12', '60', 'Testimonials', 'testimonials', '1', 'Title', NULL, '1', '2017-11-13 17:13:17', '2017-11-13 17:17:18', '64a111fa-e4dd-4bc3-a9d7-28c85518d122'),
 ('13', '13', '112', 'Why DuraEdge', 'whyDuraedge', '1', 'Title', NULL, '1', '2017-11-13 17:13:27', '2018-01-31 18:18:03', '5bc74c71-8fd2-479d-874d-734f16a11bb6'),
 ('14', '14', '65', 'Distributors', 'distributors', '1', 'Title', NULL, '1', '2017-11-13 17:58:02', '2017-11-13 17:58:16', '1c557f91-c47d-4b3b-aea2-f39cd606d081'),
 ('15', '15', '73', 'Field Maintenance', 'fieldMaintainence', '1', 'Title', NULL, '1', '2017-11-27 17:50:32', '2017-11-27 19:09:19', '52cb5d2e-7181-4751-9399-b2ff2a853551'),
 ('16', '16', '85', 'Videos', 'videos', '1', 'Title', NULL, '1', '2017-11-27 18:49:35', '2017-11-27 19:02:56', 'ef990375-6a8f-44fb-aacc-edc4f8fb1199'),
 ('17', '17', '83', 'Blog Posts', 'blogPosts', '1', 'Title', NULL, '1', '2017-11-27 18:49:57', '2017-11-27 19:02:34', 'f328c02f-a4a6-4334-9ff3-726bb52e4af8'),
 ('18', '18', '87', 'Certification Programs', 'certificationPrograms', '1', 'Title', NULL, '1', '2017-11-27 19:30:34', '2017-11-27 19:31:17', 'e7291ef2-7568-437f-be59-e36f99ebfdb9'),
 ('19', '19', '90', 'Events', 'events', '1', 'Title', NULL, '1', '2017-12-04 17:47:51', '2017-12-04 17:58:00', '5e7d3e2c-8cf8-4d74-a8b2-87aebdcccd09'),
 ('20', '20', '92', 'Architects', 'architects', '0', NULL, '{section.name|raw}', '1', '2017-12-06 16:45:27', '2017-12-06 16:45:49', 'efe896e4-abcc-4a4e-bd4f-c7c048ab9310');



DROP TABLE IF EXISTS `craft_entryversions`;


--
-- Schema for table `craft_entryversions`
--
CREATE TABLE `craft_entryversions` (
  `id` int(11) NOT NULL AUTO_INCREMENT,
  `entryId` int(11) NOT NULL,
  `sectionId` int(11) NOT NULL,
  `creatorId` int(11) DEFAULT NULL,
  `locale` char(12) COLLATE utf8_unicode_ci NOT NULL,
  `num` smallint(6) unsigned NOT NULL,
  `notes` tinytext COLLATE utf8_unicode_ci,
  `data` mediumtext COLLATE utf8_unicode_ci NOT NULL,
  `dateCreated` datetime NOT NULL,
  `dateUpdated` datetime NOT NULL,
  `uid` char(36) COLLATE utf8_unicode_ci NOT NULL DEFAULT '0',
  PRIMARY KEY (`id`),
  KEY `craft_entryversions_entryId_locale_idx` (`entryId`,`locale`),
  KEY `craft_entryversions_sectionId_fk` (`sectionId`),
  KEY `craft_entryversions_creatorId_fk` (`creatorId`),
  KEY `craft_entryversions_locale_fk` (`locale`)
) ENGINE=InnoDB AUTO_INCREMENT=76 DEFAULT CHARSET=utf8 COLLATE=utf8_unicode_ci;

--
-- Data for table `craft_entryversions`
--

INSERT INTO `craft_entryversions` (`id`, `entryId`, `sectionId`, `creatorId`, `locale`, `num`, `notes`, `data`, `dateCreated`, `dateUpdated`, `uid`) VALUES
 ('1', '2', '1', '1', 'en_us', '1', NULL, '{\"typeId\":\"1\",\"authorId\":null,\"title\":\"Homepage\",\"slug\":\"homepage\",\"postDate\":1504631882,\"expiryDate\":null,\"enabled\":1,\"parentId\":null,\"fields\":[]}', '2017-09-05 17:18:02', '2017-09-05 17:18:02', '7cc25927-5bb8-4bfb-8d36-e9b8865cddcf'),
 ('2', '2', '1', '1', 'en_us', '2', NULL, '{\"typeId\":null,\"authorId\":null,\"title\":\"Welcome to Duraedge.web!\",\"slug\":\"homepage\",\"postDate\":1504631882,\"expiryDate\":null,\"enabled\":\"1\",\"parentId\":null,\"fields\":{\"1\":\"<p>It\\u2019s true, this site doesn\\u2019t have a whole lot of content yet, but don\\u2019t worry. Our web developers have just installed the CMS, and they\\u2019re setting things up for the content editors this very moment. Soon Duraedge.web will be an oasis of fresh perspectives, sharp analyses, and astute opinions that will keep you coming back again and again.<\\/p>\"}}', '2017-09-05 17:18:02', '2017-09-05 17:18:02', '433f2253-2096-4014-81c8-e77cdf04ca5b'),
 ('3', '3', '2', '1', 'en_us', '1', NULL, '{\"typeId\":\"2\",\"authorId\":\"1\",\"title\":\"We just installed Craft!\",\"slug\":\"we-just-installed-craft\",\"postDate\":1504631882,\"expiryDate\":null,\"enabled\":1,\"parentId\":null,\"fields\":[]}', '2017-09-05 17:18:02', '2017-09-05 17:18:02', 'b54929b5-363b-46a7-ba64-11bbdcdb7c61'),
 ('4', '4', '3', '1', 'en_us', '1', '', '{\"typeId\":null,\"authorId\":\"1\",\"title\":\"Test Product\",\"slug\":\"test-product\",\"postDate\":1504632586,\"expiryDate\":null,\"enabled\":1,\"parentId\":null,\"fields\":{\"5\":\"recreational\",\"3\":\"limited\",\"4\":\"1\"}}', '2017-09-05 17:29:46', '2017-09-05 17:29:46', '2c3ba118-9baf-437f-b2a8-2859b8ace8f7'),
 ('5', '4', '3', '1', 'en_us', '2', '', '{\"typeId\":\"3\",\"authorId\":\"1\",\"title\":\"Limited Product\",\"slug\":\"test-product\",\"postDate\":1504632540,\"expiryDate\":null,\"enabled\":1,\"parentId\":null,\"fields\":{\"5\":\"recreational\",\"3\":\"limited\",\"4\":\"\"}}', '2017-09-05 18:02:24', '2017-09-05 18:02:24', '2e6f36cb-4da0-434c-b82b-bcb361e1ed06'),
 ('6', '4', '3', '1', 'en_us', '3', '', '{\"typeId\":\"3\",\"authorId\":\"1\",\"title\":\"Limited Product\",\"slug\":\"test-product\",\"postDate\":1504632540,\"expiryDate\":null,\"enabled\":1,\"parentId\":null,\"fields\":{\"1\":\"<p>Here is information about the limited product.&nbsp;<strong>Lorem Ipsum<\\/strong>&nbsp;is simply dummy text of the printing and typesetting industry. Lorem Ipsum has been the industry\'s standard dummy text ever since the 1500s, when an unknown printer took a galley of type and scrambled it to make a type specimen book. It has<\\/p>\",\"5\":\"recreational\",\"3\":\"limited\",\"4\":\"\"}}', '2017-09-05 18:03:16', '2017-09-05 18:03:16', '9b32b242-6d05-4173-b636-ee14fd885ba6'),
 ('7', '4', '3', '1', 'en_us', '4', '', '{\"typeId\":\"3\",\"authorId\":\"1\",\"title\":\"Limited Product\",\"slug\":\"test-product\",\"postDate\":1504632540,\"expiryDate\":null,\"enabled\":1,\"parentId\":null,\"fields\":{\"1\":\"<p>Here is information about the limited product.&nbsp;<strong>Lorem Ipsum<\\/strong>&nbsp;is simply dummy text of the printing and typesetting industry. Lorem Ipsum has been the industry\'s standard dummy text ever since the 1500s, when an unknown printer took a galley of type and scrambled it to make a type specimen book. It has<\\/p>\",\"5\":\"recreational\",\"3\":\"limited\",\"4\":\"\"}}', '2017-09-05 18:05:02', '2017-09-05 18:05:02', 'a9d22ff7-05fd-4ceb-ab83-a0937f44907a'),
 ('10', '7', '2', '1', 'en_us', '1', NULL, '{\"typeId\":null,\"authorId\":\"1\",\"title\":\"ddd\",\"slug\":\"ddd\",\"postDate\":1504635340,\"expiryDate\":null,\"enabled\":1,\"parentId\":null,\"fields\":{\"1\":\"wefsdf\"}}', '2017-09-05 18:15:40', '2017-09-05 18:15:40', 'ed8a7179-b3ac-4b8b-ae90-2d481c1f81b9'),
 ('11', '8', '2', '1', 'en_us', '1', NULL, '{\"typeId\":null,\"authorId\":\"1\",\"title\":\"ddd\",\"slug\":\"ddd\",\"postDate\":null,\"expiryDate\":null,\"enabled\":0,\"parentId\":null,\"fields\":{\"1\":\"333\"}}', '2017-09-05 18:16:53', '2017-09-05 18:16:53', 'c4e15159-d6e1-4b1f-b659-a6f173cee221'),
 ('18', '4', '3', '1', 'en_us', '5', '', '{\"typeId\":\"3\",\"authorId\":\"1\",\"title\":\"Limited Product\",\"slug\":\"test-product\",\"postDate\":1504632540,\"expiryDate\":null,\"enabled\":1,\"parentId\":null,\"fields\":{\"1\":\"<p>Here is information about the limited product.&nbsp;<strong>Lorem Ipsum<\\/strong>&nbsp;is simply dummy text of the printing and typesetting industry. Lorem Ipsum has been the industry\'s standard dummy text ever since the 1500s, when an unknown printer took a galley of type and scrambled it to make a type specimen book. It has<\\/p>\",\"5\":\"recreational\",\"7\":[\"13\"],\"6\":[\"10\"]}}', '2017-09-08 20:40:43', '2017-09-08 20:40:43', '14ead474-de41-4843-a630-b82230667e49'),
 ('21', '4', '3', '1', 'en_us', '6', '', '{\"typeId\":\"3\",\"authorId\":\"1\",\"title\":\"Limited Product\",\"slug\":\"test-product\",\"postDate\":1504632540,\"expiryDate\":null,\"enabled\":1,\"parentId\":null,\"fields\":{\"1\":\"<p>Here is information about the limited product.&nbsp;<strong>Lorem Ipsum<\\/strong>&nbsp;is simply dummy text of the printing and typesetting industry. Lorem Ipsum has been the industry\'s standard dummy text ever since the 1500s, when an unknown printer took a galley of type and scrambled it to make a type specimen book. It has<\\/p>\",\"5\":\"recreational\",\"7\":[\"12\"],\"6\":[\"11\"]}}', '2017-09-08 21:25:51', '2017-09-08 21:25:51', '2dc3f0c3-51f4-4f56-bc2e-5a4a5ae5edd3'),
 ('25', '4', '3', '1', 'en_us', '7', '', '{\"typeId\":\"3\",\"authorId\":\"1\",\"title\":\"Limited Product\",\"slug\":\"test-product\",\"postDate\":1504632540,\"expiryDate\":null,\"enabled\":1,\"parentId\":null,\"fields\":{\"1\":\"<p>Here is information about the limited product.&nbsp;<strong>Lorem Ipsum<\\/strong>&nbsp;is simply dummy text of the printing and typesetting industry. Lorem Ipsum has been the industry\'s standard dummy text ever since the 1500s, when an unknown printer took a galley of type and scrambled it to make a type specimen book. It has<\\/p>\",\"7\":[\"12\"],\"8\":[\"16\"],\"6\":[\"11\"]}}', '2017-09-14 20:03:49', '2017-09-14 20:03:49', '8870d748-09c6-47a5-8ffc-ffd7728e09b0'),
 ('27', '19', '4', '1', 'en_us', '1', '', '{\"typeId\":null,\"authorId\":\"1\",\"title\":\"My soil is dry\",\"slug\":\"my-soil-is-dry\",\"postDate\":1505849644,\"expiryDate\":null,\"enabled\":1,\"parentId\":null,\"fields\":{\"1\":\"\"}}', '2017-09-19 19:34:04', '2017-09-19 19:34:04', 'b15ff55b-74e2-4e83-a089-faba6fe877af'),
 ('28', '20', '4', '1', 'en_us', '1', '', '{\"typeId\":null,\"authorId\":\"1\",\"title\":\"My soil sucks\",\"slug\":\"my-soil-sucks\",\"postDate\":1505849654,\"expiryDate\":null,\"enabled\":1,\"parentId\":null,\"fields\":{\"1\":\"\"}}', '2017-09-19 19:34:14', '2017-09-19 19:34:14', 'efc1cd46-fc36-476a-8cb3-692abe020bc3'),
 ('29', '20', '4', '1', 'en_us', '2', '', '{\"typeId\":\"4\",\"authorId\":\"1\",\"title\":\"My soil has rocks in it\",\"slug\":\"my-soil-sucks\",\"postDate\":1505849640,\"expiryDate\":null,\"enabled\":1,\"parentId\":null,\"fields\":{\"1\":\"\"}}', '2017-09-19 19:34:26', '2017-09-19 19:34:26', '0a08fc04-c52d-4c9e-a944-a994ff479370'),
 ('30', '19', '4', '1', 'en_us', '2', '', '{\"typeId\":\"4\",\"authorId\":\"1\",\"title\":\"My soil is dry\",\"slug\":\"my-soil-is-dry\",\"postDate\":1505849640,\"expiryDate\":null,\"enabled\":1,\"parentId\":null,\"fields\":{\"1\":\"<p>Ideabase<\\/p>\"}}', '2017-09-19 19:36:22', '2017-09-19 19:36:22', '48f76c5c-aa94-4f97-a666-0148630a11c2'),
 ('31', '20', '4', '1', 'en_us', '3', '', '{\"typeId\":\"4\",\"authorId\":\"1\",\"title\":\"My soil has rocks in it\",\"slug\":\"my-soil-sucks\",\"postDate\":1505849640,\"expiryDate\":null,\"enabled\":1,\"parentId\":null,\"fields\":{\"1\":\"<p>IdeabaseIdeabaseIdeabaseIdeabaseIdeabaseIdeabaseIdeabaseIdeabaseIdeabaseIdeabaseIdeabaseIdeabase<\\/p>\"}}', '2017-09-19 19:37:15', '2017-09-19 19:37:15', '6d64fec7-977a-4cc1-a594-0328c5d1b60b'),
 ('32', '20', '4', '1', 'en_us', '4', '', '{\"typeId\":\"4\",\"authorId\":\"1\",\"title\":\"My soil has rocks in it\",\"slug\":\"my-soil-sucks\",\"postDate\":1505849640,\"expiryDate\":null,\"enabled\":1,\"parentId\":null,\"fields\":{\"1\":\"<p>Ideabase<\\/p><p>Ideabase<\\/p><p>Ideabase<\\/p><p>Ideabase<\\/p><p>Ideabase<\\/p><p>Ideabase<\\/p>\"}}', '2017-09-19 19:37:38', '2017-09-19 19:37:38', 'e26dbe65-9a1c-4cf0-a805-73ffd1c6fd5c'),
 ('33', '20', '4', '1', 'en_us', '5', '', '{\"typeId\":\"4\",\"authorId\":\"1\",\"title\":\"My soil has rocks in it\",\"slug\":\"my-soil-sucks\",\"postDate\":1505849640,\"expiryDate\":null,\"enabled\":1,\"parentId\":null,\"fields\":{\"1\":\"<p>Ideabase<\\/p>\"}}', '2017-09-19 19:38:03', '2017-09-19 19:38:03', '61b712bf-ed62-491a-b683-ae94b215f2c7'),
 ('34', '20', '4', '1', 'en_us', '6', '', '{\"typeId\":\"4\",\"authorId\":\"1\",\"title\":\"My soil has rocks in it\",\"slug\":\"my-soil-sucks\",\"postDate\":1505849640,\"expiryDate\":null,\"enabled\":1,\"parentId\":null,\"fields\":{\"1\":\"<p>Ideabase<\\/p><p>Ideabase<br><\\/p>\"}}', '2017-09-19 19:38:10', '2017-09-19 19:38:10', 'a41c825d-75e6-46f5-9c7c-aab618dddf29'),
 ('35', '20', '4', '1', 'en_us', '7', '', '{\"typeId\":\"4\",\"authorId\":\"1\",\"title\":\"My soil has rocks in it\",\"slug\":\"my-soil-sucks\",\"postDate\":1505849640,\"expiryDate\":null,\"enabled\":1,\"parentId\":null,\"fields\":{\"1\":\"<p>Ideabase<\\/p>\\r\\n<p>Ideabase<br><\\/p>\"}}', '2017-09-19 19:38:53', '2017-09-19 19:38:53', '9e13f1b3-7496-4db5-aa3c-b1418317e85f'),
 ('36', '19', '4', '1', 'en_us', '3', '', '{\"typeId\":\"4\",\"authorId\":\"1\",\"title\":\"My soil is dry\",\"slug\":\"my-soil-is-dry\",\"postDate\":1505849640,\"expiryDate\":null,\"enabled\":1,\"parentId\":null,\"fields\":{\"1\":\"<p>Ideabase<\\/p>\"}}', '2017-09-19 19:39:08', '2017-09-19 19:39:08', 'ca708d25-6d73-468c-acdf-c9339b1a80af'),
 ('37', '19', '4', '1', 'en_us', '4', '', '{\"typeId\":\"4\",\"authorId\":\"1\",\"title\":\"My soil is dry\",\"slug\":\"my-soil-is-dry\",\"postDate\":1505849640,\"expiryDate\":null,\"enabled\":1,\"parentId\":null,\"fields\":{\"1\":\"<p>1<\\/p>\"}}', '2017-09-19 19:39:55', '2017-09-19 19:39:55', '67dc4880-3814-4831-bad1-c59a5a8f81fa'),
 ('38', '20', '4', '1', 'en_us', '8', '', '{\"typeId\":\"4\",\"authorId\":\"1\",\"title\":\"My soil has rocks in it\",\"slug\":\"my-soil-sucks\",\"postDate\":1505849640,\"expiryDate\":null,\"enabled\":1,\"parentId\":null,\"fields\":{\"1\":\"<p>1 2<\\/p>\"}}', '2017-09-19 19:40:03', '2017-09-19 19:40:03', '914431dd-ecb3-411b-aa81-1192bac75c0e'),
 ('39', '21', '4', '1', 'en_us', '1', '', '{\"typeId\":null,\"authorId\":\"1\",\"title\":\"1\",\"slug\":\"1\",\"postDate\":1505850046,\"expiryDate\":null,\"enabled\":1,\"parentId\":null,\"fields\":{\"1\":\"<p>1<\\/p>\"}}', '2017-09-19 19:40:46', '2017-09-19 19:40:46', 'cc0a898c-bd7b-4ac2-8a8a-0128e04d39f6'),
 ('40', '22', '5', '1', 'en_us', '1', NULL, '{\"typeId\":\"5\",\"authorId\":null,\"title\":\"About DuraEdge\",\"slug\":\"about-duraedge\",\"postDate\":1508786165,\"expiryDate\":null,\"enabled\":1,\"parentId\":null,\"fields\":[]}', '2017-10-23 19:16:06', '2017-10-23 19:16:06', '7c60ba7c-2096-447a-99a7-37f1f8974e4f'),
 ('41', '22', '5', '1', 'en_us', '2', '', '{\"typeId\":null,\"authorId\":null,\"title\":\"About DuraEdge\",\"slug\":\"about-duraedge\",\"postDate\":1508786165,\"expiryDate\":null,\"enabled\":1,\"parentId\":null,\"fields\":{\"1\":\"<p>Lorem ipsum dolor sit amet, consectetuer adipiscing elit. Aenean commodo ligula eget dolor. Aenean massa. Cum sociis natoque penatibus et magnis dis parturient montes, nascetur ridiculus mus.<\\/p>\",\"10\":\"Lorem ipsum dolor sit amet, consectetuer adipiscing elit. Aenean commodo ligula eget dolor. Aenean massa. Cum sociis natoque penatibus et magnis dis parturient montes, nascetur ridiculus mus.\",\"9\":\"Lorem ipsum dolor sit amet, consectetuer adipiscing elit. Aenean commodo ligula eget dolor. Aenean massa. Cum sociis natoque penatibus et magnis dis parturient montes, nascetur ridiculus mus.\"}}', '2017-10-23 19:18:46', '2017-10-23 19:18:46', '33651f09-c99d-489e-b52e-3484cefa9674'),
 ('42', '22', '5', '1', 'en_us', '3', '', '{\"typeId\":null,\"authorId\":null,\"title\":\"About DuraEdge\",\"slug\":\"about-duraedge\",\"postDate\":1508786165,\"expiryDate\":null,\"enabled\":1,\"parentId\":null,\"fields\":{\"1\":\"<p>Lorem ipsum dolor sit amet, consectetuer adipiscing elit. Aenean commodo ligula eget dolor. Aenean massa. Cum sociis natoque penatibus et magnis dis parturient montes, nascetur ridiculus mus.<\\/p>\",\"10\":\"Lorem ipsum dolor sit amet, consectetuer adipiscing elit. Aenean commodo ligula eget dolor. Aenean massa. Cum sociis natoque penatibus et magnis dis parturient montes, nascetur ridiculus mus.\",\"9\":\"Lorem ipsum dolor sit amet, consectetuer adipiscing elit. Aenean commodo ligula eget dolor. Aenean massa. Cum sociis natoque penatibus et magnis dis parturient montes, nascetur ridiculus mus.\"}}', '2017-10-23 19:41:29', '2017-10-23 19:41:29', '2597516c-ebd9-4dfb-8265-831c1b8f06c2'),
 ('43', '22', '5', '1', 'en_us', '4', '', '{\"typeId\":\"5\",\"authorId\":null,\"title\":\"About DuraEdge\",\"slug\":\"about-duraedge\",\"postDate\":1508788419,\"expiryDate\":null,\"enabled\":1,\"parentId\":null,\"fields\":{\"1\":\"<p>Lorem ipsum dolor sit amet, consectetuer adipiscing elit. Aenean commodo ligula eget dolor. Aenean massa. Cum sociis natoque penatibus et magnis dis parturient montes, nascetur ridiculus mus.<\\/p>\",\"10\":\"Lorem ipsum dolor sit amet, consectetuer adipiscing elit. Aenean commodo ligula eget dolor. Aenean massa. Cum sociis natoque penatibus et magnis dis parturient montes, nascetur ridiculus mus.\",\"9\":\"Lorem ipsum dolor sit amet, consectetuer adipiscing elit. Aenean commodo ligula eget dolor. Aenean massa. Cum sociis natoque penatibus et magnis dis parturient montes, nascetur ridiculus mus.\"}}', '2017-10-30 17:39:13', '2017-10-30 17:39:13', 'addd0f85-0062-488a-9374-e7d8a433d937'),
 ('44', '22', '5', '1', 'en_us', '5', '', '{\"typeId\":\"5\",\"authorId\":null,\"title\":\"About DuraEdge\",\"slug\":\"about-duraedge\",\"postDate\":1508788419,\"expiryDate\":null,\"enabled\":1,\"parentId\":null,\"fields\":{\"1\":\"<p>Lorem ipsum dolor sit amet, consectetuer adipiscing elit. Aenean commodo ligula eget dolor. Aenean massa. Cum sociis natoque penatibus et magnis dis parturient montes, nascetur ridiculus mus.<\\/p>\",\"10\":\"Lorem ipsum dolor sit amet, consectetuer adipiscing elit. Aenean commodo ligula eget dolor. Aenean massa. Cum sociis natoque penatibus et magnis dis parturient montes, nascetur ridiculus mus.\",\"9\":\"Lorem ipsum dolor sit amet, consectetuer adipiscing elit. Aenean commodo ligula eget dolor. Aenean massa. Cum sociis natoque penatibus et magnis dis parturient montes, nascetur ridiculus mus.\"}}', '2017-10-30 18:07:27', '2017-10-30 18:07:27', 'ea78acd5-bca7-466d-a1c8-0398f4b15f28'),
 ('45', '30', '6', '1', 'en_us', '1', '', '{\"typeId\":null,\"authorId\":\"1\",\"title\":\"Jon Smith\",\"slug\":\"jon-smith\",\"postDate\":1509387906,\"expiryDate\":null,\"enabled\":1,\"parentId\":null,\"fields\":{\"23\":\"jon@duraedge.com\",\"24\":\"777-777-7777\",\"22\":\"Project Manager\"}}', '2017-10-30 18:25:07', '2017-10-30 18:25:07', 'eae69e38-a469-4f63-b196-9b5c833ed790'),
 ('46', '30', '6', '1', 'en_us', '2', '', '{\"typeId\":\"6\",\"authorId\":\"1\",\"title\":\"Jon Smith\",\"slug\":\"jon-smith\",\"postDate\":1509387900,\"expiryDate\":null,\"enabled\":1,\"parentId\":null,\"fields\":{\"26\":[\"29\"],\"23\":\"jon@duraedge.com\",\"24\":\"777-777-7777\",\"22\":\"Project Manager\"}}', '2017-10-30 18:26:23', '2017-10-30 18:26:23', '1f248e22-348f-4130-87c9-b5b0c9718207'),
 ('47', '31', '6', '1', 'en_us', '1', '', '{\"typeId\":null,\"authorId\":\"1\",\"title\":\"Steve Smith\",\"slug\":\"steve-smith\",\"postDate\":1509388018,\"expiryDate\":null,\"enabled\":1,\"parentId\":null,\"fields\":{\"26\":[\"28\"],\"23\":\"steve@duraedge.com\",\"24\":\"88-888-8888\",\"22\":\"CEO\"}}', '2017-10-30 18:26:58', '2017-10-30 18:26:58', '190a4d4c-9c68-4bbe-9ab2-a4713720d1df'),
 ('48', '32', '7', '1', 'en_us', '1', NULL, '{\"typeId\":\"7\",\"authorId\":null,\"title\":\"Contact DuraEdge\",\"slug\":\"contact-duraedge\",\"postDate\":1510592616,\"expiryDate\":null,\"enabled\":1,\"parentId\":null,\"fields\":[]}', '2017-11-13 17:03:37', '2017-11-13 17:03:37', '9151445e-8b54-4999-9db7-dcce0c2f4878'),
 ('49', '33', '13', '1', 'en_us', '1', NULL, '{\"typeId\":\"13\",\"authorId\":null,\"title\":\"Why DuraEdge\",\"slug\":\"why-duraedge\",\"postDate\":1510593226,\"expiryDate\":null,\"enabled\":1,\"parentId\":null,\"fields\":[]}', '2017-11-13 17:13:47', '2017-11-13 17:13:47', 'a4747336-bb2b-4730-b08a-52b8adfe5e9d'),
 ('50', '4', '3', '1', 'en_us', '8', '', '{\"typeId\":\"3\",\"authorId\":null,\"title\":\"Products\",\"slug\":\"test-product\",\"postDate\":1510593637,\"expiryDate\":null,\"enabled\":1,\"parentId\":null,\"fields\":{\"1\":\"<p>Here is information about the limited product.&nbsp;<strong>Lorem Ipsum<\\/strong>&nbsp;is simply dummy text of the printing and typesetting industry. Lorem Ipsum has been the industry\'s standard dummy text ever since the 1500s, when an unknown printer took a galley of type and scrambled it to make a type specimen book. It has<\\/p>\",\"7\":[\"12\"],\"8\":[\"16\"],\"6\":[\"11\"]}}', '2017-11-13 17:21:07', '2017-11-13 17:21:07', '76ff68f4-3280-4841-bbfa-5b41e8ad5d83'),
 ('51', '34', '9', '1', 'en_us', '1', NULL, '{\"typeId\":\"9\",\"authorId\":null,\"title\":\"Find a Distributor\",\"slug\":\"find-a-distributor\",\"postDate\":1510595937,\"expiryDate\":null,\"enabled\":1,\"parentId\":null,\"fields\":[]}', '2017-11-13 17:58:57', '2017-11-13 17:58:57', '27d608bf-7c9a-47bf-8b00-612db5f3b239'),
 ('52', '33', '13', '1', 'en_us', '2', '', '{\"typeId\":null,\"authorId\":null,\"title\":\"Why DuraEdge\",\"slug\":\"why-duraedge\",\"postDate\":1510593226,\"expiryDate\":null,\"enabled\":1,\"parentId\":null,\"fields\":{\"1\":\"<p><strong>Lorem Ipsum<\\/strong>&nbsp;is simply dummy text of the printing and typesetting industry. Lorem Ipsum has been the industry\'s standard dummy text ever since the 1500s, when an unknown printer took a galley of type and scrambled it to make a type specimen book. It has survived not only five centuries, but also the leap into electronic typesetting, remaining essentially unchanged. It was popularised in the 1960s with the release of Letraset sheets containing Lorem Ipsum passages, and more recently with desktop publishing software like Aldus PageMaker including versions of Lorem Ipsum<\\/p>\",\"31\":\"\"}}', '2017-11-13 18:15:30', '2017-11-13 18:15:30', 'a48b1761-dd5f-4de1-b5e8-9c62dbf86db5'),
 ('53', '33', '13', '1', 'en_us', '3', '', '{\"typeId\":\"13\",\"authorId\":null,\"title\":\"Why DuraEdge\",\"slug\":\"why-duraedge\",\"postDate\":1510596978,\"expiryDate\":null,\"enabled\":1,\"parentId\":null,\"fields\":{\"1\":\"<p><strong>Lorem Ipsum<\\/strong>&nbsp;is simply dummy text of the printing and typesetting industry. Lorem Ipsum has been the industry\'s standard dummy text ever since the 1500s, when an unknown printer took a galley of type and scrambled it to make a type specimen book. It has survived not only five centuries, but also the leap into electronic typesetting, remaining essentially unchanged. It was popularised in the 1960s with the release of Letraset sheets containing Lorem Ipsum passages, and more recently with desktop publishing software like Aldus PageMaker including versions of Lorem Ipsum<\\/p>\",\"31\":{\"new1\":{\"type\":\"processinformation\",\"enabled\":\"1\",\"fields\":{\"processTitle\":\"Process 1\",\"processInformation\":\"<p><b>Lorem Ipsum<\\/b>&nbsp;is simply dummy text of the printing and typesetting industry. Lorem Ipsum has been the industry\'s standard dummy text ever since the 1500s, when an unknown printer took a galley of type and scrambled it to make a type specimen book. It has survived not only five centuries, but also the leap into electronic typesetting, remaining essentially unchanged. It was popularised in the 1960s with the release of Letraset sheets containing Lorem Ipsum passages, and more recently with desktop publishing software like Aldus PageMaker including versions of Lorem Ipsum<\\/p>\"}}}}}', '2017-11-13 18:16:46', '2017-11-13 18:16:46', 'faec87c1-de3b-4a1b-84ac-98aea3301c6d'),
 ('54', '39', '15', '1', 'en_us', '1', NULL, '{\"typeId\":\"15\",\"authorId\":null,\"title\":\"Field Maintainence\",\"slug\":\"field-maintainence\",\"postDate\":1511805032,\"expiryDate\":null,\"enabled\":1,\"parentId\":null,\"fields\":[]}', '2017-11-27 17:50:32', '2017-11-27 17:50:32', '2bc6c387-3f41-476b-a73d-5b85645b8526'),
 ('55', '39', '15', '1', 'en_us', '2', '', '{\"typeId\":\"15\",\"authorId\":null,\"title\":\"Field Maintainence\",\"slug\":\"field-maintainence\",\"postDate\":1511805038,\"expiryDate\":null,\"enabled\":1,\"parentId\":null,\"fields\":{\"1\":\"\"}}', '2017-11-27 17:53:43', '2017-11-27 17:53:43', 'e18e14e1-fdb4-4aa6-bde8-b9d5cfda9466'),
 ('56', '39', '15', '1', 'en_us', '3', '', '{\"typeId\":\"15\",\"authorId\":null,\"title\":\"Field Maintenance\",\"slug\":\"field-maintainence\",\"postDate\":1511809759,\"expiryDate\":null,\"enabled\":1,\"parentId\":null,\"fields\":{\"1\":\"<p>About DuraEdge Lorem ipsum dolor sit amet, consectetuer adipiscing elit. Aenean commodo ligula eget dolor. Aenean massa. Cum sociis natoque penatibus et magnis dis parturient montes, nascetur ridiculus mus. Lorem ipsum dolor sit amet, consectetuer adipiscing elit. Aenean commodo ligula eget dolor. Aenean massa. Cum sociis natoque penatibus et magnis dis parturient montes, nascetur ridiculus mus.<\\/p>\"}}', '2017-11-27 19:11:58', '2017-11-27 19:11:58', '2719c810-d9c2-4735-a661-42db410567ef'),
 ('57', '46', '17', '1', 'en_us', '1', '', '{\"typeId\":null,\"authorId\":\"1\",\"title\":\"Blog Post 1\",\"slug\":\"blog-post-1\",\"postDate\":1511810371,\"expiryDate\":null,\"enabled\":1,\"parentId\":null,\"fields\":{\"43\":[\"42\"],\"1\":\"<p>Lorem ipsum dolor sit amet, consectetuer adipiscing elit. Aenean commodo ligula eget dolor.<\\/p>\",\"40\":[\"37\"],\"42\":\"\"}}', '2017-11-27 19:19:32', '2017-11-27 19:19:32', 'f7c077f8-7244-4a46-9bfa-3cb60492d3ab'),
 ('58', '47', '17', '1', 'en_us', '1', '', '{\"typeId\":null,\"authorId\":\"1\",\"title\":\"Blog Post 2\",\"slug\":\"blog-post-2\",\"postDate\":1511810390,\"expiryDate\":null,\"enabled\":1,\"parentId\":null,\"fields\":{\"43\":[\"40\"],\"1\":\"<p>Lorem ipsum dolor sit amet, consectetuer adipiscing elit. Aenean commodo ligula eget dolor.<\\/p>\",\"40\":[\"36\"],\"42\":\"\"}}', '2017-11-27 19:19:50', '2017-11-27 19:19:50', '9560697d-5002-4275-8b1a-547e2c2d9ba8'),
 ('59', '47', '17', '1', 'en_us', '2', '', '{\"typeId\":\"17\",\"authorId\":\"1\",\"title\":\"Blog Post 2\",\"slug\":\"blog-post-2\",\"postDate\":1511810340,\"expiryDate\":null,\"enabled\":1,\"parentId\":null,\"fields\":{\"43\":[\"40\"],\"1\":\"<p>About DuraEdge Lorem ipsum dolor sit amet, consectetuer adipiscing elit. Aenean commodo ligula eget dolor. Aenean massa. Cum sociis natoque penatibus et magnis dis parturient montes, nascetur ridiculus mus. Lorem ipsum dolor sit amet, consectetuer adipiscing elit. Aenean commodo ligula eget dolor. Aenean massa. Cum sociis natoque penatibus et magnis dis parturient montes, nascetur ridiculus mus.<\\/p>\",\"40\":[\"36\"],\"42\":\"\"}}', '2017-11-27 19:27:38', '2017-11-27 19:27:38', 'a45e9dee-7daf-4f67-812d-a4492bf2930c'),
 ('60', '48', '18', '1', 'en_us', '1', NULL, '{\"typeId\":\"18\",\"authorId\":null,\"title\":\"Certification Programs\",\"slug\":\"certification-programs\",\"postDate\":1511811034,\"expiryDate\":null,\"enabled\":1,\"parentId\":null,\"fields\":[]}', '2017-11-27 19:30:35', '2017-11-27 19:30:35', 'b1e6f730-aa2a-4cd6-9762-6f203aafe49f'),
 ('61', '48', '18', '1', 'en_us', '2', '', '{\"typeId\":null,\"authorId\":null,\"title\":\"Certification Programs\",\"slug\":\"certification-programs\",\"postDate\":1511811034,\"expiryDate\":null,\"enabled\":1,\"parentId\":null,\"fields\":[]}', '2017-11-27 19:31:24', '2017-11-27 19:31:24', 'af459adb-4479-46a3-8ff6-07c62488f8bb'),
 ('62', '39', '15', '1', 'en_us', '4', '', '{\"typeId\":\"15\",\"authorId\":null,\"title\":\"Field Maintenance\",\"slug\":\"field-maintainence\",\"postDate\":1511810111,\"expiryDate\":null,\"enabled\":1,\"parentId\":null,\"fields\":{\"1\":\"About DuraEdge Lorem ipsum dolor sit amet, consectetuer adipiscing elit. Aenean commodo ligula eget dolor. Aenean massa. Cum sociis natoque penatibus et magnis dis parturient montes, nascetur ridiculus mus. Lorem ipsum dolor sit amet, consectetuer adipiscing elit. Aenean commodo ligula eget dolor. Aenean massa. Cum sociis natoque penatibus et magnis dis parturient montes, nascetur ridiculus mus.\"}}', '2017-11-29 18:00:17', '2017-11-29 18:00:17', '1b580947-889b-4a72-9233-0a77e1904e91'),
 ('63', '49', '19', '1', 'en_us', '1', '', '{\"typeId\":null,\"authorId\":\"1\",\"title\":\"Event 1\",\"slug\":\"event-1\",\"postDate\":1512410002,\"expiryDate\":null,\"enabled\":1,\"parentId\":null,\"fields\":{\"1\":\"<p>More information about this event <\\/p>\",\"9\":\"Some info about this event \",\"44\":{\"street1\":\"\",\"street2\":\"\",\"city\":\"\",\"state\":\"\",\"zip\":\"\",\"country\":\"\",\"lat\":\"\",\"lng\":\"\"}}}', '2017-12-04 17:53:22', '2017-12-04 17:53:22', '70261fb0-19c1-4f87-b708-22239380d29b'),
 ('64', '49', '19', '1', 'en_us', '2', '', '{\"typeId\":\"19\",\"authorId\":\"1\",\"title\":\"Event 1\",\"slug\":\"event-1\",\"postDate\":1512409980,\"expiryDate\":null,\"enabled\":1,\"parentId\":null,\"fields\":{\"1\":\"<p>More information about this event <\\/p>\",\"45\":{\"date\":\"12\\/20\\/2017\"},\"9\":\"Some info about this event \",\"44\":{\"street1\":\"\",\"street2\":\"\",\"city\":\"\",\"state\":\"\",\"zip\":\"\",\"country\":\"\",\"lat\":\"\",\"lng\":\"\"}}}', '2017-12-04 17:58:14', '2017-12-04 17:58:14', '1b9d8d7a-b48f-4851-985f-a694cc69403f'),
 ('65', '50', '19', '1', 'en_us', '1', '', '{\"typeId\":null,\"authorId\":\"1\",\"title\":\"Event 2\",\"slug\":\"event-2\",\"postDate\":1512410317,\"expiryDate\":null,\"enabled\":1,\"parentId\":null,\"fields\":{\"1\":\"<p>More information here<\\/p>\",\"45\":{\"date\":\"1\\/10\\/2018\"},\"9\":\"Some information here\",\"44\":{\"street1\":\"\",\"street2\":\"\",\"city\":\"\",\"state\":\"\",\"zip\":\"\",\"country\":\"\",\"lat\":\"\",\"lng\":\"\"}}}', '2017-12-04 17:58:37', '2017-12-04 17:58:37', 'a88636d5-0aa2-4caa-85c3-aabfe7f34693'),
 ('66', '51', '19', '1', 'en_us', '1', '', '{\"typeId\":null,\"authorId\":\"1\",\"title\":\"Event 3\",\"slug\":\"event-3\",\"postDate\":1512410595,\"expiryDate\":null,\"enabled\":1,\"parentId\":null,\"fields\":{\"1\":\"<p>Some more info<\\/p>\",\"45\":{\"date\":\"1\\/3\\/2018\"},\"9\":\"Some info \",\"44\":{\"street1\":\"\",\"street2\":\"\",\"city\":\"\",\"state\":\"\",\"zip\":\"\",\"country\":\"\",\"lat\":\"\",\"lng\":\"\"}}}', '2017-12-04 18:03:15', '2017-12-04 18:03:15', '243b3503-06a9-4591-83ca-ecfb5cfb36dc'),
 ('67', '52', '19', '1', 'en_us', '1', '', '{\"typeId\":null,\"authorId\":\"1\",\"title\":\"Event 4\",\"slug\":\"event-4\",\"postDate\":1512410646,\"expiryDate\":null,\"enabled\":1,\"parentId\":null,\"fields\":{\"1\":\"<p>This event shouldn\'t show up&nbsp;<\\/p>\",\"45\":{\"date\":\"11\\/1\\/2017\"},\"9\":\"This event shouldn\'t show up \",\"44\":{\"street1\":\"\",\"street2\":\"\",\"city\":\"\",\"state\":\"\",\"zip\":\"\",\"country\":\"\",\"lat\":\"\",\"lng\":\"\"}}}', '2017-12-04 18:04:06', '2017-12-04 18:04:06', '9763de8a-301c-4ae3-a2a4-c3edc42da76a'),
 ('68', '53', '19', '1', 'en_us', '1', '', '{\"typeId\":null,\"authorId\":\"1\",\"title\":\"Event 5\",\"slug\":\"event-5\",\"postDate\":1512410675,\"expiryDate\":null,\"enabled\":1,\"parentId\":null,\"fields\":{\"1\":\"<p>This event shouldn\'t show up&nbsp;<\\/p>\",\"45\":{\"date\":\"1\\/18\\/2018\"},\"9\":\"This event shouldn\'t show up \",\"44\":{\"street1\":\"\",\"street2\":\"\",\"city\":\"\",\"state\":\"\",\"zip\":\"\",\"country\":\"\",\"lat\":\"\",\"lng\":\"\"}}}', '2017-12-04 18:04:35', '2017-12-04 18:04:35', '6e3d7958-fbfe-492e-a061-a585f5c88184'),
 ('69', '54', '20', '1', 'en_us', '1', NULL, '{\"typeId\":\"20\",\"authorId\":null,\"title\":\"Architects\",\"slug\":\"architects\",\"postDate\":1512578727,\"expiryDate\":null,\"enabled\":1,\"parentId\":null,\"fields\":[]}', '2017-12-06 16:45:27', '2017-12-06 16:45:27', 'dba55d3c-5968-46f3-9083-1ddc80eca6bd'),
 ('70', '65', '8', '1', 'en_us', '1', '', '{\"typeId\":null,\"authorId\":\"1\",\"title\":\"Pittsburgh Pirates\",\"slug\":\"pittsburgh-pirates\",\"postDate\":1516985820,\"expiryDate\":null,\"enabled\":1,\"parentId\":null,\"fields\":{\"23\":\"\",\"30\":\"PNC Park, Pittsburgh PA\",\"12\":\"\"}}', '2018-01-26 16:57:00', '2018-01-26 16:57:00', '53d55bf0-2a32-43bc-841c-572535d2c4db'),
 ('71', '65', '8', '1', 'en_us', '2', '', '{\"typeId\":\"8\",\"authorId\":\"1\",\"title\":\"Pittsburgh Pirates\",\"slug\":\"pittsburgh-pirates\",\"postDate\":1516985820,\"expiryDate\":null,\"enabled\":1,\"parentId\":null,\"fields\":{\"23\":\"parrot@pittsburghpirates.com\",\"17\":\"Professional Field\",\"30\":\"PNC Park, Pittsburgh PA\",\"12\":\"412-111-2222\"}}', '2018-01-26 16:58:41', '2018-01-26 16:58:41', 'bda91393-e38f-4338-af6d-853df858bbfc'),
 ('72', '65', '8', '1', 'en_us', '3', '', '{\"typeId\":\"8\",\"authorId\":\"1\",\"title\":\"Pittsburgh Pirates\",\"slug\":\"pittsburgh-pirates\",\"postDate\":1516985820,\"expiryDate\":null,\"enabled\":1,\"parentId\":null,\"fields\":{\"23\":\"parrot@pittsburghpirates.com\",\"39\":[\"66\"],\"17\":\"Professional Field\",\"30\":\"PNC Park, Pittsburgh PA\",\"12\":\"412-111-2222\"}}', '2018-01-26 17:02:54', '2018-01-26 17:02:54', '22cf445e-1a2f-4bd5-8ac5-9f5227e54418'),
 ('73', '65', '8', '1', 'en_us', '4', '', '{\"typeId\":\"8\",\"authorId\":\"1\",\"title\":\"Pittsburgh Pirates\",\"slug\":\"pittsburgh-pirates\",\"postDate\":1516985820,\"expiryDate\":null,\"enabled\":1,\"parentId\":null,\"fields\":{\"23\":\"parrot@pittsburghpirates.com\",\"39\":[\"66\"],\"17\":\"Professional Field\",\"30\":\"PNC Park, Pittsburgh PA\",\"12\":\"412-111-2222\"}}', '2018-01-31 18:03:51', '2018-01-31 18:03:51', 'aecd7cf5-8e09-4746-81bd-3bf08441a3a7'),
 ('74', '33', '13', '1', 'en_us', '4', '', '{\"typeId\":\"13\",\"authorId\":null,\"title\":\"Why DuraEdge\",\"slug\":\"why-duraedge\",\"postDate\":1510596978,\"expiryDate\":null,\"enabled\":1,\"parentId\":null,\"fields\":{\"1\":\"<p><strong>Lorem Ipsum<\\/strong>&nbsp;is simply dummy text of the printing and typesetting industry. Lorem Ipsum has been the industry\'s standard dummy text ever since the 1500s, when an unknown printer took a galley of type and scrambled it to make a type specimen book. It has survived not only five centuries, but also the leap into electronic typesetting, remaining essentially unchanged. It was popularised in the 1960s with the release of Letraset sheets containing Lorem Ipsum passages, and more recently with desktop publishing software like Aldus PageMaker including versions of Lorem Ipsum<\\/p>\",\"39\":[\"66\"]}}', '2018-01-31 18:18:23', '2018-01-31 18:18:23', 'a7ec4dcf-15bc-4893-9d8c-c57cd5a37dc0'),
 ('75', '33', '13', '1', 'en_us', '5', '', '{\"typeId\":\"13\",\"authorId\":null,\"title\":\"Why DuraEdge\",\"slug\":\"why-duraedge\",\"postDate\":1517423571,\"expiryDate\":null,\"enabled\":1,\"parentId\":null,\"fields\":{\"1\":\"<p><strong>Lorem Ipsum<\\/strong>&nbsp;is simply dummy text of the printing and typesetting industry. Lorem Ipsum has been the industry\'s standard dummy text ever since the 1500s, when an unknown printer took a galley of type and scrambled it to make a type specimen book. It has survived not only five centuries, but also the leap into electronic typesetting, remaining essentially unchanged. It was popularised in the 1960s with the release of Letraset sheets containing Lorem Ipsum passages, and more recently with desktop publishing software like Aldus PageMaker including versions of Lorem Ipsum<\\/p>\",\"39\":[\"66\"]}}', '2018-01-31 18:41:42', '2018-01-31 18:41:42', '392e4ea7-f051-4a9b-ab1a-3394de41f65e');



DROP TABLE IF EXISTS `craft_fieldgroups`;


--
-- Schema for table `craft_fieldgroups`
--
CREATE TABLE `craft_fieldgroups` (
  `id` int(11) NOT NULL AUTO_INCREMENT,
  `name` varchar(255) COLLATE utf8_unicode_ci NOT NULL,
  `dateCreated` datetime NOT NULL,
  `dateUpdated` datetime NOT NULL,
  `uid` char(36) COLLATE utf8_unicode_ci NOT NULL DEFAULT '0',
  PRIMARY KEY (`id`),
  UNIQUE KEY `craft_fieldgroups_name_unq_idx` (`name`)
) ENGINE=InnoDB AUTO_INCREMENT=7 DEFAULT CHARSET=utf8 COLLATE=utf8_unicode_ci;

--
-- Data for table `craft_fieldgroups`
--

INSERT INTO `craft_fieldgroups` (`id`, `name`, `dateCreated`, `dateUpdated`, `uid`) VALUES
 ('1', 'Default', '2017-09-05 17:18:02', '2017-09-05 17:18:02', '9e65113b-2a3f-4862-9ba1-3bae64ec0c95'),
 ('2', 'Test', '2017-10-23 18:55:22', '2017-10-23 18:55:22', '7923204d-b992-4feb-a897-9c2ce6eff8aa'),
 ('3', 'Global', '2017-10-27 17:31:41', '2017-10-27 17:31:41', 'b28dde1b-41f1-42d3-810d-3274f6213d38'),
 ('4', 'about-DuraEdge', '2017-10-30 18:08:07', '2017-10-30 18:08:07', '968893c8-2dfb-4247-88cd-9ca5b1d94276'),
 ('5', 'Products', '2017-11-13 17:15:45', '2017-11-13 17:15:45', '97c28bc9-f4cd-490e-8aee-099b09fb3272'),
 ('6', 'Maintenance', '2017-11-27 17:40:20', '2017-11-27 19:11:17', 'ab53fafe-5fcb-464e-bc39-280efc50d96a');



DROP TABLE IF EXISTS `craft_fieldlayoutfields`;


--
-- Schema for table `craft_fieldlayoutfields`
--
CREATE TABLE `craft_fieldlayoutfields` (
  `id` int(11) NOT NULL AUTO_INCREMENT,
  `layoutId` int(11) NOT NULL,
  `tabId` int(11) NOT NULL,
  `fieldId` int(11) NOT NULL,
  `required` tinyint(1) unsigned NOT NULL DEFAULT '0',
  `sortOrder` smallint(6) unsigned DEFAULT NULL,
  `dateCreated` datetime NOT NULL,
  `dateUpdated` datetime NOT NULL,
  `uid` char(36) COLLATE utf8_unicode_ci NOT NULL DEFAULT '0',
  PRIMARY KEY (`id`),
  UNIQUE KEY `craft_fieldlayoutfields_layoutId_fieldId_unq_idx` (`layoutId`,`fieldId`),
  KEY `craft_fieldlayoutfields_sortOrder_idx` (`sortOrder`),
  KEY `craft_fieldlayoutfields_tabId_fk` (`tabId`),
  KEY `craft_fieldlayoutfields_fieldId_fk` (`fieldId`)
) ENGINE=InnoDB AUTO_INCREMENT=239 DEFAULT CHARSET=utf8 COLLATE=utf8_unicode_ci;

--
-- Data for table `craft_fieldlayoutfields`
--

INSERT INTO `craft_fieldlayoutfields` (`id`, `layoutId`, `tabId`, `fieldId`, `required`, `sortOrder`, `dateCreated`, `dateUpdated`, `uid`) VALUES
 ('2', '5', '2', '1', '1', '1', '2017-09-05 17:18:02', '2017-09-05 17:18:02', '19484edf-030d-4952-ba34-dfc9291df9b4'),
 ('3', '5', '2', '2', '0', '2', '2017-09-05 17:18:02', '2017-09-05 17:18:02', '5f98d2a2-a9de-4e27-8445-5317611269f4'),
 ('38', '18', '14', '4', '0', '1', '2017-09-08 20:34:03', '2017-09-08 20:34:03', 'c6a9943e-bd82-4c9f-9b7e-5bab13aa0e9a'),
 ('47', '23', '17', '6', '0', '1', '2017-09-14 19:28:29', '2017-09-14 19:28:29', '8357efe9-0d8e-4e31-8637-beda4067b70f'),
 ('48', '23', '17', '7', '0', '2', '2017-09-14 19:28:29', '2017-09-14 19:28:29', '9010952f-47a4-499d-95b2-01780c9b0928'),
 ('49', '23', '17', '8', '0', '3', '2017-09-14 19:28:29', '2017-09-14 19:28:29', '2dfd447b-37f9-4c42-8d94-27021cceb18a'),
 ('50', '23', '17', '1', '0', '4', '2017-09-14 19:28:29', '2017-09-14 19:28:29', '432a4812-9b5a-4541-8b99-b766d7d5a9c4'),
 ('65', '34', '24', '15', '1', '1', '2017-10-27 17:45:00', '2017-10-27 17:45:00', '60b389c4-4db3-4d62-8984-87475f21a207'),
 ('66', '34', '24', '16', '0', '2', '2017-10-27 17:45:00', '2017-10-27 17:45:00', 'dd07887c-f000-4e1a-a4d7-1badee17986c'),
 ('95', '44', '32', '9', '0', '1', '2017-10-30 18:26:01', '2017-10-30 18:26:01', '9a7a1775-d3b1-4ca3-82f8-f9efe4a226be'),
 ('96', '44', '32', '10', '0', '2', '2017-10-30 18:26:01', '2017-10-30 18:26:01', '6c81d90d-c577-400c-975f-6fa2cacc192b'),
 ('97', '44', '32', '1', '0', '3', '2017-10-30 18:26:01', '2017-10-30 18:26:01', '725b3dd3-0d42-4c38-ad24-12cdbb855608'),
 ('98', '45', '33', '22', '0', '1', '2017-10-30 18:26:12', '2017-10-30 18:26:12', '51676c8a-2088-4c87-8b11-305cadb0ae04'),
 ('99', '45', '33', '23', '0', '2', '2017-10-30 18:26:12', '2017-10-30 18:26:12', '28518bd7-c485-40b5-989b-37afd7ba7365'),
 ('100', '45', '33', '24', '0', '3', '2017-10-30 18:26:12', '2017-10-30 18:26:12', '02075a7a-ab7a-4809-b68c-676303771d32'),
 ('101', '45', '33', '25', '0', '4', '2017-10-30 18:26:12', '2017-10-30 18:26:12', 'a49cc563-8aaf-4766-b4c0-137e569a6a69'),
 ('102', '45', '33', '26', '0', '5', '2017-10-30 18:26:12', '2017-10-30 18:26:12', '1507d6b8-67d3-4df9-87b5-2c7952d435b1'),
 ('105', '48', '35', '1', '0', '1', '2017-11-13 17:05:28', '2017-11-13 17:05:28', '05ccaa62-fb31-4829-8bd0-93e98b02cb1b'),
 ('106', '48', '35', '27', '0', '2', '2017-11-13 17:05:28', '2017-11-13 17:05:28', 'f903e732-f1d6-4b7f-a6b2-e1221b95a635'),
 ('107', '49', '36', '28', '0', '1', '2017-11-13 17:05:54', '2017-11-13 17:05:54', '684c231b-9eb7-41f7-b946-c053f728cedb'),
 ('108', '49', '36', '29', '0', '2', '2017-11-13 17:05:54', '2017-11-13 17:05:54', 'c9a027a3-56b3-42b4-bfcd-3a35441173e0'),
 ('116', '59', '40', '6', '0', '1', '2017-11-13 17:16:49', '2017-11-13 17:16:49', '262e6463-dd8b-4b33-9d26-b9b202ecc807'),
 ('117', '59', '40', '7', '0', '2', '2017-11-13 17:16:49', '2017-11-13 17:16:49', 'a5a49289-b3e3-4726-8e4f-cd35470e97da'),
 ('118', '59', '40', '8', '0', '3', '2017-11-13 17:16:49', '2017-11-13 17:16:49', '67939836-8a7d-485e-8168-064b9d0dfed1'),
 ('119', '59', '40', '1', '0', '4', '2017-11-13 17:16:49', '2017-11-13 17:16:49', 'a63e116b-4c61-47bf-ac1b-ae190e347107'),
 ('120', '60', '41', '1', '0', '1', '2017-11-13 17:17:18', '2017-11-13 17:17:18', '99ab8bd8-b2c6-428d-835a-2e28f3aa67cd'),
 ('121', '61', '42', '32', '0', '1', '2017-11-13 17:18:59', '2017-11-13 17:18:59', '534546f9-bdf0-4336-b19d-ffb463d05bc2'),
 ('122', '61', '42', '33', '0', '2', '2017-11-13 17:18:59', '2017-11-13 17:18:59', '7a5cc30c-40d1-4300-8c70-7d728f025894'),
 ('125', '65', '44', '23', '0', '1', '2017-11-13 17:58:16', '2017-11-13 17:58:16', '65780950-48a4-4980-842d-f5962e4b2c16'),
 ('126', '65', '44', '12', '0', '2', '2017-11-13 17:58:16', '2017-11-13 17:58:16', '1ec2a40d-9765-4f81-8e02-dd319d32c974'),
 ('141', '69', '48', '36', '0', '1', '2017-11-27 17:32:52', '2017-11-27 17:32:52', '2e06b480-61f7-47b7-b732-622f16da2230'),
 ('142', '69', '48', '37', '0', '2', '2017-11-27 17:32:52', '2017-11-27 17:32:52', '9caa2df4-57a6-4cf3-b0bb-0040e5faab23'),
 ('143', '69', '48', '38', '0', '3', '2017-11-27 17:32:52', '2017-11-27 17:32:52', 'c3476102-49a2-4e33-aaae-3d39920bad40'),
 ('147', '73', '50', '39', '0', '1', '2017-11-27 17:53:30', '2017-11-27 17:53:30', 'f9f9fd60-9c6a-465f-b6aa-af7dbe0bda9d'),
 ('148', '73', '50', '1', '0', '2', '2017-11-27 17:53:30', '2017-11-27 17:53:30', '402e4da5-2e2c-4aca-b7be-9bdb5aa7d9fa'),
 ('166', '83', '56', '1', '0', '1', '2017-11-27 19:02:34', '2017-11-27 19:02:34', '367244a5-08e3-42f8-91fd-bb7d85abf4dd'),
 ('167', '83', '56', '40', '0', '2', '2017-11-27 19:02:34', '2017-11-27 19:02:34', '0f17c095-1240-4abc-ab1f-90f5e961a425'),
 ('168', '83', '56', '39', '0', '3', '2017-11-27 19:02:34', '2017-11-27 19:02:34', 'fd7aa821-76f6-4507-9804-3f85a7180fd7'),
 ('169', '83', '56', '42', '0', '4', '2017-11-27 19:02:34', '2017-11-27 19:02:34', 'da171498-df42-4d5d-aae6-c576d301e678'),
 ('170', '83', '56', '43', '0', '5', '2017-11-27 19:02:34', '2017-11-27 19:02:34', 'c4b25e97-1032-4e6b-a4e8-16256b06e4d6'),
 ('171', '84', '57', '39', '0', '1', '2017-11-27 19:02:45', '2017-11-27 19:02:45', '34eea18a-c5bd-4262-8636-e9181ef4f031'),
 ('172', '84', '57', '1', '0', '2', '2017-11-27 19:02:45', '2017-11-27 19:02:45', '85c6aa88-b01b-4180-99d7-2f5519dd7c6f'),
 ('173', '84', '57', '40', '0', '3', '2017-11-27 19:02:45', '2017-11-27 19:02:45', '3452ee21-43f3-417c-89cc-69d2c11c1429'),
 ('174', '84', '57', '42', '0', '4', '2017-11-27 19:02:45', '2017-11-27 19:02:45', 'f0c5fc90-53e3-4c12-bfce-56d68a962673'),
 ('175', '84', '57', '43', '0', '5', '2017-11-27 19:02:45', '2017-11-27 19:02:45', '7bcc375e-2656-4075-aa7d-4101f9053f0f'),
 ('176', '85', '58', '1', '0', '1', '2017-11-27 19:02:56', '2017-11-27 19:02:56', '3e7f8940-a51f-48b5-94b8-93fb9e704adb'),
 ('177', '85', '58', '42', '0', '2', '2017-11-27 19:02:56', '2017-11-27 19:02:56', 'fd503952-578a-412f-9556-ba0392955a9a'),
 ('178', '85', '58', '40', '0', '3', '2017-11-27 19:02:56', '2017-11-27 19:02:56', '166e013a-00f8-48fb-94e9-a22a34a2ffc3'),
 ('179', '85', '58', '43', '0', '4', '2017-11-27 19:02:56', '2017-11-27 19:02:56', '2f17aebc-7416-4c70-aa96-d0df192ed1fe'),
 ('184', '90', '60', '39', '0', '1', '2017-12-04 17:58:00', '2017-12-04 17:58:00', 'c47002f3-8bca-4d9e-bc43-a57ae336537c'),
 ('185', '90', '60', '9', '0', '2', '2017-12-04 17:58:00', '2017-12-04 17:58:00', '00fba49f-953c-46f8-944e-37c72d58b709'),
 ('186', '90', '60', '1', '0', '3', '2017-12-04 17:58:00', '2017-12-04 17:58:00', '5644746e-6742-4979-b689-c5c71b0e8abc'),
 ('187', '90', '60', '44', '0', '4', '2017-12-04 17:58:00', '2017-12-04 17:58:00', '48771192-b744-4f0a-b607-92208bb85657'),
 ('188', '90', '60', '45', '0', '5', '2017-12-04 17:58:00', '2017-12-04 17:58:00', '8dcc8216-b001-453e-aeb6-1bbb833980de'),
 ('189', '92', '61', '9', '0', '1', '2017-12-06 16:45:49', '2017-12-06 16:45:49', 'c8c7f66c-89dd-4067-b1d7-6a3552d22c44'),
 ('190', '92', '61', '1', '0', '2', '2017-12-06 16:45:49', '2017-12-06 16:45:49', '50678b06-2edb-4334-97d8-77a09767cbe7'),
 ('207', '104', '66', '48', '0', '1', '2017-12-13 19:26:49', '2017-12-13 19:26:49', '4b564f7f-135c-4716-84c0-497de4f29c53'),
 ('208', '104', '66', '49', '0', '2', '2017-12-13 19:26:49', '2017-12-13 19:26:49', '6073ccb9-687d-483c-ac04-fdd28bf555f4'),
 ('209', '106', '67', '11', '0', '1', '2018-01-17 18:31:22', '2018-01-17 18:31:22', 'f5cb09b3-4214-4223-b729-703bf768c1d7'),
 ('210', '106', '67', '13', '0', '2', '2018-01-17 18:31:22', '2018-01-17 18:31:22', '02363b10-54ec-43d9-b930-26b1a0a241a6'),
 ('211', '106', '67', '55', '0', '3', '2018-01-17 18:31:22', '2018-01-17 18:31:22', '614973a3-bdde-40a3-9da0-26a1d076ba30'),
 ('212', '106', '67', '12', '0', '4', '2018-01-17 18:31:22', '2018-01-17 18:31:22', '1e214800-8a02-487f-9b08-530160aa25b8'),
 ('213', '106', '67', '14', '0', '5', '2018-01-17 18:31:22', '2018-01-17 18:31:22', 'bd77c1ff-5f5c-43e8-800d-461ba3e7a4fe'),
 ('214', '106', '67', '17', '0', '6', '2018-01-17 18:31:22', '2018-01-17 18:31:22', '54a9adcb-7c81-4147-b0ea-16ba335addb4'),
 ('215', '106', '67', '18', '0', '7', '2018-01-17 18:31:22', '2018-01-17 18:31:22', '800a8436-1070-448c-b1c1-0466351b20ca'),
 ('216', '106', '67', '19', '0', '8', '2018-01-17 18:31:22', '2018-01-17 18:31:22', '3bb9ebef-6b8b-4718-81cc-efa8f9330abd'),
 ('217', '106', '67', '20', '0', '9', '2018-01-17 18:31:22', '2018-01-17 18:31:22', '1fc990a1-3e71-476c-8039-ecd66b292283'),
 ('218', '106', '67', '34', '0', '10', '2018-01-17 18:31:22', '2018-01-17 18:31:22', '03dad23d-2f45-4d7a-83f8-7cd53800c4c9'),
 ('219', '106', '67', '47', '0', '11', '2018-01-17 18:31:22', '2018-01-17 18:31:22', 'ea94a8da-040a-42e6-8a80-0a136e3c708b'),
 ('224', '108', '69', '56', '0', '1', '2018-01-19 19:33:49', '2018-01-19 19:33:49', 'fbef492a-93be-4c78-a33a-44c888012a7f'),
 ('225', '108', '69', '11', '0', '2', '2018-01-19 19:33:49', '2018-01-19 19:33:49', '1981c250-e3c5-4502-90ba-9bcdfc9bd5be'),
 ('226', '108', '69', '17', '0', '3', '2018-01-19 19:33:49', '2018-01-19 19:33:49', '150d54b0-541d-4b7f-bd8a-17ceca343980'),
 ('227', '108', '69', '46', '0', '4', '2018-01-19 19:33:49', '2018-01-19 19:33:49', 'e4532d9d-3c89-4094-8f3a-b3be12b5efda'),
 ('232', '111', '71', '17', '0', '1', '2018-01-26 17:00:40', '2018-01-26 17:00:40', '2e282fc5-f238-4661-b171-cbf13b6491cb'),
 ('233', '111', '71', '23', '0', '2', '2018-01-26 17:00:40', '2018-01-26 17:00:40', 'a8c1f09b-eaee-47a7-a97e-d9e563fe2837'),
 ('234', '111', '71', '12', '0', '3', '2018-01-26 17:00:40', '2018-01-26 17:00:40', '7e43a00b-b835-4d65-a965-bf2bb3aae651'),
 ('235', '111', '71', '30', '0', '4', '2018-01-26 17:00:40', '2018-01-26 17:00:40', '46eb3594-cfb5-4255-aece-06dde0f0e360'),
 ('236', '111', '71', '39', '0', '5', '2018-01-26 17:00:40', '2018-01-26 17:00:40', 'bdbcf702-417a-435e-a150-14691129dcfc'),
 ('237', '112', '72', '1', '0', '1', '2018-01-31 18:18:03', '2018-01-31 18:18:03', '86f37154-4283-4beb-9152-572486836a8f'),
 ('238', '112', '72', '39', '0', '2', '2018-01-31 18:18:03', '2018-01-31 18:18:03', '321ce18e-8691-4de2-9124-4a0e4e331744');



DROP TABLE IF EXISTS `craft_fieldlayouts`;


--
-- Schema for table `craft_fieldlayouts`
--
CREATE TABLE `craft_fieldlayouts` (
  `id` int(11) NOT NULL AUTO_INCREMENT,
  `type` varchar(150) COLLATE utf8_unicode_ci NOT NULL,
  `dateCreated` datetime NOT NULL,
  `dateUpdated` datetime NOT NULL,
  `uid` char(36) COLLATE utf8_unicode_ci NOT NULL DEFAULT '0',
  PRIMARY KEY (`id`),
  KEY `craft_fieldlayouts_type_idx` (`type`)
) ENGINE=InnoDB AUTO_INCREMENT=113 DEFAULT CHARSET=utf8 COLLATE=utf8_unicode_ci;

--
-- Data for table `craft_fieldlayouts`
--

INSERT INTO `craft_fieldlayouts` (`id`, `type`, `dateCreated`, `dateUpdated`, `uid`) VALUES
 ('1', 'Tag', '2017-09-05 17:18:02', '2017-09-05 17:18:02', 'a8372830-8c0c-41be-a8fe-60af1a9beedc'),
 ('5', 'Entry', '2017-09-05 17:18:02', '2017-09-05 17:18:02', 'd23d3b41-6aef-4b34-adb5-c31c90e51482'),
 ('18', 'Category', '2017-09-08 20:34:03', '2017-09-08 20:34:03', 'ee221a3e-fde0-42c8-9104-5056777ea825'),
 ('20', 'Category', '2017-09-08 20:38:41', '2017-09-08 20:38:41', '445400a5-9e8f-4edc-97c1-9c6559895380'),
 ('22', 'Category', '2017-09-14 19:24:09', '2017-09-14 19:24:09', '15977db9-bc74-46a5-b9fd-15c323ea88b3'),
 ('23', 'Entry', '2017-09-14 19:28:29', '2017-09-14 19:28:29', '10c48a25-9f48-4004-b4d2-f972bf4e5257'),
 ('34', 'MatrixBlock', '2017-10-27 17:45:00', '2017-10-27 17:45:00', 'b5df540a-be21-4470-afe8-9a0653b6d39a'),
 ('42', 'Category', '2017-10-30 18:09:47', '2017-10-30 18:09:47', '62085d8b-be3f-41f4-ba30-ff1737faa5a3'),
 ('44', 'Entry', '2017-10-30 18:26:01', '2017-10-30 18:26:01', 'b680deb8-9eaf-48ca-b5e5-ecc422a5826e'),
 ('45', 'Entry', '2017-10-30 18:26:12', '2017-10-30 18:26:12', 'b4678d02-3794-4dbf-bc05-fedb5c9373a2'),
 ('48', 'Entry', '2017-11-13 17:05:28', '2017-11-13 17:05:28', 'bc4a52a5-a52f-4712-8f80-70e09be38835'),
 ('49', 'MatrixBlock', '2017-11-13 17:05:54', '2017-11-13 17:05:54', '4c7fd61f-6993-4eec-b004-71054a4461b7'),
 ('54', 'Entry', '2017-11-13 17:12:45', '2017-11-13 17:12:45', 'f45ae07b-18ee-4be9-8f02-b8711ab2931f'),
 ('59', 'Entry', '2017-11-13 17:16:49', '2017-11-13 17:16:49', 'ae220804-f235-4eb1-8559-1e70d6e97188'),
 ('60', 'Entry', '2017-11-13 17:17:18', '2017-11-13 17:17:18', 'fbb89c43-2c31-4baa-836d-3300a3188365'),
 ('61', 'MatrixBlock', '2017-11-13 17:18:59', '2017-11-13 17:18:59', 'd3d4071e-3c70-4ea7-8dad-f72724e5531e'),
 ('63', 'Entry', '2017-11-13 17:57:50', '2017-11-13 17:57:50', 'de7485f7-c8b0-4316-a454-cc39763a7b7c'),
 ('65', 'Entry', '2017-11-13 17:58:16', '2017-11-13 17:58:16', 'a8f54429-5834-41f6-bf4c-8670a059fc1c'),
 ('69', 'MatrixBlock', '2017-11-27 17:32:52', '2017-11-27 17:32:52', 'cb83d184-278f-4471-9c5d-c6850c529972'),
 ('70', 'Category', '2017-11-27 17:42:13', '2017-11-27 17:42:13', '80c52ecf-13eb-42ad-96b9-dd6ed88c1180'),
 ('73', 'Entry', '2017-11-27 17:53:30', '2017-11-27 17:53:30', '692f011b-7b0d-4df8-901c-9fabe2a69100'),
 ('79', 'Category', '2017-11-27 18:58:10', '2017-11-27 18:58:10', 'c19714e7-12b4-4d40-af5d-180aed9a44e6'),
 ('80', 'Category', '2017-11-27 18:58:30', '2017-11-27 18:58:30', '00c8ecb6-7ecc-4055-9acf-0ff90520dc9d'),
 ('83', 'Entry', '2017-11-27 19:02:34', '2017-11-27 19:02:34', '45b840b8-faf5-40b5-a34f-0b2ef9339a2a'),
 ('84', 'Entry', '2017-11-27 19:02:45', '2017-11-27 19:02:45', '72dd53cf-3d3d-4fcd-ac8a-954c81316a7a'),
 ('85', 'Entry', '2017-11-27 19:02:56', '2017-11-27 19:02:56', '135b80f4-1463-4f9e-9056-e8b4380d5e58'),
 ('87', 'Entry', '2017-11-27 19:31:17', '2017-11-27 19:31:17', '765564ca-3415-49e0-af8a-2cfed7a6bfc6'),
 ('90', 'Entry', '2017-12-04 17:58:00', '2017-12-04 17:58:00', 'c4153e7a-2082-4a86-98a6-6b4f300dce35'),
 ('92', 'Entry', '2017-12-06 16:45:49', '2017-12-06 16:45:49', '1bce866c-664f-4c13-8a64-4a64b00f0a9d'),
 ('99', 'Asset', '2017-12-08 19:31:05', '2017-12-08 19:31:05', 'ec470d85-9b63-4ba8-b848-54d722872f02'),
 ('104', 'MatrixBlock', '2017-12-13 19:26:49', '2017-12-13 19:26:49', '5d5f951a-a421-49ff-a5fe-56b9730647dc'),
 ('105', 'Category', '2018-01-17 17:43:27', '2018-01-17 17:43:27', '462082de-3d30-40ff-bd49-832507b5e938'),
 ('106', 'GlobalSet', '2018-01-17 18:31:22', '2018-01-17 18:31:22', '92acf4ef-0fab-4969-84a9-b8435a9407d6'),
 ('108', 'GlobalSet', '2018-01-19 19:33:49', '2018-01-19 19:33:49', '9eb7ab96-4712-450e-8cd1-57f0dc281728'),
 ('109', 'Entry', '2018-01-26 16:56:20', '2018-01-26 16:56:20', '57cd28cc-fe81-47ca-bafe-7a17ef6f41a7'),
 ('111', 'Entry', '2018-01-26 17:00:40', '2018-01-26 17:00:40', '73fa1676-8484-4e3a-b7be-a84a84ad9ed2'),
 ('112', 'Entry', '2018-01-31 18:18:03', '2018-01-31 18:18:03', '9075b1d3-0e60-4b6a-9e08-15487af78590');



DROP TABLE IF EXISTS `craft_fieldlayouttabs`;


--
-- Schema for table `craft_fieldlayouttabs`
--
CREATE TABLE `craft_fieldlayouttabs` (
  `id` int(11) NOT NULL AUTO_INCREMENT,
  `layoutId` int(11) NOT NULL,
  `name` varchar(255) COLLATE utf8_unicode_ci NOT NULL,
  `sortOrder` smallint(6) unsigned DEFAULT NULL,
  `dateCreated` datetime NOT NULL,
  `dateUpdated` datetime NOT NULL,
  `uid` char(36) COLLATE utf8_unicode_ci NOT NULL DEFAULT '0',
  PRIMARY KEY (`id`),
  KEY `craft_fieldlayouttabs_sortOrder_idx` (`sortOrder`),
  KEY `craft_fieldlayouttabs_layoutId_fk` (`layoutId`)
) ENGINE=InnoDB AUTO_INCREMENT=73 DEFAULT CHARSET=utf8 COLLATE=utf8_unicode_ci;

--
-- Data for table `craft_fieldlayouttabs`
--

INSERT INTO `craft_fieldlayouttabs` (`id`, `layoutId`, `name`, `sortOrder`, `dateCreated`, `dateUpdated`, `uid`) VALUES
 ('2', '5', 'Content', '1', '2017-09-05 17:18:02', '2017-09-05 17:18:02', '291ee137-70c1-45b9-885e-8b01f0199927'),
 ('14', '18', 'Tab 1', '1', '2017-09-08 20:34:03', '2017-09-08 20:34:03', '381e388b-416e-4af3-8f26-1aeb59efde58'),
 ('17', '23', 'Tab 1', '1', '2017-09-14 19:28:29', '2017-09-14 19:28:29', 'c73aa9bb-a567-4598-b3b5-940d1604760d'),
 ('24', '34', 'Content', '1', '2017-10-27 17:45:00', '2017-10-27 17:45:00', 'b17c8423-00c7-45d5-bed3-1f4b86b32491'),
 ('32', '44', 'Tab 1', '1', '2017-10-30 18:26:01', '2017-10-30 18:26:01', 'd2edf3c8-bca3-4470-8457-31812a90adf5'),
 ('33', '45', 'Tab 1', '1', '2017-10-30 18:26:12', '2017-10-30 18:26:12', '9303c801-63c0-4b36-b993-4e759f74b57a'),
 ('35', '48', 'Tab 1', '1', '2017-11-13 17:05:28', '2017-11-13 17:05:28', 'da0c4053-77c5-458a-aa6a-5e0e4451a517'),
 ('36', '49', 'Content', '1', '2017-11-13 17:05:54', '2017-11-13 17:05:54', 'b15b3ce4-e924-4bf9-ba04-34250be64ce5'),
 ('40', '59', 'Tab 1', '1', '2017-11-13 17:16:49', '2017-11-13 17:16:49', '0dfcb74f-9305-4ccb-a0e9-7a0d3ad3323f'),
 ('41', '60', 'Tab 1', '1', '2017-11-13 17:17:18', '2017-11-13 17:17:18', '861b2d11-601e-4f5f-a190-7ff8493424f8'),
 ('42', '61', 'Content', '1', '2017-11-13 17:18:59', '2017-11-13 17:18:59', 'a8d7a56e-9c82-44dc-84eb-88d3621a45d4'),
 ('44', '65', 'Tab 1', '1', '2017-11-13 17:58:16', '2017-11-13 17:58:16', '01770495-7c92-40e2-b21c-32f6f7fd584d'),
 ('48', '69', 'Content', '1', '2017-11-27 17:32:52', '2017-11-27 17:32:52', '5996b2a7-1642-4325-8e3b-5ee147e1166d'),
 ('50', '73', 'Tab 1', '1', '2017-11-27 17:53:30', '2017-11-27 17:53:30', 'b681d468-99d7-485d-a07b-8555ea0b520a'),
 ('56', '83', 'Tab 1', '1', '2017-11-27 19:02:34', '2017-11-27 19:02:34', 'edc35fc0-7d73-444b-9d0b-ff0f90bd4118'),
 ('57', '84', 'Tab 1', '1', '2017-11-27 19:02:45', '2017-11-27 19:02:45', '8eded640-68bb-491a-9371-cf9e9fc83083'),
 ('58', '85', 'Tab 1', '1', '2017-11-27 19:02:56', '2017-11-27 19:02:56', 'a7bce917-f8be-48d1-82f1-cfbfe8995c67'),
 ('60', '90', 'Tab 1', '1', '2017-12-04 17:58:00', '2017-12-04 17:58:00', '03234172-db91-45a4-a607-880901bd9512'),
 ('61', '92', 'Tab 1', '1', '2017-12-06 16:45:49', '2017-12-06 16:45:49', 'b493272e-2784-417a-acdd-8b22f421ec73'),
 ('66', '104', 'Content', '1', '2017-12-13 19:26:49', '2017-12-13 19:26:49', '469b03d2-7a59-435c-9d4b-00bb9305cfd3'),
 ('67', '106', 'Content', '1', '2018-01-17 18:31:22', '2018-01-17 18:31:22', '91f2d69a-9692-4be8-b501-7d30a2c0f6d0'),
 ('69', '108', 'Content', '1', '2018-01-19 19:33:49', '2018-01-19 19:33:49', 'b0451325-0d25-4dc1-b9a1-eaa66037c168'),
 ('71', '111', 'Tab 1', '1', '2018-01-26 17:00:40', '2018-01-26 17:00:40', 'abd2e574-2546-46c3-81c0-6c21d554a3e6'),
 ('72', '112', 'Tab 1', '1', '2018-01-31 18:18:03', '2018-01-31 18:18:03', '15a0f205-7471-4d0a-a974-417385709ae9');



DROP TABLE IF EXISTS `craft_fields`;


--
-- Schema for table `craft_fields`
--
CREATE TABLE `craft_fields` (
  `id` int(11) NOT NULL AUTO_INCREMENT,
  `groupId` int(11) DEFAULT NULL,
  `name` varchar(255) COLLATE utf8_unicode_ci NOT NULL,
  `handle` varchar(58) COLLATE utf8_unicode_ci NOT NULL,
  `context` varchar(255) COLLATE utf8_unicode_ci NOT NULL DEFAULT 'global',
  `instructions` text COLLATE utf8_unicode_ci,
  `translatable` tinyint(1) unsigned NOT NULL DEFAULT '0',
  `type` varchar(150) COLLATE utf8_unicode_ci NOT NULL,
  `settings` text COLLATE utf8_unicode_ci,
  `dateCreated` datetime NOT NULL,
  `dateUpdated` datetime NOT NULL,
  `uid` char(36) COLLATE utf8_unicode_ci NOT NULL DEFAULT '0',
  PRIMARY KEY (`id`),
  UNIQUE KEY `craft_fields_handle_context_unq_idx` (`handle`,`context`),
  KEY `craft_fields_context_idx` (`context`),
  KEY `craft_fields_groupId_fk` (`groupId`)
) ENGINE=InnoDB AUTO_INCREMENT=57 DEFAULT CHARSET=utf8 COLLATE=utf8_unicode_ci;

--
-- Data for table `craft_fields`
--

INSERT INTO `craft_fields` (`id`, `groupId`, `name`, `handle`, `context`, `instructions`, `translatable`, `type`, `settings`, `dateCreated`, `dateUpdated`, `uid`) VALUES
 ('1', '1', 'Body', 'body', 'global', NULL, '1', 'RichText', '{\"configFile\":\"Standard.json\",\"columnType\":\"text\"}', '2017-09-05 17:18:02', '2017-09-05 17:18:02', '172aef63-d26e-49ea-9324-767d922d2616'),
 ('2', '1', 'Tags', 'tags', 'global', NULL, '0', 'Tags', '{\"source\":\"taggroup:1\"}', '2017-09-05 17:18:02', '2017-09-05 17:18:02', '868a2a07-fbf7-4bf2-b0d1-83d4afe024e1'),
 ('3', '2', 'Maintenance Level', 'maintenanceLevel', 'global', '', '0', 'RadioButtons', '{\"options\":[{\"label\":\"Volunteer\",\"value\":\"volunteer\",\"default\":\"\"},{\"label\":\"Limited\",\"value\":\"limited\",\"default\":\"\"},{\"label\":\"Regular\",\"value\":\"regular\",\"default\":\"\"}]}', '2017-09-05 17:19:45', '2017-10-23 19:10:22', '43c05893-8371-481f-93a8-76369e2e6ed1'),
 ('4', '2', 'Water Access', 'waterAccess', 'global', '', '0', 'Lightswitch', '{\"default\":\"\"}', '2017-09-05 17:21:13', '2017-10-23 19:12:45', '5e7aeb53-87ef-4461-a24b-6adc6d586eb8'),
 ('5', '2', 'Level', 'profLevel', 'global', '', '0', 'RadioButtons', '{\"options\":[{\"label\":\"Recreational\",\"value\":\"recreational\",\"default\":\"\"},{\"label\":\"Intermediate\",\"value\":\"intermediate\",\"default\":\"\"},{\"label\":\"Professional\",\"value\":\"professional\",\"default\":\"\"}]}', '2017-09-05 17:26:12', '2017-10-23 19:09:44', '4e566eed-fc93-4f4b-a1df-68e293b1c7f3'),
 ('6', '2', 'Water Access Category', 'waterAccessCategory', 'global', '', '0', 'Categories', '{\"source\":\"group:2\",\"limit\":\"\",\"selectionLabel\":\"\"}', '2017-09-08 20:35:54', '2017-10-23 19:13:00', 'e11eb9a5-1086-4047-a336-061ce8ede353'),
 ('7', '2', 'Maintenance Level Category', 'maintenanceLevelCategory', 'global', '', '0', 'Categories', '{\"source\":\"group:3\",\"limit\":\"\",\"selectionLabel\":\"\"}', '2017-09-08 20:39:45', '2017-10-23 19:12:11', 'f6198b43-3566-4e9a-8ab9-712ab32d0f3a'),
 ('8', '2', 'New or Existing', 'newOrExisting', 'global', '', '0', 'Categories', '{\"source\":\"group:4\",\"limit\":\"\",\"selectionLabel\":\"\"}', '2017-09-14 19:28:01', '2017-10-23 19:12:30', '5f331b49-1747-44df-b6d3-aaef2300d1fb'),
 ('9', '1', 'Header', 'header', 'global', '', '0', 'PlainText', '{\"placeholder\":\"\",\"maxLength\":\"\",\"multiline\":\"\",\"initialRows\":\"4\"}', '2017-10-23 19:14:48', '2017-10-27 17:58:40', '051effc0-3ec6-4a51-a736-3fb7a643d928'),
 ('10', '1', 'DuraEdge Advantage', 'duraedgeadvantage', 'global', '', '0', 'PlainText', '{\"placeholder\":\"\",\"maxLength\":\"\",\"multiline\":\"\",\"initialRows\":\"4\"}', '2017-10-23 19:15:45', '2017-10-23 20:17:19', '6ddb37e8-1e52-42b6-9781-91228e1524fc'),
 ('11', '3', 'Logo', 'logo', 'global', '', '0', 'Assets', '{\"useSingleFolder\":\"\",\"defaultUploadLocationSubpath\":\"\",\"singleUploadLocationSubpath\":\"\",\"restrictFiles\":\"\",\"limit\":\"\",\"viewMode\":\"list\",\"selectionLabel\":\"\"}', '2017-10-27 17:32:30', '2017-10-27 17:32:30', '31564266-8684-4c88-bb18-ea1d5f8254dc'),
 ('12', '3', 'Phone Number', 'phoneNumber', 'global', '', '0', 'PlainText', '{\"placeholder\":\"\",\"maxLength\":\"\",\"multiline\":\"\",\"initialRows\":\"4\"}', '2017-10-27 17:34:12', '2017-11-13 17:10:43', '61bea1ac-684e-4200-b3a1-9bf991afdcef'),
 ('13', '3', 'address', 'address', 'global', '', '0', 'PlainText', '{\"placeholder\":\"\",\"maxLength\":\"\",\"multiline\":\"\",\"initialRows\":\"4\"}', '2017-10-27 17:34:22', '2017-10-27 17:34:22', 'ac4e823c-2129-4e60-9672-84293342b2bf'),
 ('14', '3', 'Social Media', 'socialMedia', 'global', '', '0', 'Matrix', '{\"maxBlocks\":null}', '2017-10-27 17:45:00', '2017-10-27 17:45:00', '5b95b6d1-6d39-400e-b1ec-022bc890f630'),
 ('15', NULL, 'Social Name', 'socialName', 'matrixBlockType:1', '', '0', 'Dropdown', '{\"options\":[{\"label\":\"Facebok\",\"value\":\"facebok\",\"default\":\"\"},{\"label\":\"Instagram\",\"value\":\"instagram\",\"default\":\"\"},{\"label\":\"Twitter\",\"value\":\"twitter\",\"default\":\"\"},{\"label\":\"Linkedin\",\"value\":\"linkedin\",\"default\":\"\"},{\"label\":\"Flickr\",\"value\":\"flickr\",\"default\":\"\"},{\"label\":\"YouTube\",\"value\":\"youtube\",\"default\":\"\"},{\"label\":\"Snapchat\",\"value\":\"snapchat\",\"default\":\"\"},{\"label\":\"Tumblr\",\"value\":\"tumblr\",\"default\":\"\"},{\"label\":\"Other\",\"value\":\"other\",\"default\":\"\"}]}', '2017-10-27 17:45:00', '2017-10-27 17:45:00', '0f1c1ccb-4c64-4831-81bc-ccacf53f12bc'),
 ('16', NULL, 'Address', 'address', 'matrixBlockType:1', '', '0', 'PlainText', '{\"placeholder\":\"http:\\/\\/\",\"maxLength\":\"\",\"multiline\":\"\",\"initialRows\":\"4\"}', '2017-10-27 17:45:00', '2017-10-27 17:45:00', 'ee32bbdd-4bd4-43e0-a0dc-3ceaacb35d56'),
 ('17', '3', 'Header Title', 'headerTitle', 'global', '', '0', 'PlainText', '{\"placeholder\":\"\",\"maxLength\":\"\",\"multiline\":\"\",\"initialRows\":\"4\"}', '2017-10-27 17:59:03', '2017-10-27 17:59:03', '0af962e8-6c88-4c62-a620-f106623409d5'),
 ('18', '3', 'Customer Service', 'customerService', 'global', '', '0', 'PlainText', '{\"placeholder\":\"\",\"maxLength\":\"\",\"multiline\":\"\",\"initialRows\":\"4\"}', '2017-10-30 17:50:31', '2017-10-30 17:50:31', '1af92981-bcef-4faf-a37f-1179ba91d2a7'),
 ('19', '3', 'Customer Service Hours', 'customerServiceHours', 'global', '', '0', 'PlainText', '{\"placeholder\":\"\",\"maxLength\":\"\",\"multiline\":\"\",\"initialRows\":\"4\"}', '2017-10-30 17:51:25', '2017-10-30 17:51:25', '91352a85-d6a3-4dd7-b7f6-94358b3f9081'),
 ('20', '3', 'Fax', 'fax', 'global', '', '0', 'PlainText', '{\"placeholder\":\"\",\"maxLength\":\"\",\"multiline\":\"\",\"initialRows\":\"4\"}', '2017-10-30 17:51:39', '2017-10-30 17:51:39', 'eeac0d24-1e95-469f-8f60-935e906efe2b'),
 ('21', '4', 'Staff Name', 'staffName', 'global', '', '0', 'PlainText', '{\"placeholder\":\"\",\"maxLength\":\"\",\"multiline\":\"\",\"initialRows\":\"4\"}', '2017-10-30 18:08:23', '2017-10-30 18:08:23', '989e60f2-3436-4d76-9972-8ea869fee40d'),
 ('22', '4', 'Staff Position', 'staffPosition', 'global', '', '0', 'PlainText', '{\"placeholder\":\"\",\"maxLength\":\"\",\"multiline\":\"\",\"initialRows\":\"4\"}', '2017-10-30 18:08:29', '2017-10-30 18:08:29', 'e09cd320-8b82-474e-9dfa-33660a282b6c'),
 ('23', '4', 'Email', 'email', 'global', '', '0', 'PlainText', '{\"placeholder\":\"\",\"maxLength\":\"\",\"multiline\":\"\",\"initialRows\":\"4\"}', '2017-10-30 18:08:35', '2017-11-13 17:09:38', '476ffe7f-0311-4165-ab86-3af8df670982'),
 ('24', '4', 'Staff Phone', 'staffPhone', 'global', '', '0', 'PlainText', '{\"placeholder\":\"\",\"maxLength\":\"\",\"multiline\":\"\",\"initialRows\":\"4\"}', '2017-10-30 18:08:51', '2017-10-30 18:08:51', '40245db1-de97-48c0-900f-fcdaa70b4ac2'),
 ('25', '4', 'Staff Photo', 'staffPhoto', 'global', '', '0', 'Assets', '{\"useSingleFolder\":\"\",\"defaultUploadLocationSubpath\":\"\",\"singleUploadLocationSubpath\":\"\",\"restrictFiles\":\"\",\"limit\":\"\",\"viewMode\":\"list\",\"selectionLabel\":\"\"}', '2017-10-30 18:09:00', '2017-10-30 18:09:08', 'ee51e412-5169-451b-8578-8eea3af0a2f4'),
 ('26', '4', 'Staff Category', 'staffCategory', 'global', '', '0', 'Categories', '{\"source\":\"group:5\",\"limit\":\"\",\"selectionLabel\":\"\"}', '2017-10-30 18:25:35', '2017-10-30 18:25:35', 'f3d3e96a-fb48-4e91-a717-ab67e4ed81e2'),
 ('27', '1', 'Marketing Materials', 'marketingMaterials', 'global', '', '0', 'Matrix', '{\"maxBlocks\":null}', '2017-11-13 17:04:43', '2017-11-13 17:05:54', 'f93d7aa5-b886-4265-966c-af4488c3c601'),
 ('28', NULL, 'Material Name', 'materialName', 'matrixBlockType:2', '', '0', 'PlainText', '{\"placeholder\":\"\",\"maxLength\":\"\",\"multiline\":\"\",\"initialRows\":\"4\"}', '2017-11-13 17:04:44', '2017-11-13 17:05:54', 'd3d7a2d2-1991-4de3-b96f-3ee8fd6b18ae'),
 ('29', NULL, 'File', 'file', 'matrixBlockType:2', '', '0', 'Assets', '{\"useSingleFolder\":\"\",\"defaultUploadLocationSubpath\":\"\",\"singleUploadLocationSubpath\":\"\",\"restrictFiles\":\"\",\"limit\":\"\",\"viewMode\":\"list\",\"selectionLabel\":\"\"}', '2017-11-13 17:04:44', '2017-11-13 17:05:54', '14da4763-5fe6-4073-8e04-d0fa8a0648f3'),
 ('30', '1', 'Location', 'location', 'global', '', '0', 'PlainText', '{\"placeholder\":\"\",\"maxLength\":\"\",\"multiline\":\"\",\"initialRows\":\"4\"}', '2017-11-13 17:06:49', '2017-11-13 17:08:06', 'e5a160d2-1608-469d-9ad4-127bdb0a7fe3'),
 ('31', '1', 'Process', 'process', 'global', '', '0', 'Matrix', '{\"maxBlocks\":null}', '2017-11-13 17:18:58', '2017-11-13 17:18:58', '4945be27-96a2-4a38-b167-f5960ae07865'),
 ('32', NULL, 'Process Title', 'processTitle', 'matrixBlockType:3', '', '0', 'PlainText', '{\"placeholder\":\"\",\"maxLength\":\"\",\"multiline\":\"\",\"initialRows\":\"4\"}', '2017-11-13 17:18:58', '2017-11-13 17:18:58', '308357e1-9f85-446c-b54d-f406e580b60e'),
 ('33', NULL, 'Process Information', 'processInformation', 'matrixBlockType:3', '', '0', 'RichText', '{\"configFile\":\"\",\"availableAssetSources\":\"*\",\"availableTransforms\":\"*\",\"cleanupHtml\":\"1\",\"purifyHtml\":\"1\",\"purifierConfig\":\"\",\"columnType\":\"text\"}', '2017-11-13 17:18:59', '2017-11-13 17:18:59', 'c4b3b66d-5b7e-4c08-8c7d-e2741681f218'),
 ('34', '3', 'Take the Next Step', 'takeTheNextStep', 'global', '', '0', 'PlainText', '{\"placeholder\":\"\",\"maxLength\":\"\",\"multiline\":\"\",\"initialRows\":\"4\"}', '2017-11-20 18:10:36', '2017-11-20 18:16:38', 'a226516d-8e5d-44d4-be79-950f1eb93089'),
 ('35', '1', 'Interactive Field Map', 'interactiveFieldMap', 'global', '', '0', 'Matrix', '{\"maxBlocks\":null}', '2017-11-27 17:32:39', '2017-11-27 17:32:51', '12713b80-58cb-42e6-9cc0-36125edb64a5'),
 ('36', NULL, 'Name of', 'nameOf', 'matrixBlockType:4', '', '0', 'PlainText', '{\"placeholder\":\"\",\"maxLength\":\"\",\"multiline\":\"\",\"initialRows\":\"4\"}', '2017-11-27 17:32:39', '2017-11-27 17:32:51', '23488473-35ab-4f9b-a40e-2fad19426333'),
 ('37', NULL, 'Description', 'description', 'matrixBlockType:4', '', '0', 'RichText', '{\"configFile\":\"\",\"availableAssetSources\":\"*\",\"availableTransforms\":\"*\",\"cleanupHtml\":\"1\",\"purifyHtml\":\"1\",\"purifierConfig\":\"\",\"columnType\":\"text\"}', '2017-11-27 17:32:40', '2017-11-27 17:32:52', 'd8695670-eb2b-4fb3-978d-dfa834598972'),
 ('38', NULL, 'Link To', 'linkTo', 'matrixBlockType:4', '', '0', 'PlainText', '{\"placeholder\":\"\",\"maxLength\":\"\",\"multiline\":\"\",\"initialRows\":\"4\"}', '2017-11-27 17:32:40', '2017-11-27 17:32:52', '7aa58cdc-9949-4655-8896-cabe8d1146a6'),
 ('39', '1', 'Feature Image', 'image', 'global', '', '0', 'Assets', '{\"useSingleFolder\":\"\",\"defaultUploadLocationSubpath\":\"\",\"singleUploadLocationSubpath\":\"\",\"restrictFiles\":\"\",\"limit\":\"\",\"viewMode\":\"list\",\"selectionLabel\":\"\"}', '2017-11-27 17:34:01', '2017-11-27 17:34:01', '814a77c1-691e-45b2-b104-da5cc4844e0c'),
 ('40', '1', 'Knowledge Level', 'knowledgeLevel', 'global', '', '0', 'Categories', '{\"source\":\"group:6\",\"limit\":\"\",\"selectionLabel\":\"\"}', '2017-11-27 17:42:51', '2017-11-27 17:46:02', '2d45c938-619f-46f5-80a7-2c200483fc0d'),
 ('41', '6', 'FAQ Title', 'faqTitle', 'global', '', '0', 'PlainText', '{\"placeholder\":\"\",\"maxLength\":\"\",\"multiline\":\"\",\"initialRows\":\"4\"}', '2017-11-27 17:44:48', '2017-11-27 17:44:48', '0c0c9edc-9202-4ad1-b7df-ce135c8e0d87'),
 ('42', '6', 'Video Link', 'videoLink', 'global', '', '0', 'PlainText', '{\"placeholder\":\"\",\"maxLength\":\"\",\"multiline\":\"\",\"initialRows\":\"4\"}', '2017-11-27 18:42:49', '2017-11-27 18:42:49', 'ef59c35b-d806-4e0f-82ab-139b2e145a42'),
 ('43', '6', 'Audience', 'audience', 'global', '', '0', 'Categories', '{\"source\":\"group:7\",\"limit\":\"\",\"selectionLabel\":\"\"}', '2017-11-27 19:02:12', '2017-11-27 19:02:12', '27cdccb8-6c6a-4fb7-b1ea-6c34fe98f5cb'),
 ('44', '4', 'Location Plug', 'locationPlug', 'global', '', '0', 'SmartMap_Address', '{\"layout\":{\"street1\":{\"width\":100,\"enable\":1},\"street2\":{\"width\":100,\"enable\":1},\"city\":{\"width\":50,\"enable\":1},\"state\":{\"width\":15,\"enable\":1},\"zip\":{\"width\":35,\"enable\":1},\"country\":{\"width\":100,\"enable\":1},\"lat\":{\"width\":50,\"enable\":1},\"lng\":{\"width\":50,\"enable\":1}},\"dragPinDefault\":\"\",\"dragPinLatitude\":\"0\",\"dragPinLongitude\":\"0\",\"dragPinZoom\":\"4\"}', '2017-12-04 17:46:37', '2017-12-04 17:47:10', '35a9a11d-fd41-4559-85ab-3529223d904e'),
 ('45', '4', 'Event Date', 'eventDate', 'global', '', '0', 'Date', '{\"minuteIncrement\":\"30\",\"showDate\":1,\"showTime\":0}', '2017-12-04 17:57:43', '2017-12-04 17:57:43', '38f1de64-2eb7-49e9-a923-dc1af1c95050'),
 ('46', '3', 'header baseball', 'headerBaseball', 'global', '', '0', 'Assets', '{\"useSingleFolder\":\"\",\"sources\":\"*\",\"defaultUploadLocationSource\":\"1\",\"defaultUploadLocationSubpath\":\"\",\"singleUploadLocationSource\":\"1\",\"singleUploadLocationSubpath\":\"\",\"restrictFiles\":\"\",\"limit\":\"\",\"viewMode\":\"list\",\"selectionLabel\":\"\"}', '2017-12-13 19:07:42', '2017-12-13 19:07:42', '1ac5d4a6-abe4-4ab2-907c-2b10f3f33a10'),
 ('47', '3', 'footer contact', 'footerContact', 'global', '', '0', 'Matrix', '{\"maxBlocks\":null}', '2017-12-13 19:18:56', '2017-12-13 19:26:48', '73d808fe-c6bf-4c7d-b413-bf6fbc2b54fd'),
 ('48', NULL, 'Contact Name', 'contactName', 'matrixBlockType:5', '', '0', 'Dropdown', '{\"options\":[{\"label\":\"Hours\",\"value\":\"Hours\",\"default\":\"\"},{\"label\":\"Call\",\"value\":\"Call\",\"default\":\"\"},{\"label\":\"Fax\",\"value\":\"Fax\",\"default\":\"\"}]}', '2017-12-13 19:18:57', '2017-12-13 19:26:48', 'b6b8feb5-cda9-4cbd-8572-ccb1c42690e3'),
 ('49', NULL, 'Contact Info', 'contactInfo', 'matrixBlockType:5', '', '0', 'PlainText', '{\"placeholder\":\"\",\"maxLength\":\"\",\"multiline\":\"\",\"initialRows\":\"4\"}', '2017-12-13 19:20:35', '2017-12-13 19:26:49', '8b55b41f-d530-43a6-8cae-716d8b2e10e5'),
 ('50', '4', 'Call to Action', 'callToAction', 'global', '', '0', 'PlainText', '{\"placeholder\":\"\",\"maxLength\":\"\",\"multiline\":\"\",\"initialRows\":\"4\"}', '2018-01-17 17:42:16', '2018-01-17 17:42:16', '60ccbc30-3311-4f51-961b-80745a4da4cd'),
 ('51', '1', 'Employee Type', 'employeeType', 'global', '', '0', 'Categories', '{\"source\":\"group:9\",\"limit\":\"\",\"selectionLabel\":\"\"}', '2018-01-17 17:44:18', '2018-01-17 17:44:41', '9b98026c-51db-436e-bd23-7bcf04a71328'),
 ('52', '4', 'Headline', 'headline', 'global', '', '0', 'PlainText', '{\"placeholder\":\"\",\"maxLength\":\"\",\"multiline\":\"\",\"initialRows\":\"4\"}', '2018-01-17 17:45:03', '2018-01-17 17:45:03', '29720d05-fcc6-43e9-b0dc-7595289792d2'),
 ('53', '4', 'Subheadline', 'subheadline', 'global', '', '0', 'PlainText', '{\"placeholder\":\"\",\"maxLength\":\"\",\"multiline\":\"\",\"initialRows\":\"4\"}', '2018-01-17 17:45:42', '2018-01-17 17:45:42', '12eebfa3-08d3-4cb1-a25a-d681a8a0d3c5'),
 ('54', '1', 'Featured Content', 'featuredContent', 'global', '', '0', 'Lightswitch', '{\"default\":\"\"}', '2018-01-17 17:46:26', '2018-01-17 17:46:26', '4a426b85-d9b8-4f87-9007-fe5002608d2a'),
 ('55', '4', 'Address 2', 'address2', 'global', '', '0', 'PlainText', '{\"placeholder\":\"\",\"maxLength\":\"\",\"multiline\":\"\",\"initialRows\":\"4\"}', '2018-01-17 18:31:10', '2018-01-17 18:31:10', '8b04b7c1-e04e-4400-9f48-028db13deee8'),
 ('56', '3', 'Logo Large', 'logoLarge', 'global', '', '0', 'Assets', '{\"useSingleFolder\":\"\",\"sources\":\"*\",\"defaultUploadLocationSource\":\"1\",\"defaultUploadLocationSubpath\":\"\",\"singleUploadLocationSource\":\"1\",\"singleUploadLocationSubpath\":\"\",\"restrictFiles\":\"\",\"limit\":\"\",\"viewMode\":\"list\",\"selectionLabel\":\"\"}', '2018-01-19 19:33:13', '2018-01-19 19:33:13', 'ed68ee27-d74d-4233-9cc2-2aa0f93ff0f1');



DROP TABLE IF EXISTS `craft_globalsets`;


--
-- Schema for table `craft_globalsets`
--
CREATE TABLE `craft_globalsets` (
  `id` int(11) NOT NULL,
  `name` varchar(255) COLLATE utf8_unicode_ci NOT NULL,
  `handle` varchar(255) COLLATE utf8_unicode_ci NOT NULL,
  `fieldLayoutId` int(10) DEFAULT NULL,
  `dateCreated` datetime NOT NULL,
  `dateUpdated` datetime NOT NULL,
  `uid` char(36) COLLATE utf8_unicode_ci NOT NULL DEFAULT '0',
  PRIMARY KEY (`id`),
  UNIQUE KEY `craft_globalsets_name_unq_idx` (`name`),
  UNIQUE KEY `craft_globalsets_handle_unq_idx` (`handle`),
  KEY `craft_globalsets_fieldLayoutId_fk` (`fieldLayoutId`)
) ENGINE=InnoDB DEFAULT CHARSET=utf8 COLLATE=utf8_unicode_ci;

--
-- Data for table `craft_globalsets`
--

INSERT INTO `craft_globalsets` (`id`, `name`, `handle`, `fieldLayoutId`, `dateCreated`, `dateUpdated`, `uid`) VALUES
 ('23', 'Header', 'header', '108', '2017-10-27 17:30:59', '2018-01-19 19:33:49', '33c9b8aa-87db-49e2-a252-8422901b8eb4'),
 ('24', 'Footer', 'footer', '106', '2017-10-27 17:31:05', '2018-01-17 18:31:22', '53a9be61-0965-4f3b-a4d4-1cad5a5e65d5');



DROP TABLE IF EXISTS `craft_info`;


--
-- Schema for table `craft_info`
--
CREATE TABLE `craft_info` (
  `id` int(11) NOT NULL AUTO_INCREMENT,
  `version` varchar(50) COLLATE utf8_unicode_ci NOT NULL,
  `schemaVersion` varchar(15) COLLATE utf8_unicode_ci NOT NULL,
  `edition` tinyint(1) unsigned NOT NULL DEFAULT '0',
  `siteName` varchar(100) COLLATE utf8_unicode_ci NOT NULL,
  `siteUrl` varchar(255) COLLATE utf8_unicode_ci NOT NULL,
  `timezone` varchar(30) COLLATE utf8_unicode_ci DEFAULT NULL,
  `on` tinyint(1) unsigned NOT NULL DEFAULT '0',
  `maintenance` tinyint(1) unsigned NOT NULL DEFAULT '0',
  `dateCreated` datetime NOT NULL,
  `dateUpdated` datetime NOT NULL,
  `uid` char(36) COLLATE utf8_unicode_ci NOT NULL DEFAULT '0',
  PRIMARY KEY (`id`)
) ENGINE=InnoDB AUTO_INCREMENT=2 DEFAULT CHARSET=utf8 COLLATE=utf8_unicode_ci;

--
-- Data for table `craft_info`
--

INSERT INTO `craft_info` (`id`, `version`, `schemaVersion`, `edition`, `siteName`, `siteUrl`, `timezone`, `on`, `maintenance`, `dateCreated`, `dateUpdated`, `uid`) VALUES
 ('1', '2.6.2989', '2.6.10', '0', 'Duraedge', 'http://duraedge.web', 'UTC', '1', '0', '2017-09-05 17:17:58', '2017-09-05 17:18:22', 'b2aed044-ba56-46fa-8226-fef787357c60');



DROP TABLE IF EXISTS `craft_locales`;


--
-- Schema for table `craft_locales`
--
CREATE TABLE `craft_locales` (
  `locale` char(12) COLLATE utf8_unicode_ci NOT NULL,
  `sortOrder` smallint(6) unsigned DEFAULT NULL,
  `dateCreated` datetime NOT NULL,
  `dateUpdated` datetime NOT NULL,
  `uid` char(36) COLLATE utf8_unicode_ci NOT NULL DEFAULT '0',
  PRIMARY KEY (`locale`),
  KEY `craft_locales_sortOrder_idx` (`sortOrder`)
) ENGINE=InnoDB DEFAULT CHARSET=utf8 COLLATE=utf8_unicode_ci;

--
-- Data for table `craft_locales`
--

INSERT INTO `craft_locales` (`locale`, `sortOrder`, `dateCreated`, `dateUpdated`, `uid`) VALUES
 ('en_us', '1', '2017-09-05 17:17:59', '2017-09-05 17:17:59', '29912523-29c5-49c1-8fac-9bb8fdcd06d4');



DROP TABLE IF EXISTS `craft_matrixblocks`;


--
-- Schema for table `craft_matrixblocks`
--
CREATE TABLE `craft_matrixblocks` (
  `id` int(11) NOT NULL,
  `ownerId` int(11) NOT NULL,
  `fieldId` int(11) NOT NULL,
  `typeId` int(11) DEFAULT NULL,
  `sortOrder` smallint(6) unsigned DEFAULT NULL,
  `ownerLocale` char(12) COLLATE utf8_unicode_ci DEFAULT NULL,
  `dateCreated` datetime NOT NULL,
  `dateUpdated` datetime NOT NULL,
  `uid` char(36) COLLATE utf8_unicode_ci NOT NULL DEFAULT '0',
  PRIMARY KEY (`id`),
  KEY `craft_matrixblocks_ownerId_idx` (`ownerId`),
  KEY `craft_matrixblocks_fieldId_idx` (`fieldId`),
  KEY `craft_matrixblocks_typeId_idx` (`typeId`),
  KEY `craft_matrixblocks_sortOrder_idx` (`sortOrder`),
  KEY `craft_matrixblocks_ownerLocale_fk` (`ownerLocale`)
) ENGINE=InnoDB DEFAULT CHARSET=utf8 COLLATE=utf8_unicode_ci;

--
-- Data for table `craft_matrixblocks`
--

INSERT INTO `craft_matrixblocks` (`id`, `ownerId`, `fieldId`, `typeId`, `sortOrder`, `ownerLocale`, `dateCreated`, `dateUpdated`, `uid`) VALUES
 ('25', '24', '14', '1', '1', NULL, '2017-10-27 17:46:24', '2018-01-24 15:36:58', '8a5a1e55-4ad4-47d2-9382-56f41af226a8'),
 ('26', '24', '14', '1', '2', NULL, '2017-10-30 17:57:44', '2018-01-24 15:36:58', 'ed5b72f2-e918-4da3-88df-796940d375bf'),
 ('35', '33', '31', '3', '1', NULL, '2017-11-13 18:16:46', '2017-11-13 18:16:46', '9670a478-b442-418b-babb-6d602d827a9f'),
 ('59', '24', '47', '5', '1', NULL, '2017-12-13 19:21:46', '2018-01-24 15:36:58', '408898e9-7c2f-4907-94ff-6593312161cc'),
 ('60', '24', '47', '5', '2', NULL, '2017-12-13 19:21:46', '2018-01-24 15:36:58', '21bba3a8-85d6-41dd-b778-6dc1c54b6664'),
 ('61', '24', '47', '5', '3', NULL, '2017-12-13 19:21:46', '2018-01-24 15:36:58', '893d9257-8ce0-4a66-bdc6-93651389f1b2');



DROP TABLE IF EXISTS `craft_matrixblocktypes`;


--
-- Schema for table `craft_matrixblocktypes`
--
CREATE TABLE `craft_matrixblocktypes` (
  `id` int(11) NOT NULL AUTO_INCREMENT,
  `fieldId` int(11) NOT NULL,
  `fieldLayoutId` int(11) DEFAULT NULL,
  `name` varchar(255) COLLATE utf8_unicode_ci NOT NULL,
  `handle` varchar(255) COLLATE utf8_unicode_ci NOT NULL,
  `sortOrder` smallint(6) unsigned DEFAULT NULL,
  `dateCreated` datetime NOT NULL,
  `dateUpdated` datetime NOT NULL,
  `uid` char(36) COLLATE utf8_unicode_ci NOT NULL DEFAULT '0',
  PRIMARY KEY (`id`),
  UNIQUE KEY `craft_matrixblocktypes_name_fieldId_unq_idx` (`name`,`fieldId`),
  UNIQUE KEY `craft_matrixblocktypes_handle_fieldId_unq_idx` (`handle`,`fieldId`),
  KEY `craft_matrixblocktypes_fieldId_fk` (`fieldId`),
  KEY `craft_matrixblocktypes_fieldLayoutId_fk` (`fieldLayoutId`)
) ENGINE=InnoDB AUTO_INCREMENT=6 DEFAULT CHARSET=utf8 COLLATE=utf8_unicode_ci;

--
-- Data for table `craft_matrixblocktypes`
--

INSERT INTO `craft_matrixblocktypes` (`id`, `fieldId`, `fieldLayoutId`, `name`, `handle`, `sortOrder`, `dateCreated`, `dateUpdated`, `uid`) VALUES
 ('1', '14', '34', 'Social Media Block', 'socialMediaBlock', '1', '2017-10-27 17:45:00', '2017-10-27 17:45:00', '36305dab-2c67-443f-99bc-754ba1bd7e28'),
 ('2', '27', '49', 'Materials', 'materials', '1', '2017-11-13 17:04:44', '2017-11-13 17:05:54', '639c505f-cc98-4b2b-8ca4-af7ffd972a6e'),
 ('3', '31', '61', 'ProcessInformation', 'processinformation', '1', '2017-11-13 17:18:58', '2017-11-13 17:18:59', 'd5a8a306-2895-4b9d-b947-eb2a9c251a7c'),
 ('4', '35', '69', 'Details', 'details', '1', '2017-11-27 17:32:39', '2017-11-27 17:32:52', 'b2af2544-18f3-4dc1-a85a-7e091bf91f43'),
 ('5', '47', '104', 'Contact Block', 'contactBlock', '1', '2017-12-13 19:18:57', '2017-12-13 19:26:49', '93fcba8c-c16e-406a-8561-14ca6f2d91c5');



DROP TABLE IF EXISTS `craft_matrixcontent_footercontact`;


--
-- Schema for table `craft_matrixcontent_footercontact`
--
CREATE TABLE `craft_matrixcontent_footercontact` (
  `id` int(11) NOT NULL AUTO_INCREMENT,
  `elementId` int(11) NOT NULL,
  `locale` char(12) COLLATE utf8_unicode_ci NOT NULL,
  `field_contactBlock_contactName` varchar(255) COLLATE utf8_unicode_ci DEFAULT NULL,
  `field_contactBlock_contactInfo` text COLLATE utf8_unicode_ci,
  `dateCreated` datetime NOT NULL,
  `dateUpdated` datetime NOT NULL,
  `uid` char(36) COLLATE utf8_unicode_ci NOT NULL DEFAULT '0',
  PRIMARY KEY (`id`),
  UNIQUE KEY `craft_matrixcontent_footercontact_elementId_locale_unq_idx` (`elementId`,`locale`),
  KEY `craft_matrixcontent_footercontact_locale_fk` (`locale`)
) ENGINE=InnoDB AUTO_INCREMENT=4 DEFAULT CHARSET=utf8 COLLATE=utf8_unicode_ci;

--
-- Data for table `craft_matrixcontent_footercontact`
--

INSERT INTO `craft_matrixcontent_footercontact` (`id`, `elementId`, `locale`, `field_contactBlock_contactName`, `field_contactBlock_contactInfo`, `dateCreated`, `dateUpdated`, `uid`) VALUES
 ('1', '59', 'en_us', 'Hours', '7:00 am - 4:30 pm (CST)', '2017-12-13 19:21:46', '2018-01-24 15:36:58', '9c8c1d24-6b70-4081-862b-b4f762b8a8c9'),
 ('2', '60', 'en_us', 'Call', '(866) 867-0052', '2017-12-13 19:21:46', '2018-01-24 15:36:58', 'a05ea7dc-51de-4355-be36-1bf23611325e'),
 ('3', '61', 'en_us', 'Fax', '608-836-072', '2017-12-13 19:21:46', '2018-01-24 15:36:58', '04ff9d5b-5297-4cc8-8b52-9e732530077a');



DROP TABLE IF EXISTS `craft_matrixcontent_interactivefieldmap`;


--
-- Schema for table `craft_matrixcontent_interactivefieldmap`
--
CREATE TABLE `craft_matrixcontent_interactivefieldmap` (
  `id` int(11) NOT NULL AUTO_INCREMENT,
  `elementId` int(11) NOT NULL,
  `locale` char(12) COLLATE utf8_unicode_ci NOT NULL,
  `field_details_nameOf` text COLLATE utf8_unicode_ci,
  `field_details_description` text COLLATE utf8_unicode_ci,
  `field_details_linkTo` text COLLATE utf8_unicode_ci,
  `dateCreated` datetime NOT NULL,
  `dateUpdated` datetime NOT NULL,
  `uid` char(36) COLLATE utf8_unicode_ci NOT NULL DEFAULT '0',
  PRIMARY KEY (`id`),
  UNIQUE KEY `craft_matrixcontent_interactivefieldmap_elementId_locale_unq_idx` (`elementId`,`locale`),
  KEY `craft_matrixcontent_interactivefieldmap_locale_fk` (`locale`)
) ENGINE=InnoDB DEFAULT CHARSET=utf8 COLLATE=utf8_unicode_ci;

DROP TABLE IF EXISTS `craft_matrixcontent_marketingmaterials`;


--
-- Schema for table `craft_matrixcontent_marketingmaterials`
--
CREATE TABLE `craft_matrixcontent_marketingmaterials` (
  `id` int(11) NOT NULL AUTO_INCREMENT,
  `elementId` int(11) NOT NULL,
  `locale` char(12) COLLATE utf8_unicode_ci NOT NULL,
  `field_materials_materialName` text COLLATE utf8_unicode_ci,
  `dateCreated` datetime NOT NULL,
  `dateUpdated` datetime NOT NULL,
  `uid` char(36) COLLATE utf8_unicode_ci NOT NULL DEFAULT '0',
  PRIMARY KEY (`id`),
  UNIQUE KEY `craft_matrixcontent_marketingmaterials_elementId_locale_unq_idx` (`elementId`,`locale`),
  KEY `craft_matrixcontent_marketingmaterials_locale_fk` (`locale`)
) ENGINE=InnoDB DEFAULT CHARSET=utf8 COLLATE=utf8_unicode_ci;

DROP TABLE IF EXISTS `craft_matrixcontent_process`;


--
-- Schema for table `craft_matrixcontent_process`
--
CREATE TABLE `craft_matrixcontent_process` (
  `id` int(11) NOT NULL AUTO_INCREMENT,
  `elementId` int(11) NOT NULL,
  `locale` char(12) COLLATE utf8_unicode_ci NOT NULL,
  `field_processinformation_processTitle` text COLLATE utf8_unicode_ci,
  `field_processinformation_processInformation` text COLLATE utf8_unicode_ci,
  `dateCreated` datetime NOT NULL,
  `dateUpdated` datetime NOT NULL,
  `uid` char(36) COLLATE utf8_unicode_ci NOT NULL DEFAULT '0',
  PRIMARY KEY (`id`),
  UNIQUE KEY `craft_matrixcontent_process_elementId_locale_unq_idx` (`elementId`,`locale`),
  KEY `craft_matrixcontent_process_locale_fk` (`locale`)
) ENGINE=InnoDB AUTO_INCREMENT=2 DEFAULT CHARSET=utf8 COLLATE=utf8_unicode_ci;

--
-- Data for table `craft_matrixcontent_process`
--

INSERT INTO `craft_matrixcontent_process` (`id`, `elementId`, `locale`, `field_processinformation_processTitle`, `field_processinformation_processInformation`, `dateCreated`, `dateUpdated`, `uid`) VALUES
 ('1', '35', 'en_us', 'Process 1', '<p><b>Lorem Ipsum</b> is simply dummy text of the printing and typesetting industry. Lorem Ipsum has been the industry\'s standard dummy text ever since the 1500s, when an unknown printer took a galley of type and scrambled it to make a type specimen book. It has survived not only five centuries, but also the leap into electronic typesetting, remaining essentially unchanged. It was popularised in the 1960s with the release of Letraset sheets containing Lorem Ipsum passages, and more recently with desktop publishing software like Aldus PageMaker including versions of Lorem Ipsum</p>', '2017-11-13 18:16:46', '2017-11-13 18:16:46', 'e18683b6-7ad9-4235-8f7b-3ac50eedd91e');



DROP TABLE IF EXISTS `craft_matrixcontent_socialmedia`;


--
-- Schema for table `craft_matrixcontent_socialmedia`
--
CREATE TABLE `craft_matrixcontent_socialmedia` (
  `id` int(11) NOT NULL AUTO_INCREMENT,
  `elementId` int(11) NOT NULL,
  `locale` char(12) COLLATE utf8_unicode_ci NOT NULL,
  `field_socialMediaBlock_socialName` varchar(255) COLLATE utf8_unicode_ci DEFAULT NULL,
  `field_socialMediaBlock_address` text COLLATE utf8_unicode_ci,
  `dateCreated` datetime NOT NULL,
  `dateUpdated` datetime NOT NULL,
  `uid` char(36) COLLATE utf8_unicode_ci NOT NULL DEFAULT '0',
  PRIMARY KEY (`id`),
  UNIQUE KEY `craft_matrixcontent_socialmedia_elementId_locale_unq_idx` (`elementId`,`locale`),
  KEY `craft_matrixcontent_socialmedia_locale_fk` (`locale`)
) ENGINE=InnoDB AUTO_INCREMENT=3 DEFAULT CHARSET=utf8 COLLATE=utf8_unicode_ci;

--
-- Data for table `craft_matrixcontent_socialmedia`
--

INSERT INTO `craft_matrixcontent_socialmedia` (`id`, `elementId`, `locale`, `field_socialMediaBlock_socialName`, `field_socialMediaBlock_address`, `dateCreated`, `dateUpdated`, `uid`) VALUES
 ('1', '25', 'en_us', 'facebok', 'http://www.facebook.com', '2017-10-27 17:46:24', '2018-01-24 15:36:58', 'a4f2dbfc-756e-49bb-8f64-f14dc30e8e33'),
 ('2', '26', 'en_us', 'twitter', 'https://www.twitter.com', '2017-10-30 17:57:44', '2018-01-24 15:36:58', '713e542f-bc23-4812-819c-434dc6cb42bb');



DROP TABLE IF EXISTS `craft_migrations`;


--
-- Schema for table `craft_migrations`
--
CREATE TABLE `craft_migrations` (
  `id` int(11) NOT NULL AUTO_INCREMENT,
  `pluginId` int(11) DEFAULT NULL,
  `version` varchar(255) COLLATE utf8_unicode_ci NOT NULL,
  `applyTime` datetime NOT NULL,
  `dateCreated` datetime NOT NULL,
  `dateUpdated` datetime NOT NULL,
  `uid` char(36) COLLATE utf8_unicode_ci NOT NULL DEFAULT '0',
  PRIMARY KEY (`id`),
  UNIQUE KEY `craft_migrations_version_unq_idx` (`version`),
  KEY `craft_migrations_pluginId_fk` (`pluginId`)
) ENGINE=InnoDB AUTO_INCREMENT=49 DEFAULT CHARSET=utf8 COLLATE=utf8_unicode_ci;

--
-- Data for table `craft_migrations`
--

INSERT INTO `craft_migrations` (`id`, `pluginId`, `version`, `applyTime`, `dateCreated`, `dateUpdated`, `uid`) VALUES
 ('1', NULL, 'm000000_000000_base', '2017-09-05 17:17:59', '2017-09-05 17:17:59', '2017-09-05 17:17:59', 'c42ee237-e0ab-49e6-9fea-1e927c2e6ada'),
 ('2', NULL, 'm140730_000001_add_filename_and_format_to_transformindex', '2017-09-05 17:17:59', '2017-09-05 17:17:59', '2017-09-05 17:17:59', '455865b1-632b-4c7d-b6b0-4aca326b8921'),
 ('3', NULL, 'm140815_000001_add_format_to_transforms', '2017-09-05 17:17:59', '2017-09-05 17:17:59', '2017-09-05 17:17:59', '0bc727e7-e989-4075-95d4-38d69957d808'),
 ('4', NULL, 'm140822_000001_allow_more_than_128_items_per_field', '2017-09-05 17:17:59', '2017-09-05 17:17:59', '2017-09-05 17:17:59', '745c4f91-194f-4c44-a766-b2a6d07c22b9'),
 ('5', NULL, 'm140829_000001_single_title_formats', '2017-09-05 17:17:59', '2017-09-05 17:17:59', '2017-09-05 17:17:59', 'e9157afd-a8b0-4187-995e-0f6b7375cc69'),
 ('6', NULL, 'm140831_000001_extended_cache_keys', '2017-09-05 17:17:59', '2017-09-05 17:17:59', '2017-09-05 17:17:59', '054c0501-f1de-436d-990f-dbde48767481'),
 ('7', NULL, 'm140922_000001_delete_orphaned_matrix_blocks', '2017-09-05 17:17:59', '2017-09-05 17:17:59', '2017-09-05 17:17:59', '2386449e-e3d6-4b08-bcab-efdd480b5c70'),
 ('8', NULL, 'm141008_000001_elements_index_tune', '2017-09-05 17:17:59', '2017-09-05 17:17:59', '2017-09-05 17:17:59', '8f69ac8d-4712-480a-8f21-185f759c7cf7'),
 ('9', NULL, 'm141009_000001_assets_source_handle', '2017-09-05 17:17:59', '2017-09-05 17:17:59', '2017-09-05 17:17:59', 'c38854ed-b437-4ca7-9e25-29e37f247ea2'),
 ('10', NULL, 'm141024_000001_field_layout_tabs', '2017-09-05 17:17:59', '2017-09-05 17:17:59', '2017-09-05 17:17:59', 'ce18838d-ef0b-4c07-a282-f038fcccf57a'),
 ('11', NULL, 'm141030_000000_plugin_schema_versions', '2017-09-05 17:17:59', '2017-09-05 17:17:59', '2017-09-05 17:17:59', 'c3d86135-3478-4f2f-a854-6f265a560418'),
 ('12', NULL, 'm141030_000001_drop_structure_move_permission', '2017-09-05 17:17:59', '2017-09-05 17:17:59', '2017-09-05 17:17:59', '10fc9d34-969d-4f2f-bdc0-8bc0a6bc9201'),
 ('13', NULL, 'm141103_000001_tag_titles', '2017-09-05 17:17:59', '2017-09-05 17:17:59', '2017-09-05 17:17:59', '84078917-4f2b-4b49-911b-bf4cc2ae9fb1'),
 ('14', NULL, 'm141109_000001_user_status_shuffle', '2017-09-05 17:17:59', '2017-09-05 17:17:59', '2017-09-05 17:17:59', '6cb1d3f4-aba4-4370-9c25-3449bb4945d4'),
 ('15', NULL, 'm141126_000001_user_week_start_day', '2017-09-05 17:17:59', '2017-09-05 17:17:59', '2017-09-05 17:17:59', 'aba96dc2-b962-4be7-98b9-d6461363992a'),
 ('16', NULL, 'm150210_000001_adjust_user_photo_size', '2017-09-05 17:17:59', '2017-09-05 17:17:59', '2017-09-05 17:17:59', '27d3f783-101b-4372-b101-df4cb4bb676e'),
 ('17', NULL, 'm150724_000001_adjust_quality_settings', '2017-09-05 17:17:59', '2017-09-05 17:17:59', '2017-09-05 17:17:59', '55766d9e-d3f8-4b70-b207-b2a5dd39bf28'),
 ('18', NULL, 'm150827_000000_element_index_settings', '2017-09-05 17:17:59', '2017-09-05 17:17:59', '2017-09-05 17:17:59', 'e736d137-8b03-4f96-8c87-cd7f4c4ea0a3'),
 ('19', NULL, 'm150918_000001_add_colspan_to_widgets', '2017-09-05 17:17:59', '2017-09-05 17:17:59', '2017-09-05 17:17:59', '7157c3fb-49bc-43ce-87f7-c11f0d75ac82'),
 ('20', NULL, 'm151007_000000_clear_asset_caches', '2017-09-05 17:17:59', '2017-09-05 17:17:59', '2017-09-05 17:17:59', '6608759c-fe73-4372-b341-895452cb6b64'),
 ('21', NULL, 'm151109_000000_text_url_formats', '2017-09-05 17:17:59', '2017-09-05 17:17:59', '2017-09-05 17:17:59', 'ffcc7733-f195-40fa-b2a1-950e491bb90c'),
 ('22', NULL, 'm151110_000000_move_logo', '2017-09-05 17:17:59', '2017-09-05 17:17:59', '2017-09-05 17:17:59', 'c8114de9-8c59-440c-8785-2e8245b84f86'),
 ('23', NULL, 'm151117_000000_adjust_image_widthheight', '2017-09-05 17:17:59', '2017-09-05 17:17:59', '2017-09-05 17:17:59', 'ec9eaedc-bea9-44c6-b815-1459abfbd35e'),
 ('24', NULL, 'm151127_000000_clear_license_key_status', '2017-09-05 17:17:59', '2017-09-05 17:17:59', '2017-09-05 17:17:59', '30e048bb-4e65-407e-a4ff-49339c0c9232'),
 ('25', NULL, 'm151127_000000_plugin_license_keys', '2017-09-05 17:17:59', '2017-09-05 17:17:59', '2017-09-05 17:17:59', '27db9fdc-2067-4194-9af5-b20bb450d8ab'),
 ('26', NULL, 'm151130_000000_update_pt_widget_feeds', '2017-09-05 17:17:59', '2017-09-05 17:17:59', '2017-09-05 17:17:59', '193b4e5c-99c7-48cc-a2d1-5503b0950684'),
 ('27', NULL, 'm160114_000000_asset_sources_public_url_default_true', '2017-09-05 17:17:59', '2017-09-05 17:17:59', '2017-09-05 17:17:59', '5d2e942a-7cd3-43d7-b3a9-72bf21a69ee7'),
 ('28', NULL, 'm160223_000000_sortorder_to_smallint', '2017-09-05 17:17:59', '2017-09-05 17:17:59', '2017-09-05 17:17:59', '57d62c51-108d-460a-b811-b08dd3e6a8a4'),
 ('29', NULL, 'm160229_000000_set_default_entry_statuses', '2017-09-05 17:17:59', '2017-09-05 17:17:59', '2017-09-05 17:17:59', '7429035f-8ece-4879-a27b-f1860293a86f'),
 ('30', NULL, 'm160304_000000_client_permissions', '2017-09-05 17:17:59', '2017-09-05 17:17:59', '2017-09-05 17:17:59', '74d7d0e8-258c-4b8d-88b0-44ea988ec29b'),
 ('31', NULL, 'm160322_000000_asset_filesize', '2017-09-05 17:17:59', '2017-09-05 17:17:59', '2017-09-05 17:17:59', '4927f8fb-7e9c-4c57-b0d6-9ccaf92cbbd2'),
 ('32', NULL, 'm160503_000000_orphaned_fieldlayouts', '2017-09-05 17:17:59', '2017-09-05 17:17:59', '2017-09-05 17:17:59', '6b94a5f9-7798-4b4b-a12e-d9591b5f1f92'),
 ('33', NULL, 'm160510_000000_tasksettings', '2017-09-05 17:17:59', '2017-09-05 17:17:59', '2017-09-05 17:17:59', '01ff0e79-ca2a-4dfc-a00a-c7d703c46128'),
 ('34', NULL, 'm160829_000000_pending_user_content_cleanup', '2017-09-05 17:17:59', '2017-09-05 17:17:59', '2017-09-05 17:17:59', '6dddc2ab-df96-4b62-b39c-6f0d235006fc'),
 ('35', NULL, 'm160830_000000_asset_index_uri_increase', '2017-09-05 17:17:59', '2017-09-05 17:17:59', '2017-09-05 17:17:59', 'c80ca2c0-22c2-4625-ab5d-4d7ec583afd1'),
 ('36', NULL, 'm160919_000000_usergroup_handle_title_unique', '2017-09-05 17:17:59', '2017-09-05 17:17:59', '2017-09-05 17:17:59', '0c0c2f14-7bb7-48c6-99f0-88f162f7d9bf'),
 ('37', NULL, 'm161108_000000_new_version_format', '2017-09-05 17:17:59', '2017-09-05 17:17:59', '2017-09-05 17:17:59', '972ab83d-bd88-42a3-b758-436988f2a01b'),
 ('38', NULL, 'm161109_000000_index_shuffle', '2017-09-05 17:17:59', '2017-09-05 17:17:59', '2017-09-05 17:17:59', '32f9991b-cf16-414e-acd2-2820f84d7904'),
 ('39', NULL, 'm170612_000000_route_index_shuffle', '2017-09-05 17:18:22', '2017-09-05 17:18:22', '2017-09-05 17:18:22', '73260c74-1359-4574-92ba-f79ee820ca57'),
 ('40', '2', 'm150212_145000_AmNav_renamePagesToNodes', '2017-09-19 19:09:08', '2017-09-19 19:09:08', '2017-09-19 19:09:08', '2d7b7bce-86ab-4717-a856-0ddaee7c4816'),
 ('41', '2', 'm150217_112800_AmNav_expandPageData', '2017-09-19 19:09:08', '2017-09-19 19:09:08', '2017-09-19 19:09:08', 'eb0d5553-5281-43fa-9d54-1aacc3323f44'),
 ('42', '2', 'm150403_093000_AmNav_nodesWithElements', '2017-09-19 19:09:08', '2017-09-19 19:09:08', '2017-09-19 19:09:08', '3d42a969-1077-4452-8fa0-0ea68a794c2d'),
 ('43', '2', 'm150512_105600_AmNav_addOptionalClass', '2017-09-19 19:09:08', '2017-09-19 19:09:08', '2017-09-19 19:09:08', 'daaa0866-20e3-4238-a6c0-75d56a1dca90'),
 ('44', '5', 'm140330_000000_smartMap_addCountrySubfield', '2017-12-04 17:46:07', '2017-12-04 17:46:07', '2017-12-04 17:46:07', '45570a5a-d332-496b-b536-2162e95b65ed'),
 ('45', '5', 'm140330_000001_smartMap_autofillCountryForExistingAddresses', '2017-12-04 17:46:07', '2017-12-04 17:46:07', '2017-12-04 17:46:07', 'd3282f72-56ac-47de-bdd0-0547f23451b7'),
 ('46', '5', 'm140811_000001_smartMap_changeHandleToFieldId', '2017-12-04 17:46:07', '2017-12-04 17:46:07', '2017-12-04 17:46:07', '8feaabaf-4032-4a30-bdd0-14f71242bdbc'),
 ('47', '5', 'm150329_000000_smartMap_splitGoogleApiKeys', '2017-12-04 17:46:07', '2017-12-04 17:46:07', '2017-12-04 17:46:07', 'd06bf19f-703c-49bf-97e5-0ee4d3ea52c9'),
 ('48', '5', 'm150331_000000_smartMap_reorganizeGeolocationOptions', '2017-12-04 17:46:07', '2017-12-04 17:46:07', '2017-12-04 17:46:07', '3e40b9f7-8049-49c6-bfb6-940839702e0d');



DROP TABLE IF EXISTS `craft_plugins`;


--
-- Schema for table `craft_plugins`
--
CREATE TABLE `craft_plugins` (
  `id` int(11) NOT NULL AUTO_INCREMENT,
  `class` varchar(150) COLLATE utf8_unicode_ci NOT NULL,
  `version` varchar(15) COLLATE utf8_unicode_ci NOT NULL,
  `schemaVersion` varchar(15) COLLATE utf8_unicode_ci DEFAULT NULL,
  `licenseKey` char(24) COLLATE utf8_unicode_ci DEFAULT NULL,
  `licenseKeyStatus` enum('valid','invalid','mismatched','unknown') COLLATE utf8_unicode_ci NOT NULL DEFAULT 'unknown',
  `enabled` tinyint(1) unsigned NOT NULL DEFAULT '0',
  `settings` text COLLATE utf8_unicode_ci,
  `installDate` datetime NOT NULL,
  `dateCreated` datetime NOT NULL,
  `dateUpdated` datetime NOT NULL,
  `uid` char(36) COLLATE utf8_unicode_ci NOT NULL DEFAULT '0',
  PRIMARY KEY (`id`)
) ENGINE=InnoDB AUTO_INCREMENT=6 DEFAULT CHARSET=utf8 COLLATE=utf8_unicode_ci;

--
-- Data for table `craft_plugins`
--

INSERT INTO `craft_plugins` (`id`, `class`, `version`, `schemaVersion`, `licenseKey`, `licenseKeyStatus`, `enabled`, `settings`, `installDate`, `dateCreated`, `dateUpdated`, `uid`) VALUES
 ('1', 'Adminbar', '2.1.1', '2.0.0', NULL, 'unknown', '1', NULL, '2017-09-19 19:04:54', '2017-09-19 19:04:54', '2018-02-02 15:29:07', '6dfa4a77-8a32-4e56-a78c-ac0032323214'),
 ('2', 'AmNav', '1.8.0', '1.7.4', NULL, 'unknown', '1', '{\"pluginName\":\"Navigation\",\"canDoActions\":\"\",\"quietErrors\":\"\"}', '2017-09-19 19:09:08', '2017-09-19 19:09:08', '2018-02-02 15:29:07', '31f9a006-ac12-4f1e-bf92-73e83bf407bb'),
 ('3', 'CpFieldLinks', '1.2.2', '1.0', NULL, 'unknown', '1', NULL, '2017-09-19 19:09:12', '2017-09-19 19:09:12', '2018-02-02 15:29:07', '2e2fee34-84bc-4990-8910-d81418ac1155'),
 ('4', 'VideoEmbedUtility', '1.0.0', NULL, NULL, 'unknown', '1', NULL, '2017-11-27 18:41:47', '2017-11-27 18:41:47', '2018-02-02 15:29:07', 'b88258e4-b5be-44af-9ece-a7ce98676439'),
 ('5', 'SmartMap', '2.4.1', '2.3.0', NULL, 'unknown', '1', NULL, '2017-12-04 17:46:07', '2017-12-04 17:46:07', '2018-02-02 15:29:07', '6a3fabd7-4a5f-4740-90dd-faecc0b0f67a');



DROP TABLE IF EXISTS `craft_rackspaceaccess`;


--
-- Schema for table `craft_rackspaceaccess`
--
CREATE TABLE `craft_rackspaceaccess` (
  `id` int(11) NOT NULL AUTO_INCREMENT,
  `connectionKey` varchar(255) COLLATE utf8_unicode_ci NOT NULL,
  `token` varchar(255) COLLATE utf8_unicode_ci NOT NULL,
  `storageUrl` varchar(255) COLLATE utf8_unicode_ci NOT NULL,
  `cdnUrl` varchar(255) COLLATE utf8_unicode_ci NOT NULL,
  `dateCreated` datetime NOT NULL,
  `dateUpdated` datetime NOT NULL,
  `uid` char(36) COLLATE utf8_unicode_ci NOT NULL DEFAULT '0',
  PRIMARY KEY (`id`),
  UNIQUE KEY `craft_rackspaceaccess_connectionKey_unq_idx` (`connectionKey`)
) ENGINE=InnoDB DEFAULT CHARSET=utf8 COLLATE=utf8_unicode_ci;

DROP TABLE IF EXISTS `craft_relations`;


--
-- Schema for table `craft_relations`
--
CREATE TABLE `craft_relations` (
  `id` int(11) NOT NULL AUTO_INCREMENT,
  `fieldId` int(11) NOT NULL,
  `sourceId` int(11) NOT NULL,
  `sourceLocale` char(12) COLLATE utf8_unicode_ci DEFAULT NULL,
  `targetId` int(11) NOT NULL,
  `sortOrder` smallint(6) DEFAULT NULL,
  `dateCreated` datetime NOT NULL,
  `dateUpdated` datetime NOT NULL,
  `uid` char(36) COLLATE utf8_unicode_ci NOT NULL DEFAULT '0',
  PRIMARY KEY (`id`),
  UNIQUE KEY `craft_relations_fieldId_sourceId_sourceLocale_targetId_unq_idx` (`fieldId`,`sourceId`,`sourceLocale`,`targetId`),
  KEY `craft_relations_sourceId_fk` (`sourceId`),
  KEY `craft_relations_sourceLocale_fk` (`sourceLocale`),
  KEY `craft_relations_targetId_fk` (`targetId`)
) ENGINE=InnoDB AUTO_INCREMENT=57 DEFAULT CHARSET=utf8 COLLATE=utf8_unicode_ci;

--
-- Data for table `craft_relations`
--

INSERT INTO `craft_relations` (`id`, `fieldId`, `sourceId`, `sourceLocale`, `targetId`, `sortOrder`, `dateCreated`, `dateUpdated`, `uid`) VALUES
 ('27', '26', '30', NULL, '29', '1', '2017-10-30 18:26:23', '2017-10-30 18:26:23', 'b21665b9-c79d-4030-9ba9-d1afc86b0918'),
 ('28', '26', '31', NULL, '28', '1', '2017-10-30 18:26:58', '2017-10-30 18:26:58', '9b4d05b5-e002-4c28-9671-f41d443f6394'),
 ('29', '6', '4', NULL, '11', '1', '2017-11-13 17:21:07', '2017-11-13 17:21:07', '6820fc21-00e8-4f86-b324-e2a9d7de5c1d'),
 ('30', '7', '4', NULL, '12', '1', '2017-11-13 17:21:07', '2017-11-13 17:21:07', '2903b611-fc13-482c-8963-ec8777795a93'),
 ('31', '8', '4', NULL, '16', '1', '2017-11-13 17:21:07', '2017-11-13 17:21:07', '5b9dab7c-d512-4a07-8458-a64c17f30e40'),
 ('32', '40', '46', NULL, '37', '1', '2017-11-27 19:19:32', '2017-11-27 19:19:32', 'a153b946-72a0-4687-aa04-b8d3468fb5b2'),
 ('33', '43', '46', NULL, '42', '1', '2017-11-27 19:19:32', '2017-11-27 19:19:32', '46b1a307-e99a-4b17-8b4f-9d2a18a1192d'),
 ('36', '40', '47', NULL, '36', '1', '2017-11-27 19:27:38', '2017-11-27 19:27:38', '614feccb-ea58-4450-a80a-f088d525907b'),
 ('37', '43', '47', NULL, '40', '1', '2017-11-27 19:27:38', '2017-11-27 19:27:38', '7d0500e0-6f62-423f-b814-def8c034011f'),
 ('49', '56', '23', NULL, '64', '1', '2018-01-19 19:34:05', '2018-01-19 19:34:05', '7923a14b-006f-4d9e-ae10-61bfd1a67202'),
 ('50', '11', '23', NULL, '57', '1', '2018-01-19 19:34:05', '2018-01-19 19:34:05', 'c3f85c76-4da4-44ab-aff0-3e3aa6552766'),
 ('51', '46', '23', NULL, '58', '1', '2018-01-19 19:34:05', '2018-01-19 19:34:05', '7c75ff49-4781-4efc-bf43-9b1560796ba1'),
 ('52', '11', '24', NULL, '57', '1', '2018-01-24 15:36:58', '2018-01-24 15:36:58', '8ffd760c-1e0d-4bbb-bfaf-677354916d35'),
 ('54', '39', '65', NULL, '66', '1', '2018-01-31 18:03:51', '2018-01-31 18:03:51', '7897dfe4-a4c1-4eb1-ba42-0eeec9ccd30a'),
 ('56', '39', '33', NULL, '66', '1', '2018-01-31 18:41:42', '2018-01-31 18:41:42', '1f7e7c12-2b3d-4768-aa77-c6ac42c70292');



DROP TABLE IF EXISTS `craft_routes`;


--
-- Schema for table `craft_routes`
--
CREATE TABLE `craft_routes` (
  `id` int(11) NOT NULL AUTO_INCREMENT,
  `locale` char(12) COLLATE utf8_unicode_ci DEFAULT NULL,
  `urlParts` varchar(255) COLLATE utf8_unicode_ci NOT NULL,
  `urlPattern` varchar(255) COLLATE utf8_unicode_ci NOT NULL,
  `template` varchar(255) COLLATE utf8_unicode_ci NOT NULL,
  `sortOrder` smallint(6) unsigned DEFAULT NULL,
  `dateCreated` datetime NOT NULL,
  `dateUpdated` datetime NOT NULL,
  `uid` char(36) COLLATE utf8_unicode_ci NOT NULL DEFAULT '0',
  PRIMARY KEY (`id`),
  KEY `craft_routes_locale_idx` (`locale`),
  KEY `craft_routes_urlPattern_idx` (`urlPattern`)
) ENGINE=InnoDB DEFAULT CHARSET=utf8 COLLATE=utf8_unicode_ci;

DROP TABLE IF EXISTS `craft_searchindex`;


--
-- Schema for table `craft_searchindex`
--
CREATE TABLE `craft_searchindex` (
  `elementId` int(11) NOT NULL,
  `attribute` varchar(25) COLLATE utf8_unicode_ci NOT NULL,
  `fieldId` int(11) NOT NULL,
  `locale` char(12) COLLATE utf8_unicode_ci NOT NULL,
  `keywords` text COLLATE utf8_unicode_ci NOT NULL,
  PRIMARY KEY (`elementId`,`attribute`,`fieldId`,`locale`),
  FULLTEXT KEY `craft_searchindex_keywords_idx` (`keywords`)
) ENGINE=MyISAM DEFAULT CHARSET=utf8 COLLATE=utf8_unicode_ci;

--
-- Data for table `craft_searchindex`
--

INSERT INTO `craft_searchindex` (`elementId`, `attribute`, `fieldId`, `locale`, `keywords`) VALUES
 ('1', 'username', '0', 'en_us', ' ideabase '),
 ('1', 'firstname', '0', 'en_us', ''),
 ('1', 'lastname', '0', 'en_us', ''),
 ('1', 'fullname', '0', 'en_us', ''),
 ('1', 'email', '0', 'en_us', ' info ideabasekent com '),
 ('1', 'slug', '0', 'en_us', ''),
 ('2', 'slug', '0', 'en_us', ' homepage '),
 ('2', 'title', '0', 'en_us', ' welcome to duraedge web '),
 ('2', 'field', '1', 'en_us', ' it s true this site doesn t have a whole lot of content yet but don t worry our web developers have just installed the cms and they re setting things up for the content editors this very moment soon duraedge web will be an oasis of fresh perspectives sharp analyses and astute opinions that will keep you coming back again and again '),
 ('3', 'field', '1', 'en_us', ' craft is the cms that s powering duraedge web it s beautiful powerful flexible and easy to use and it s made by pixel tonic we can t wait to dive in and see what it s capable of this is even more captivating content which you couldn t see on the news index page because it was entered after a page break and the news index template only likes to show the content on the first page craft a nice alternative to word if you re making a website '),
 ('3', 'field', '2', 'en_us', ''),
 ('3', 'slug', '0', 'en_us', ' we just installed craft '),
 ('3', 'title', '0', 'en_us', ' we just installed craft '),
 ('4', 'field', '4', 'en_us', ' 0 '),
 ('4', 'field', '3', 'en_us', ' limited '),
 ('4', 'field', '5', 'en_us', ' recreational '),
 ('4', 'slug', '0', 'en_us', ' test product '),
 ('4', 'title', '0', 'en_us', ' products '),
 ('4', 'field', '1', 'en_us', ' here is information about the limited product lorem ipsum is simply dummy text of the printing and typesetting industry lorem ipsum has been the industry s standard dummy text ever since the 1500s when an unknown printer took a galley of type and scrambled it to make a type specimen book it has '),
 ('16', 'slug', '0', 'en_us', ' new '),
 ('16', 'title', '0', 'en_us', ' new '),
 ('17', 'slug', '0', 'en_us', ' existing '),
 ('7', 'field', '1', 'en_us', ' wefsdf '),
 ('7', 'field', '2', 'en_us', ''),
 ('7', 'slug', '0', 'en_us', ' ddd '),
 ('7', 'title', '0', 'en_us', ' ddd '),
 ('8', 'field', '1', 'en_us', ' 333 '),
 ('8', 'field', '2', 'en_us', ''),
 ('8', 'slug', '0', 'en_us', ' ddd '),
 ('8', 'title', '0', 'en_us', ' ddd '),
 ('33', 'field', '31', 'en_us', ' lorem ipsum is simply dummy text of the printing and typesetting industry lorem ipsum has been the industry s standard dummy text ever since the 1500s when an unknown printer took a galley of type and scrambled it to make a type specimen book it has survived not only five centuries but also the leap into electronic typesetting remaining essentially unchanged it was popularised in the 1960s with the release of letraset sheets containing lorem ipsum passages and more recently with desktop publishing software like aldus pagemaker including versions of lorem ipsum process 1 '),
 ('10', 'field', '4', 'en_us', ' 0 '),
 ('10', 'slug', '0', 'en_us', ' has water '),
 ('10', 'title', '0', 'en_us', ' has water '),
 ('11', 'field', '4', 'en_us', ' 0 '),
 ('11', 'slug', '0', 'en_us', ' no water '),
 ('11', 'title', '0', 'en_us', ' no water '),
 ('12', 'slug', '0', 'en_us', ' light '),
 ('12', 'title', '0', 'en_us', ' light '),
 ('13', 'slug', '0', 'en_us', ' moderate '),
 ('13', 'title', '0', 'en_us', ' moderate '),
 ('14', 'slug', '0', 'en_us', ' heavy '),
 ('14', 'title', '0', 'en_us', ' heavy '),
 ('4', 'field', '6', 'en_us', ' no water '),
 ('4', 'field', '7', 'en_us', ' light '),
 ('17', 'title', '0', 'en_us', ' existing '),
 ('33', 'field', '1', 'en_us', ' lorem ipsum is simply dummy text of the printing and typesetting industry lorem ipsum has been the industry s standard dummy text ever since the 1500s when an unknown printer took a galley of type and scrambled it to make a type specimen book it has survived not only five centuries but also the leap into electronic typesetting remaining essentially unchanged it was popularised in the 1960s with the release of letraset sheets containing lorem ipsum passages and more recently with desktop publishing software like aldus pagemaker including versions of lorem ipsum '),
 ('34', 'title', '0', 'en_us', ' find a distributor '),
 ('34', 'slug', '0', 'en_us', ' find a distributor '),
 ('4', 'field', '8', 'en_us', ' new '),
 ('19', 'field', '1', 'en_us', ' 1 '),
 ('19', 'slug', '0', 'en_us', ' my soil is dry '),
 ('19', 'title', '0', 'en_us', ' my soil is dry '),
 ('20', 'field', '1', 'en_us', ' 1 2 '),
 ('20', 'slug', '0', 'en_us', ' my soil sucks '),
 ('20', 'title', '0', 'en_us', ' my soil has rocks in it '),
 ('21', 'field', '1', 'en_us', ' 1 '),
 ('21', 'slug', '0', 'en_us', ' 1 '),
 ('21', 'title', '0', 'en_us', ' 1 '),
 ('22', 'slug', '0', 'en_us', ' about duraedge '),
 ('22', 'title', '0', 'en_us', ' about duraedge '),
 ('22', 'field', '9', 'en_us', ' lorem ipsum dolor sit amet consectetuer adipiscing elit aenean commodo ligula eget dolor aenean massa cum sociis natoque penatibus et magnis dis parturient montes nascetur ridiculus mus '),
 ('22', 'field', '10', 'en_us', ' lorem ipsum dolor sit amet consectetuer adipiscing elit aenean commodo ligula eget dolor aenean massa cum sociis natoque penatibus et magnis dis parturient montes nascetur ridiculus mus '),
 ('22', 'field', '1', 'en_us', ' lorem ipsum dolor sit amet consectetuer adipiscing elit aenean commodo ligula eget dolor aenean massa cum sociis natoque penatibus et magnis dis parturient montes nascetur ridiculus mus '),
 ('23', 'slug', '0', 'en_us', ''),
 ('24', 'slug', '0', 'en_us', ''),
 ('23', 'field', '11', 'en_us', ' dura edge wordmark '),
 ('24', 'field', '11', 'en_us', ' dura edge wordmark '),
 ('24', 'field', '13', 'en_us', ' 4783 harlansburg rd '),
 ('24', 'field', '12', 'en_us', ' 866 867 0052 '),
 ('24', 'field', '14', 'en_us', ' http www facebook com facebok https www twitter com twitter '),
 ('25', 'field', '15', 'en_us', ' facebok '),
 ('25', 'field', '16', 'en_us', ' http www facebook com '),
 ('25', 'slug', '0', 'en_us', ''),
 ('23', 'field', '9', 'en_us', ''),
 ('23', 'field', '17', 'en_us', ' duraedge '),
 ('24', 'field', '17', 'en_us', ' duraedge '),
 ('24', 'field', '18', 'en_us', ' customer service center m f '),
 ('24', 'field', '19', 'en_us', ' 7 00 am 4 30 pm cst '),
 ('24', 'field', '20', 'en_us', ' 608 836 072 '),
 ('26', 'field', '15', 'en_us', ' twitter '),
 ('26', 'field', '16', 'en_us', ' https www twitter com '),
 ('26', 'slug', '0', 'en_us', ''),
 ('28', 'title', '0', 'en_us', ' executive '),
 ('28', 'slug', '0', 'en_us', ' executive '),
 ('29', 'slug', '0', 'en_us', ' staff '),
 ('29', 'title', '0', 'en_us', ' regular '),
 ('30', 'field', '22', 'en_us', ' project manager '),
 ('30', 'field', '23', 'en_us', ' jon duraedge com '),
 ('30', 'field', '24', 'en_us', ' 777 777 7777 '),
 ('30', 'field', '25', 'en_us', ''),
 ('30', 'slug', '0', 'en_us', ' jon smith '),
 ('30', 'title', '0', 'en_us', ' jon smith '),
 ('30', 'field', '26', 'en_us', ' regular '),
 ('31', 'field', '22', 'en_us', ' ceo '),
 ('31', 'field', '23', 'en_us', ' steve duraedge com '),
 ('31', 'field', '24', 'en_us', ' 88 888 8888 '),
 ('31', 'field', '25', 'en_us', ''),
 ('31', 'field', '26', 'en_us', ' executive '),
 ('31', 'slug', '0', 'en_us', ' steve smith ');
INSERT INTO `craft_searchindex` (`elementId`, `attribute`, `fieldId`, `locale`, `keywords`) VALUES
 ('31', 'title', '0', 'en_us', ' steve smith '),
 ('32', 'slug', '0', 'en_us', ' contact duraedge '),
 ('32', 'title', '0', 'en_us', ' contact duraedge '),
 ('33', 'slug', '0', 'en_us', ' why duraedge '),
 ('33', 'title', '0', 'en_us', ' why duraedge '),
 ('35', 'field', '32', 'en_us', ' process 1 '),
 ('35', 'field', '33', 'en_us', ' lorem ipsum is simply dummy text of the printing and typesetting industry lorem ipsum has been the industry s standard dummy text ever since the 1500s when an unknown printer took a galley of type and scrambled it to make a type specimen book it has survived not only five centuries but also the leap into electronic typesetting remaining essentially unchanged it was popularised in the 1960s with the release of letraset sheets containing lorem ipsum passages and more recently with desktop publishing software like aldus pagemaker including versions of lorem ipsum '),
 ('35', 'slug', '0', 'en_us', ''),
 ('24', 'field', '34', 'en_us', ' http duraedge web '),
 ('36', 'slug', '0', 'en_us', ' basic '),
 ('36', 'title', '0', 'en_us', ' basic '),
 ('37', 'slug', '0', 'en_us', ' intermediate '),
 ('37', 'title', '0', 'en_us', ' intermediate '),
 ('38', 'slug', '0', 'en_us', ' advanced '),
 ('38', 'title', '0', 'en_us', ' advanced '),
 ('39', 'slug', '0', 'en_us', ' field maintainence '),
 ('39', 'title', '0', 'en_us', ' field maintenance '),
 ('39', 'field', '39', 'en_us', ''),
 ('39', 'field', '1', 'en_us', ' about duraedge lorem ipsum dolor sit amet consectetuer adipiscing elit aenean commodo ligula eget dolor aenean massa cum sociis natoque penatibus et magnis dis parturient montes nascetur ridiculus mus lorem ipsum dolor sit amet consectetuer adipiscing elit aenean commodo ligula eget dolor aenean massa cum sociis natoque penatibus et magnis dis parturient montes nascetur ridiculus mus '),
 ('19', 'field', '39', 'en_us', ''),
 ('19', 'field', '40', 'en_us', ''),
 ('19', 'field', '42', 'en_us', ''),
 ('20', 'field', '39', 'en_us', ''),
 ('20', 'field', '40', 'en_us', ''),
 ('20', 'field', '42', 'en_us', ''),
 ('21', 'field', '39', 'en_us', ''),
 ('21', 'field', '40', 'en_us', ''),
 ('21', 'field', '42', 'en_us', ''),
 ('40', 'slug', '0', 'en_us', ' groundskeeper '),
 ('40', 'title', '0', 'en_us', ' groundskeeper '),
 ('41', 'slug', '0', 'en_us', ' coach '),
 ('41', 'title', '0', 'en_us', ' coach '),
 ('42', 'slug', '0', 'en_us', ' athletic director '),
 ('42', 'title', '0', 'en_us', ' athletic director '),
 ('43', 'slug', '0', 'en_us', ' professional '),
 ('43', 'title', '0', 'en_us', ' professional '),
 ('44', 'slug', '0', 'en_us', ' collegiate '),
 ('44', 'title', '0', 'en_us', ' collegiate '),
 ('45', 'slug', '0', 'en_us', ' recreational '),
 ('45', 'title', '0', 'en_us', ' recreational '),
 ('46', 'field', '1', 'en_us', ' lorem ipsum dolor sit amet consectetuer adipiscing elit aenean commodo ligula eget dolor '),
 ('46', 'field', '40', 'en_us', ' intermediate '),
 ('46', 'field', '39', 'en_us', ''),
 ('46', 'field', '42', 'en_us', ''),
 ('46', 'field', '43', 'en_us', ' athletic director '),
 ('46', 'slug', '0', 'en_us', ' blog post 1 '),
 ('46', 'title', '0', 'en_us', ' blog post 1 '),
 ('47', 'field', '1', 'en_us', ' about duraedge lorem ipsum dolor sit amet consectetuer adipiscing elit aenean commodo ligula eget dolor aenean massa cum sociis natoque penatibus et magnis dis parturient montes nascetur ridiculus mus lorem ipsum dolor sit amet consectetuer adipiscing elit aenean commodo ligula eget dolor aenean massa cum sociis natoque penatibus et magnis dis parturient montes nascetur ridiculus mus '),
 ('47', 'field', '40', 'en_us', ' basic '),
 ('47', 'field', '39', 'en_us', ''),
 ('47', 'field', '42', 'en_us', ''),
 ('47', 'field', '43', 'en_us', ' groundskeeper '),
 ('47', 'slug', '0', 'en_us', ' blog post 2 '),
 ('47', 'title', '0', 'en_us', ' blog post 2 '),
 ('48', 'slug', '0', 'en_us', ' certification programs '),
 ('48', 'title', '0', 'en_us', ' certification programs '),
 ('19', 'field', '43', 'en_us', ''),
 ('20', 'field', '43', 'en_us', ''),
 ('21', 'field', '43', 'en_us', ''),
 ('49', 'field', '39', 'en_us', ''),
 ('49', 'field', '9', 'en_us', ' some info about this event '),
 ('49', 'field', '1', 'en_us', ' more information about this event '),
 ('49', 'field', '44', 'en_us', ''),
 ('49', 'slug', '0', 'en_us', ' event 1 '),
 ('49', 'title', '0', 'en_us', ' event 1 '),
 ('49', 'field', '45', 'en_us', ' 2017 12 20 '),
 ('50', 'field', '39', 'en_us', ''),
 ('50', 'field', '9', 'en_us', ' some information here '),
 ('50', 'field', '1', 'en_us', ' more information here '),
 ('50', 'field', '44', 'en_us', ''),
 ('50', 'field', '45', 'en_us', ' 2018 01 10 '),
 ('50', 'slug', '0', 'en_us', ' event 2 '),
 ('50', 'title', '0', 'en_us', ' event 2 '),
 ('51', 'field', '39', 'en_us', ''),
 ('51', 'field', '9', 'en_us', ' some info '),
 ('51', 'field', '1', 'en_us', ' some more info '),
 ('51', 'field', '44', 'en_us', ''),
 ('51', 'field', '45', 'en_us', ' 2018 01 03 '),
 ('51', 'slug', '0', 'en_us', ' event 3 '),
 ('51', 'title', '0', 'en_us', ' event 3 '),
 ('52', 'field', '39', 'en_us', ''),
 ('52', 'field', '9', 'en_us', ' this event shouldn t show up '),
 ('52', 'field', '1', 'en_us', ' this event shouldn t show up  '),
 ('52', 'field', '44', 'en_us', ''),
 ('52', 'field', '45', 'en_us', ' 2017 11 01 '),
 ('52', 'slug', '0', 'en_us', ' event 4 '),
 ('52', 'title', '0', 'en_us', ' event 4 '),
 ('53', 'field', '39', 'en_us', ''),
 ('53', 'field', '9', 'en_us', ' this event shouldn t show up '),
 ('53', 'field', '1', 'en_us', ' this event shouldn t show up  '),
 ('53', 'field', '44', 'en_us', ''),
 ('53', 'field', '45', 'en_us', ' 2018 01 18 '),
 ('53', 'slug', '0', 'en_us', ' event 5 '),
 ('53', 'title', '0', 'en_us', ' event 5 '),
 ('54', 'slug', '0', 'en_us', ' architects '),
 ('54', 'title', '0', 'en_us', ' architects '),
 ('55', 'filename', '0', 'en_us', ' duraedge wordmark eps '),
 ('55', 'extension', '0', 'en_us', ' eps '),
 ('55', 'kind', '0', 'en_us', ' unknown '),
 ('55', 'slug', '0', 'en_us', ' dura edge wordmark ');
INSERT INTO `craft_searchindex` (`elementId`, `attribute`, `fieldId`, `locale`, `keywords`) VALUES
 ('55', 'title', '0', 'en_us', ' dura edge wordmark '),
 ('56', 'filename', '0', 'en_us', ' duraedgewordmark eps '),
 ('56', 'extension', '0', 'en_us', ' eps '),
 ('56', 'kind', '0', 'en_us', ' unknown '),
 ('56', 'slug', '0', 'en_us', ' dura edge wordmark '),
 ('56', 'title', '0', 'en_us', ' dura edge wordmark '),
 ('57', 'filename', '0', 'en_us', ' duraedgewordmark svg '),
 ('57', 'extension', '0', 'en_us', ' svg '),
 ('57', 'kind', '0', 'en_us', ' image '),
 ('57', 'slug', '0', 'en_us', ' dura edge wordmark '),
 ('57', 'title', '0', 'en_us', ' dura edge wordmark '),
 ('23', 'field', '46', 'en_us', ' baseball '),
 ('58', 'filename', '0', 'en_us', ' baseball svg '),
 ('58', 'extension', '0', 'en_us', ' svg '),
 ('58', 'kind', '0', 'en_us', ' image '),
 ('58', 'slug', '0', 'en_us', ' baseball '),
 ('58', 'title', '0', 'en_us', ' baseball '),
 ('24', 'field', '47', 'en_us', ' 7 00 am 4 30 pm cst hours 866 867 0052 call 608 836 072 fax '),
 ('59', 'field', '48', 'en_us', ' hours '),
 ('59', 'field', '49', 'en_us', ' 7 00 am 4 30 pm cst '),
 ('59', 'slug', '0', 'en_us', ''),
 ('60', 'field', '48', 'en_us', ' call '),
 ('60', 'field', '49', 'en_us', ' 866 867 0052 '),
 ('60', 'slug', '0', 'en_us', ''),
 ('61', 'field', '48', 'en_us', ' fax '),
 ('61', 'field', '49', 'en_us', ' 608 836 072 '),
 ('61', 'slug', '0', 'en_us', ''),
 ('62', 'slug', '0', 'en_us', ' distributor '),
 ('62', 'title', '0', 'en_us', ' distributor '),
 ('63', 'slug', '0', 'en_us', ' installer '),
 ('63', 'title', '0', 'en_us', ' installer '),
 ('24', 'field', '55', 'en_us', ' slippery rock pa 16057 '),
 ('65', 'field', '12', 'en_us', ' 412 111 2222 '),
 ('65', 'field', '23', 'en_us', ' parrot pittsburghpirates com '),
 ('23', 'field', '56', 'en_us', ' artboard 2 '),
 ('64', 'filename', '0', 'en_us', ' artboard 2 svg '),
 ('64', 'extension', '0', 'en_us', ' svg '),
 ('64', 'kind', '0', 'en_us', ' image '),
 ('64', 'slug', '0', 'en_us', ' artboard 2 '),
 ('64', 'title', '0', 'en_us', ' artboard 2 '),
 ('65', 'field', '30', 'en_us', ' pnc park pittsburgh pa '),
 ('65', 'slug', '0', 'en_us', ' pittsburgh pirates '),
 ('65', 'title', '0', 'en_us', ' pittsburgh pirates '),
 ('65', 'field', '17', 'en_us', ' professional field '),
 ('66', 'filename', '0', 'en_us', ' pittsburgh pirates_pnc park field view from seats jpg '),
 ('66', 'extension', '0', 'en_us', ' jpg '),
 ('66', 'kind', '0', 'en_us', ' image '),
 ('66', 'slug', '0', 'en_us', ' pittsburgh pirates pnc park field view from seats '),
 ('66', 'title', '0', 'en_us', ' pittsburgh pirates pnc park field view from seats '),
 ('65', 'field', '39', 'en_us', ' pittsburgh pirates pnc park field view from seats '),
 ('33', 'field', '39', 'en_us', ' pittsburgh pirates pnc park field view from seats ');



DROP TABLE IF EXISTS `craft_sections`;


--
-- Schema for table `craft_sections`
--
CREATE TABLE `craft_sections` (
  `id` int(11) NOT NULL AUTO_INCREMENT,
  `structureId` int(11) DEFAULT NULL,
  `name` varchar(255) COLLATE utf8_unicode_ci NOT NULL,
  `handle` varchar(255) COLLATE utf8_unicode_ci NOT NULL,
  `type` enum('single','channel','structure') COLLATE utf8_unicode_ci NOT NULL DEFAULT 'channel',
  `hasUrls` tinyint(1) unsigned NOT NULL DEFAULT '1',
  `template` varchar(500) COLLATE utf8_unicode_ci DEFAULT NULL,
  `enableVersioning` tinyint(1) unsigned NOT NULL DEFAULT '0',
  `dateCreated` datetime NOT NULL,
  `dateUpdated` datetime NOT NULL,
  `uid` char(36) COLLATE utf8_unicode_ci NOT NULL DEFAULT '0',
  PRIMARY KEY (`id`),
  UNIQUE KEY `craft_sections_name_unq_idx` (`name`),
  UNIQUE KEY `craft_sections_handle_unq_idx` (`handle`),
  KEY `craft_sections_structureId_fk` (`structureId`)
) ENGINE=InnoDB AUTO_INCREMENT=21 DEFAULT CHARSET=utf8 COLLATE=utf8_unicode_ci;

--
-- Data for table `craft_sections`
--

INSERT INTO `craft_sections` (`id`, `structureId`, `name`, `handle`, `type`, `hasUrls`, `template`, `enableVersioning`, `dateCreated`, `dateUpdated`, `uid`) VALUES
 ('1', NULL, 'Homepage', 'homepage', 'single', '1', 'index', '1', '2017-09-05 17:18:02', '2017-09-05 17:18:02', '6a34e5ff-605b-40b7-b3c0-55f44bc86eba'),
 ('2', NULL, 'News', 'news', 'channel', '1', 'news/_entry', '1', '2017-09-05 17:18:02', '2017-09-05 17:18:02', '4c799355-96ff-4f06-aaf6-7333270bbf66'),
 ('3', NULL, 'Products', 'products', 'single', '1', 'our_products', '1', '2017-09-05 17:29:18', '2017-11-20 19:07:17', 'dce3229d-19c0-4ddf-9de6-33a75c81c55f'),
 ('4', NULL, 'FAQs', 'faqs', 'channel', '1', 'posts/_entry', '1', '2017-09-19 19:33:34', '2017-11-29 18:14:01', '3036b701-2cd0-42f6-b595-89c7f43c2112'),
 ('5', NULL, 'About DuraEdge', 'aboutDuraedge', 'single', '1', 'about-duraedge', '1', '2017-10-23 19:16:05', '2017-10-23 19:53:39', '1e9bd1aa-08c3-442f-9570-8df1783cfe50'),
 ('6', NULL, 'Staff', 'staff', 'channel', '1', 'staff/_entry', '1', '2017-10-30 18:07:45', '2017-10-30 18:07:45', '27d2d578-a091-4ee8-a8b7-8032982b7b0f'),
 ('7', NULL, 'Contact DuraEdge', 'contactDuraedge', 'single', '1', 'contact-duraedge', '1', '2017-11-13 17:03:36', '2017-11-13 17:03:36', '9f45a3ca-138e-43fc-9ee3-97ff0c5533c3'),
 ('8', NULL, 'Current Customers', 'currentCustomers', 'channel', '1', 'current-customers/_entry', '1', '2017-11-13 17:08:44', '2017-11-13 17:08:44', '8fa4d5a6-8a3a-4b73-b36a-acf72b38c901'),
 ('9', NULL, 'Find a Distributor', 'findADistributor', 'single', '1', 'find-a-distributor/_entry', '1', '2017-11-13 17:12:34', '2017-11-13 17:58:57', '32a53d20-21a3-4a1c-863e-f70726f190e9'),
 ('10', NULL, 'Locations', 'locations', 'channel', '1', 'locations/_entry', '1', '2017-11-13 17:12:45', '2017-11-13 17:12:45', 'cded2357-1e63-49ad-a889-20b933680c1b'),
 ('11', NULL, 'Our Products', 'ourProducts', 'channel', '1', 'our-products', '1', '2017-11-13 17:13:03', '2017-11-20 19:05:01', 'e591b356-82e8-433f-881e-d0487f0866f6'),
 ('12', NULL, 'Testimonials', 'testimonials', 'channel', '1', 'testimonials/_entry', '1', '2017-11-13 17:13:17', '2017-11-13 17:13:17', 'ffd35be6-465f-487b-878b-b7246da7ee3c'),
 ('13', NULL, 'Why DuraEdge', 'whyDuraedge', 'single', '1', 'why-duraedge/_entry', '1', '2017-11-13 17:13:27', '2018-01-31 18:57:56', '22ff7d60-8199-49bf-a299-d6a52c8a3dc5'),
 ('14', NULL, 'Distributors', 'distributors', 'channel', '1', 'distributors/_entry', '1', '2017-11-13 17:58:02', '2017-11-13 17:58:02', '9f9e556d-cc44-4bec-9891-f57597a542fc'),
 ('15', NULL, 'Field Maintenance', 'fieldMaintenance', 'single', '1', 'field-maintenance', '1', '2017-11-27 17:50:32', '2017-11-27 19:15:11', '87fe878a-fa25-4778-98b4-b96b7acf2af2'),
 ('16', NULL, 'Videos', 'videos', 'channel', '1', 'posts/_entry', '1', '2017-11-27 18:49:35', '2017-11-27 18:49:35', 'd1d7ba02-c9b5-43cf-b7d6-ecdaa095212c'),
 ('17', NULL, 'Blog Posts', 'blogPosts', 'channel', '1', 'posts/_entry', '1', '2017-11-27 18:49:57', '2017-11-27 18:49:57', 'af4b7e78-d630-49be-bb13-87c2834bf585'),
 ('18', NULL, 'Certification Programs', 'certificationPrograms', 'single', '1', 'certification-programs', '1', '2017-11-27 19:30:34', '2017-11-27 19:30:34', 'e411f286-1d21-44d6-8c51-b3d9a6a5716c'),
 ('19', NULL, 'Events', 'events', 'channel', '1', 'events/_entry', '1', '2017-12-04 17:47:51', '2017-12-04 17:47:51', '5fe61883-9c8d-4c36-8062-483047cdb22e'),
 ('20', NULL, 'Architects', 'architects', 'single', '1', 'architects', '1', '2017-12-06 16:45:26', '2017-12-06 16:45:26', '62162f17-6662-4908-8399-8df8f8bfcca1');



DROP TABLE IF EXISTS `craft_sections_i18n`;


--
-- Schema for table `craft_sections_i18n`
--
CREATE TABLE `craft_sections_i18n` (
  `id` int(11) NOT NULL AUTO_INCREMENT,
  `sectionId` int(11) NOT NULL,
  `locale` char(12) COLLATE utf8_unicode_ci NOT NULL,
  `enabledByDefault` tinyint(1) unsigned NOT NULL DEFAULT '1',
  `urlFormat` text COLLATE utf8_unicode_ci,
  `nestedUrlFormat` text COLLATE utf8_unicode_ci,
  `dateCreated` datetime NOT NULL,
  `dateUpdated` datetime NOT NULL,
  `uid` char(36) COLLATE utf8_unicode_ci NOT NULL DEFAULT '0',
  PRIMARY KEY (`id`),
  UNIQUE KEY `craft_sections_i18n_sectionId_locale_unq_idx` (`sectionId`,`locale`),
  KEY `craft_sections_i18n_locale_fk` (`locale`)
) ENGINE=InnoDB AUTO_INCREMENT=21 DEFAULT CHARSET=utf8 COLLATE=utf8_unicode_ci;

--
-- Data for table `craft_sections_i18n`
--

INSERT INTO `craft_sections_i18n` (`id`, `sectionId`, `locale`, `enabledByDefault`, `urlFormat`, `nestedUrlFormat`, `dateCreated`, `dateUpdated`, `uid`) VALUES
 ('1', '1', 'en_us', '1', '__home__', NULL, '2017-09-05 17:18:02', '2017-09-05 17:18:02', '4f16b7d4-ef7c-4fa2-a8b1-a2b04e21da53'),
 ('2', '2', 'en_us', '1', 'news/{postDate.year}/{slug}', NULL, '2017-09-05 17:18:02', '2017-09-05 17:18:02', '88861079-9530-45a1-873b-df7e1da02658'),
 ('3', '3', 'en_us', '1', 'our_products', NULL, '2017-09-05 17:29:18', '2017-11-20 19:01:50', '84363bfd-40f2-4c47-a39b-9bf36ecf4c89'),
 ('4', '4', 'en_us', '1', 'faqs/{slug}', NULL, '2017-09-19 19:33:34', '2017-11-29 18:14:01', 'd7095c83-001d-4491-be22-8236a25a688f'),
 ('5', '5', 'en_us', '1', 'about-duraedge', NULL, '2017-10-23 19:16:05', '2017-10-23 19:16:05', '5848fa7d-ed6c-44e2-b8d3-6d9c9da472bd'),
 ('6', '6', 'en_us', '1', 'staff/{slug}', NULL, '2017-10-30 18:07:45', '2017-10-30 18:07:45', '7170691a-77b2-40d8-bfac-bd1d0e2047f0'),
 ('7', '7', 'en_us', '1', 'contact-duraedge', NULL, '2017-11-13 17:03:36', '2017-11-13 17:03:36', '53d0e7c6-1d69-4aeb-a69d-c291019c6793'),
 ('8', '8', 'en_us', '1', 'current-customers/{slug}', NULL, '2017-11-13 17:08:44', '2017-11-13 17:08:44', 'b5cd5914-305b-4311-80d8-58409553eb8f'),
 ('9', '9', 'en_us', '1', 'find-a-distributor', NULL, '2017-11-13 17:12:34', '2017-11-13 17:58:57', '64160fd4-3774-4382-8896-6033b0ad65a2'),
 ('10', '10', 'en_us', '1', 'locations/{slug}', NULL, '2017-11-13 17:12:45', '2017-11-13 17:12:45', 'fe971701-68e5-481a-a4e8-ee3d5a305588'),
 ('11', '11', 'en_us', '1', 'our-products/{slug}', NULL, '2017-11-13 17:13:03', '2017-11-13 17:13:03', '16983de7-8e87-4e58-9ae0-ae913295e53b'),
 ('12', '12', 'en_us', '1', 'testimonials/{slug}', NULL, '2017-11-13 17:13:17', '2017-11-13 17:13:17', '9d5831ca-1eeb-4b50-a19e-bae147005467'),
 ('13', '13', 'en_us', '1', 'why-duraedge/', NULL, '2017-11-13 17:13:27', '2018-01-31 18:57:56', '5d2c1eb0-231a-4259-a239-d2023ac1fe99'),
 ('14', '14', 'en_us', '1', 'distributors/{slug}', NULL, '2017-11-13 17:58:02', '2017-11-13 17:58:02', '70120d66-7f8e-4147-9c36-c26ce2a67f5f'),
 ('15', '15', 'en_us', '1', 'field-maintenance', NULL, '2017-11-27 17:50:32', '2017-11-27 19:09:19', '826cc130-8718-446b-bc43-5e7df96600ac'),
 ('16', '16', 'en_us', '1', 'videos/{slug}', NULL, '2017-11-27 18:49:35', '2017-11-27 18:49:35', 'cbd6981d-6232-41e9-8b52-3f85029e39c6'),
 ('17', '17', 'en_us', '1', 'blog-posts/{slug}', NULL, '2017-11-27 18:49:57', '2017-11-27 18:49:57', '6fe961e0-cf12-422c-abba-98949d6fe7d6'),
 ('18', '18', 'en_us', '1', 'certification-programs', NULL, '2017-11-27 19:30:34', '2017-11-27 19:30:34', '76fe24ca-8f8d-4c6f-8868-44dbdb9f6c3e'),
 ('19', '19', 'en_us', '1', 'events/{slug}', NULL, '2017-12-04 17:47:51', '2017-12-04 17:47:51', '4c66767e-c90d-41f9-9559-404306d7fe7b'),
 ('20', '20', 'en_us', '1', 'architects', NULL, '2017-12-06 16:45:26', '2017-12-06 16:45:26', 'f62e33b5-cc63-4b96-a6b0-c081738b0b67');



DROP TABLE IF EXISTS `craft_sessions`;


--
-- Schema for table `craft_sessions`
--
CREATE TABLE `craft_sessions` (
  `id` int(11) NOT NULL AUTO_INCREMENT,
  `userId` int(11) NOT NULL,
  `token` char(100) COLLATE utf8_unicode_ci NOT NULL,
  `dateCreated` datetime NOT NULL,
  `dateUpdated` datetime NOT NULL,
  `uid` char(36) COLLATE utf8_unicode_ci NOT NULL DEFAULT '0',
  PRIMARY KEY (`id`),
  KEY `craft_sessions_uid_idx` (`uid`),
  KEY `craft_sessions_token_idx` (`token`),
  KEY `craft_sessions_dateUpdated_idx` (`dateUpdated`),
  KEY `craft_sessions_userId_fk` (`userId`)
) ENGINE=InnoDB AUTO_INCREMENT=26 DEFAULT CHARSET=utf8 COLLATE=utf8_unicode_ci;

DROP TABLE IF EXISTS `craft_shunnedmessages`;


--
-- Schema for table `craft_shunnedmessages`
--
CREATE TABLE `craft_shunnedmessages` (
  `id` int(11) NOT NULL AUTO_INCREMENT,
  `userId` int(11) NOT NULL,
  `message` varchar(255) COLLATE utf8_unicode_ci NOT NULL,
  `expiryDate` datetime DEFAULT NULL,
  `dateCreated` datetime NOT NULL,
  `dateUpdated` datetime NOT NULL,
  `uid` char(36) COLLATE utf8_unicode_ci NOT NULL DEFAULT '0',
  PRIMARY KEY (`id`),
  UNIQUE KEY `craft_shunnedmessages_userId_message_unq_idx` (`userId`,`message`)
) ENGINE=InnoDB DEFAULT CHARSET=utf8 COLLATE=utf8_unicode_ci;

DROP TABLE IF EXISTS `craft_smartmap_addresses`;


--
-- Schema for table `craft_smartmap_addresses`
--
CREATE TABLE `craft_smartmap_addresses` (
  `id` int(11) NOT NULL AUTO_INCREMENT,
  `elementId` int(11) NOT NULL,
  `fieldId` int(11) NOT NULL,
  `street1` varchar(255) COLLATE utf8_unicode_ci DEFAULT NULL,
  `street2` varchar(255) COLLATE utf8_unicode_ci DEFAULT NULL,
  `city` varchar(255) COLLATE utf8_unicode_ci DEFAULT NULL,
  `state` varchar(255) COLLATE utf8_unicode_ci DEFAULT NULL,
  `zip` varchar(255) COLLATE utf8_unicode_ci DEFAULT NULL,
  `country` varchar(255) COLLATE utf8_unicode_ci DEFAULT NULL,
  `lat` decimal(12,8) DEFAULT NULL,
  `lng` decimal(12,8) DEFAULT NULL,
  `dateCreated` datetime NOT NULL,
  `dateUpdated` datetime NOT NULL,
  `uid` char(36) COLLATE utf8_unicode_ci NOT NULL DEFAULT '0',
  PRIMARY KEY (`id`),
  KEY `craft_smartmap_addresses_elementId_fk` (`elementId`),
  KEY `craft_smartmap_addresses_fieldId_fk` (`fieldId`)
) ENGINE=InnoDB AUTO_INCREMENT=6 DEFAULT CHARSET=utf8 COLLATE=utf8_unicode_ci;

--
-- Data for table `craft_smartmap_addresses`
--

INSERT INTO `craft_smartmap_addresses` (`id`, `elementId`, `fieldId`, `street1`, `street2`, `city`, `state`, `zip`, `country`, `lat`, `lng`, `dateCreated`, `dateUpdated`, `uid`) VALUES
 ('1', '49', '44', NULL, NULL, NULL, NULL, NULL, NULL, NULL, NULL, '2017-12-04 17:53:22', '2017-12-04 17:58:13', 'd80a7a0d-540d-4773-9208-98d4dab25665'),
 ('2', '50', '44', NULL, NULL, NULL, NULL, NULL, NULL, NULL, NULL, '2017-12-04 17:58:37', '2017-12-04 17:58:37', 'ff21fb32-e10d-4bc1-a53b-671bb0d9eb55'),
 ('3', '51', '44', NULL, NULL, NULL, NULL, NULL, NULL, NULL, NULL, '2017-12-04 18:03:15', '2017-12-04 18:03:15', '21e4c9d6-f10e-4afe-828f-af8e2451812c'),
 ('4', '52', '44', NULL, NULL, NULL, NULL, NULL, NULL, NULL, NULL, '2017-12-04 18:04:06', '2017-12-04 18:04:06', '72f487b2-9838-4cbe-8282-e9bbcf421360'),
 ('5', '53', '44', NULL, NULL, NULL, NULL, NULL, NULL, NULL, NULL, '2017-12-04 18:04:35', '2017-12-04 18:04:35', 'e94b0a56-5f7b-401e-85c6-80fed4b05b84');



DROP TABLE IF EXISTS `craft_structureelements`;


--
-- Schema for table `craft_structureelements`
--
CREATE TABLE `craft_structureelements` (
  `id` int(11) NOT NULL AUTO_INCREMENT,
  `structureId` int(11) NOT NULL,
  `elementId` int(11) DEFAULT NULL,
  `root` int(11) unsigned DEFAULT NULL,
  `lft` int(11) unsigned NOT NULL,
  `rgt` int(11) unsigned NOT NULL,
  `level` smallint(6) unsigned NOT NULL,
  `dateCreated` datetime NOT NULL,
  `dateUpdated` datetime NOT NULL,
  `uid` char(36) COLLATE utf8_unicode_ci NOT NULL DEFAULT '0',
  PRIMARY KEY (`id`),
  UNIQUE KEY `craft_structureelements_structureId_elementId_unq_idx` (`structureId`,`elementId`),
  KEY `craft_structureelements_root_idx` (`root`),
  KEY `craft_structureelements_lft_idx` (`lft`),
  KEY `craft_structureelements_rgt_idx` (`rgt`),
  KEY `craft_structureelements_level_idx` (`level`),
  KEY `craft_structureelements_elementId_fk` (`elementId`)
) ENGINE=InnoDB AUTO_INCREMENT=33 DEFAULT CHARSET=utf8 COLLATE=utf8_unicode_ci;

--
-- Data for table `craft_structureelements`
--

INSERT INTO `craft_structureelements` (`id`, `structureId`, `elementId`, `root`, `lft`, `rgt`, `level`, `dateCreated`, `dateUpdated`, `uid`) VALUES
 ('1', '1', NULL, '1', '1', '2', '0', '2017-09-05 18:05:31', '2017-09-05 18:05:31', 'f07ab259-58ad-4a34-b624-c0a3ff93d413'),
 ('3', '2', NULL, '3', '1', '6', '0', '2017-09-08 20:34:43', '2017-09-08 20:34:43', '5eca37ec-b305-4283-8805-20c9aa337479'),
 ('4', '2', '10', '3', '2', '3', '1', '2017-09-08 20:34:43', '2017-09-08 20:34:43', 'c2d80cd5-573a-44f7-99f3-9c6245df5f09'),
 ('5', '2', '11', '3', '4', '5', '1', '2017-09-08 20:34:51', '2017-09-08 20:34:51', '50752eaf-fbd4-4d6f-8ae0-6e8a4969fca1'),
 ('6', '3', NULL, '6', '1', '8', '0', '2017-09-08 20:38:50', '2017-09-08 20:38:50', '899aa80d-aebc-4fb4-9549-a0a2db925aee'),
 ('7', '3', '12', '6', '2', '3', '1', '2017-09-08 20:38:50', '2017-09-08 20:38:50', '263367c7-1919-4d47-a4fb-d7137a9dcc12'),
 ('8', '3', '13', '6', '4', '5', '1', '2017-09-08 20:38:55', '2017-09-08 20:38:55', 'b8c6b68d-718f-47f5-a774-5edcacd16685'),
 ('9', '3', '14', '6', '6', '7', '1', '2017-09-08 20:39:00', '2017-09-08 20:39:00', '5baddfaf-d9ce-43c3-9fdb-ed5b2b84b0f9'),
 ('11', '4', NULL, '11', '1', '6', '0', '2017-09-14 19:24:19', '2017-09-14 19:24:19', 'c10dc9c6-8a8b-4ea6-ade8-e7aab7cd0326'),
 ('12', '4', '16', '11', '2', '3', '1', '2017-09-14 19:24:19', '2017-09-14 19:24:19', '6c37b8a5-648b-4acc-a8b8-79d7a7e50fd0'),
 ('13', '4', '17', '11', '4', '5', '1', '2017-09-14 19:24:25', '2017-09-14 19:24:25', '905f33e6-0988-4bdf-91ae-a11b2678e786'),
 ('15', '5', NULL, '15', '1', '6', '0', '2017-10-30 18:10:01', '2017-10-30 18:10:01', '811ad5e6-890a-43cf-b756-57ba278663f2'),
 ('16', '5', '28', '15', '2', '3', '1', '2017-10-30 18:10:01', '2017-10-30 18:10:01', '77680921-10c1-4605-a08c-76a61a5eb83e'),
 ('17', '5', '29', '15', '4', '5', '1', '2017-10-30 18:10:05', '2017-10-30 18:10:05', 'f6b58f8d-f4c4-4f97-8231-1d43ea241b5f'),
 ('18', '6', NULL, '18', '1', '8', '0', '2017-11-27 17:42:20', '2017-11-27 17:42:20', 'd65de40e-6ff8-4ee7-aa81-a41004b6654c'),
 ('19', '6', '36', '18', '2', '3', '1', '2017-11-27 17:42:20', '2017-11-27 17:42:20', '6c3d6463-974d-4620-ac51-7d668781c7bf'),
 ('20', '6', '37', '18', '4', '5', '1', '2017-11-27 17:42:25', '2017-11-27 17:42:25', '341fc678-7afd-42e6-9b5e-d6fd577d7a5a'),
 ('21', '6', '38', '18', '6', '7', '1', '2017-11-27 17:42:30', '2017-11-27 17:42:30', '805012eb-fba1-4c77-93d4-94eaccb716bf'),
 ('22', '7', NULL, '22', '1', '8', '0', '2017-11-27 18:58:56', '2017-11-27 18:58:56', '9ce797bc-6b06-4657-a1c6-10f3ff54dd63'),
 ('23', '7', '40', '22', '2', '3', '1', '2017-11-27 18:58:56', '2017-11-27 18:58:56', '471cae55-73cd-45bf-912e-796f36f701d6'),
 ('24', '7', '41', '22', '4', '5', '1', '2017-11-27 18:59:05', '2017-11-27 18:59:05', '93ae24c2-26b6-412e-9c99-5ec8bea1dc02'),
 ('25', '7', '42', '22', '6', '7', '1', '2017-11-27 18:59:13', '2017-11-27 18:59:13', '7ac04cee-20c8-462d-8ac0-98482f93be8e'),
 ('26', '8', NULL, '26', '1', '8', '0', '2017-11-27 18:59:31', '2017-11-27 18:59:31', '9937bff6-c7c1-4347-abe1-9e905f92ab99'),
 ('27', '8', '43', '26', '2', '3', '1', '2017-11-27 18:59:31', '2017-11-27 18:59:31', 'e55a5de5-bda7-4651-b266-d0a3236af85c'),
 ('28', '8', '44', '26', '4', '5', '1', '2017-11-27 18:59:36', '2017-11-27 18:59:36', 'c949e59c-604e-434d-972c-32f53529c748'),
 ('29', '8', '45', '26', '6', '7', '1', '2017-11-27 18:59:41', '2017-11-27 18:59:41', 'ba793f39-9be2-4a95-b2e3-749e3266de0a'),
 ('30', '9', NULL, '30', '1', '6', '0', '2018-01-17 17:43:45', '2018-01-17 17:43:45', '62d779c6-346a-445f-97d2-d537ac7341a9'),
 ('31', '9', '62', '30', '2', '3', '1', '2018-01-17 17:43:45', '2018-01-17 17:43:45', 'b999dc9c-6c1b-4cad-a76f-b8b23978eb3d'),
 ('32', '9', '63', '30', '4', '5', '1', '2018-01-17 17:43:50', '2018-01-17 17:43:50', 'ee559632-d602-40a5-b72f-fc06b9d0b173');



DROP TABLE IF EXISTS `craft_structures`;


--
-- Schema for table `craft_structures`
--
CREATE TABLE `craft_structures` (
  `id` int(11) NOT NULL AUTO_INCREMENT,
  `maxLevels` smallint(6) unsigned DEFAULT NULL,
  `dateCreated` datetime NOT NULL,
  `dateUpdated` datetime NOT NULL,
  `uid` char(36) COLLATE utf8_unicode_ci NOT NULL DEFAULT '0',
  PRIMARY KEY (`id`)
) ENGINE=InnoDB AUTO_INCREMENT=10 DEFAULT CHARSET=utf8 COLLATE=utf8_unicode_ci;

--
-- Data for table `craft_structures`
--

INSERT INTO `craft_structures` (`id`, `maxLevels`, `dateCreated`, `dateUpdated`, `uid`) VALUES
 ('1', NULL, '2017-09-05 17:27:17', '2017-09-05 18:07:50', '0ec3bce9-139f-4b69-903f-02d6584e8e42'),
 ('2', NULL, '2017-09-08 20:34:03', '2017-09-08 20:34:03', 'b2a6c990-537f-4f28-992d-78c1e9ea425a'),
 ('3', NULL, '2017-09-08 20:38:41', '2017-09-08 20:38:41', '1313218a-ac60-4b21-b729-50ccf7367d28'),
 ('4', NULL, '2017-09-14 19:24:09', '2017-09-14 19:24:09', 'f0dd74ad-2320-4bf2-8b37-96b3d100fc44'),
 ('5', NULL, '2017-10-30 18:09:47', '2017-10-30 18:09:47', 'fbe33c12-c9f9-47fe-b4c6-9029a48036b8'),
 ('6', NULL, '2017-11-27 17:42:13', '2017-11-27 17:42:13', '00698764-a072-4967-936e-3657afc3424f'),
 ('7', NULL, '2017-11-27 18:58:10', '2017-11-27 18:58:10', 'b2e4b931-fb9d-4f18-95d6-7deb276b4091'),
 ('8', NULL, '2017-11-27 18:58:30', '2017-11-27 18:58:30', 'fac6865b-3907-46d9-a093-fd1c45cf358b'),
 ('9', NULL, '2018-01-17 17:43:27', '2018-01-17 17:43:27', '309851ad-3b75-462f-ab8b-02ac417d6b71');



DROP TABLE IF EXISTS `craft_systemsettings`;


--
-- Schema for table `craft_systemsettings`
--
CREATE TABLE `craft_systemsettings` (
  `id` int(11) NOT NULL AUTO_INCREMENT,
  `category` varchar(15) COLLATE utf8_unicode_ci NOT NULL,
  `settings` text COLLATE utf8_unicode_ci,
  `dateCreated` datetime NOT NULL,
  `dateUpdated` datetime NOT NULL,
  `uid` char(36) COLLATE utf8_unicode_ci NOT NULL DEFAULT '0',
  PRIMARY KEY (`id`),
  UNIQUE KEY `craft_systemsettings_category_unq_idx` (`category`)
) ENGINE=InnoDB AUTO_INCREMENT=2 DEFAULT CHARSET=utf8 COLLATE=utf8_unicode_ci;

--
-- Data for table `craft_systemsettings`
--

INSERT INTO `craft_systemsettings` (`id`, `category`, `settings`, `dateCreated`, `dateUpdated`, `uid`) VALUES
 ('1', 'email', '{\"protocol\":\"php\",\"emailAddress\":\"info@ideabasekent.com\",\"senderName\":\"Duraedge\"}', '2017-09-05 17:18:02', '2017-09-05 17:18:02', 'f15f2735-2df2-4128-8160-13b90a070619');



DROP TABLE IF EXISTS `craft_taggroups`;


--
-- Schema for table `craft_taggroups`
--
CREATE TABLE `craft_taggroups` (
  `id` int(11) NOT NULL AUTO_INCREMENT,
  `name` varchar(255) COLLATE utf8_unicode_ci NOT NULL,
  `handle` varchar(255) COLLATE utf8_unicode_ci NOT NULL,
  `fieldLayoutId` int(10) DEFAULT NULL,
  `dateCreated` datetime NOT NULL,
  `dateUpdated` datetime NOT NULL,
  `uid` char(36) COLLATE utf8_unicode_ci NOT NULL DEFAULT '0',
  PRIMARY KEY (`id`),
  UNIQUE KEY `craft_taggroups_name_unq_idx` (`name`),
  UNIQUE KEY `craft_taggroups_handle_unq_idx` (`handle`),
  KEY `craft_taggroups_fieldLayoutId_fk` (`fieldLayoutId`)
) ENGINE=InnoDB AUTO_INCREMENT=2 DEFAULT CHARSET=utf8 COLLATE=utf8_unicode_ci;

--
-- Data for table `craft_taggroups`
--

INSERT INTO `craft_taggroups` (`id`, `name`, `handle`, `fieldLayoutId`, `dateCreated`, `dateUpdated`, `uid`) VALUES
 ('1', 'Default', 'default', '1', '2017-09-05 17:18:02', '2017-09-05 17:18:02', 'c1dda824-8ac2-430b-ac9a-e7bfd656a23c');



DROP TABLE IF EXISTS `craft_tags`;


--
-- Schema for table `craft_tags`
--
CREATE TABLE `craft_tags` (
  `id` int(11) NOT NULL,
  `groupId` int(11) NOT NULL,
  `dateCreated` datetime NOT NULL,
  `dateUpdated` datetime NOT NULL,
  `uid` char(36) COLLATE utf8_unicode_ci NOT NULL DEFAULT '0',
  PRIMARY KEY (`id`),
  KEY `craft_tags_groupId_fk` (`groupId`)
) ENGINE=InnoDB DEFAULT CHARSET=utf8 COLLATE=utf8_unicode_ci;

DROP TABLE IF EXISTS `craft_tasks`;


--
-- Schema for table `craft_tasks`
--
CREATE TABLE `craft_tasks` (
  `id` int(11) NOT NULL AUTO_INCREMENT,
  `root` int(11) unsigned DEFAULT NULL,
  `lft` int(11) unsigned NOT NULL,
  `rgt` int(11) unsigned NOT NULL,
  `level` smallint(6) unsigned NOT NULL,
  `currentStep` int(11) unsigned DEFAULT NULL,
  `totalSteps` int(11) unsigned DEFAULT NULL,
  `status` enum('pending','error','running') COLLATE utf8_unicode_ci DEFAULT NULL,
  `type` varchar(150) COLLATE utf8_unicode_ci NOT NULL,
  `description` varchar(255) COLLATE utf8_unicode_ci DEFAULT NULL,
  `settings` mediumtext COLLATE utf8_unicode_ci,
  `dateCreated` datetime NOT NULL,
  `dateUpdated` datetime NOT NULL,
  `uid` char(36) COLLATE utf8_unicode_ci NOT NULL DEFAULT '0',
  PRIMARY KEY (`id`),
  KEY `craft_tasks_root_idx` (`root`),
  KEY `craft_tasks_lft_idx` (`lft`),
  KEY `craft_tasks_rgt_idx` (`rgt`),
  KEY `craft_tasks_level_idx` (`level`)
) ENGINE=InnoDB DEFAULT CHARSET=utf8 COLLATE=utf8_unicode_ci;

DROP TABLE IF EXISTS `craft_templatecachecriteria`;


--
-- Schema for table `craft_templatecachecriteria`
--
CREATE TABLE `craft_templatecachecriteria` (
  `id` int(11) NOT NULL AUTO_INCREMENT,
  `cacheId` int(11) NOT NULL,
  `type` varchar(150) COLLATE utf8_unicode_ci NOT NULL,
  `criteria` text COLLATE utf8_unicode_ci NOT NULL,
  PRIMARY KEY (`id`),
  KEY `craft_templatecachecriteria_cacheId_fk` (`cacheId`),
  KEY `craft_templatecachecriteria_type_idx` (`type`)
) ENGINE=InnoDB DEFAULT CHARSET=utf8 COLLATE=utf8_unicode_ci;

DROP TABLE IF EXISTS `craft_templatecacheelements`;


--
-- Schema for table `craft_templatecacheelements`
--
CREATE TABLE `craft_templatecacheelements` (
  `cacheId` int(11) NOT NULL,
  `elementId` int(11) NOT NULL,
  KEY `craft_templatecacheelements_cacheId_fk` (`cacheId`),
  KEY `craft_templatecacheelements_elementId_fk` (`elementId`)
) ENGINE=InnoDB DEFAULT CHARSET=utf8 COLLATE=utf8_unicode_ci;

DROP TABLE IF EXISTS `craft_templatecaches`;


--
-- Schema for table `craft_templatecaches`
--
CREATE TABLE `craft_templatecaches` (
  `id` int(11) NOT NULL AUTO_INCREMENT,
  `cacheKey` varchar(255) COLLATE utf8_unicode_ci NOT NULL,
  `locale` char(12) COLLATE utf8_unicode_ci NOT NULL,
  `path` varchar(255) COLLATE utf8_unicode_ci DEFAULT NULL,
  `expiryDate` datetime NOT NULL,
  `body` mediumtext COLLATE utf8_unicode_ci NOT NULL,
  PRIMARY KEY (`id`),
  KEY `craft_templatecaches_expiryDate_cacheKey_locale_path_idx` (`expiryDate`,`cacheKey`,`locale`,`path`),
  KEY `craft_templatecaches_locale_fk` (`locale`)
) ENGINE=InnoDB DEFAULT CHARSET=utf8 COLLATE=utf8_unicode_ci;

DROP TABLE IF EXISTS `craft_tokens`;


--
-- Schema for table `craft_tokens`
--
CREATE TABLE `craft_tokens` (
  `id` int(11) NOT NULL AUTO_INCREMENT,
  `token` char(32) COLLATE utf8_unicode_ci NOT NULL,
  `route` text COLLATE utf8_unicode_ci,
  `usageLimit` tinyint(3) unsigned DEFAULT NULL,
  `usageCount` tinyint(3) unsigned DEFAULT NULL,
  `expiryDate` datetime NOT NULL,
  `dateCreated` datetime NOT NULL,
  `dateUpdated` datetime NOT NULL,
  `uid` char(36) COLLATE utf8_unicode_ci NOT NULL DEFAULT '0',
  PRIMARY KEY (`id`),
  UNIQUE KEY `craft_tokens_token_unq_idx` (`token`),
  KEY `craft_tokens_expiryDate_idx` (`expiryDate`)
) ENGINE=InnoDB DEFAULT CHARSET=utf8 COLLATE=utf8_unicode_ci;

DROP TABLE IF EXISTS `craft_usergroups`;


--
-- Schema for table `craft_usergroups`
--
CREATE TABLE `craft_usergroups` (
  `id` int(11) NOT NULL AUTO_INCREMENT,
  `name` varchar(255) COLLATE utf8_unicode_ci NOT NULL,
  `handle` varchar(255) COLLATE utf8_unicode_ci NOT NULL,
  `dateCreated` datetime NOT NULL,
  `dateUpdated` datetime NOT NULL,
  `uid` char(36) COLLATE utf8_unicode_ci NOT NULL DEFAULT '0',
  PRIMARY KEY (`id`),
  UNIQUE KEY `craft_usergroups_name_unq_idx` (`name`),
  UNIQUE KEY `craft_usergroups_handle_unq_idx` (`handle`)
) ENGINE=InnoDB DEFAULT CHARSET=utf8 COLLATE=utf8_unicode_ci;

DROP TABLE IF EXISTS `craft_usergroups_users`;


--
-- Schema for table `craft_usergroups_users`
--
CREATE TABLE `craft_usergroups_users` (
  `id` int(11) NOT NULL AUTO_INCREMENT,
  `groupId` int(11) NOT NULL,
  `userId` int(11) NOT NULL,
  `dateCreated` datetime NOT NULL,
  `dateUpdated` datetime NOT NULL,
  `uid` char(36) COLLATE utf8_unicode_ci NOT NULL DEFAULT '0',
  PRIMARY KEY (`id`),
  UNIQUE KEY `craft_usergroups_users_groupId_userId_unq_idx` (`groupId`,`userId`),
  KEY `craft_usergroups_users_userId_fk` (`userId`)
) ENGINE=InnoDB DEFAULT CHARSET=utf8 COLLATE=utf8_unicode_ci;

DROP TABLE IF EXISTS `craft_userpermissions`;


--
-- Schema for table `craft_userpermissions`
--
CREATE TABLE `craft_userpermissions` (
  `id` int(11) NOT NULL AUTO_INCREMENT,
  `name` varchar(255) COLLATE utf8_unicode_ci NOT NULL,
  `dateCreated` datetime NOT NULL,
  `dateUpdated` datetime NOT NULL,
  `uid` char(36) COLLATE utf8_unicode_ci NOT NULL DEFAULT '0',
  PRIMARY KEY (`id`),
  UNIQUE KEY `craft_userpermissions_name_unq_idx` (`name`)
) ENGINE=InnoDB DEFAULT CHARSET=utf8 COLLATE=utf8_unicode_ci;

DROP TABLE IF EXISTS `craft_userpermissions_usergroups`;


--
-- Schema for table `craft_userpermissions_usergroups`
--
CREATE TABLE `craft_userpermissions_usergroups` (
  `id` int(11) NOT NULL AUTO_INCREMENT,
  `permissionId` int(11) NOT NULL,
  `groupId` int(11) NOT NULL,
  `dateCreated` datetime NOT NULL,
  `dateUpdated` datetime NOT NULL,
  `uid` char(36) COLLATE utf8_unicode_ci NOT NULL DEFAULT '0',
  PRIMARY KEY (`id`),
  UNIQUE KEY `craft_userpermissions_usergroups_permissionId_groupId_unq_idx` (`permissionId`,`groupId`),
  KEY `craft_userpermissions_usergroups_groupId_fk` (`groupId`)
) ENGINE=InnoDB DEFAULT CHARSET=utf8 COLLATE=utf8_unicode_ci;

DROP TABLE IF EXISTS `craft_userpermissions_users`;


--
-- Schema for table `craft_userpermissions_users`
--
CREATE TABLE `craft_userpermissions_users` (
  `id` int(11) NOT NULL AUTO_INCREMENT,
  `permissionId` int(11) NOT NULL,
  `userId` int(11) NOT NULL,
  `dateCreated` datetime NOT NULL,
  `dateUpdated` datetime NOT NULL,
  `uid` char(36) COLLATE utf8_unicode_ci NOT NULL DEFAULT '0',
  PRIMARY KEY (`id`),
  UNIQUE KEY `craft_userpermissions_users_permissionId_userId_unq_idx` (`permissionId`,`userId`),
  KEY `craft_userpermissions_users_userId_fk` (`userId`)
) ENGINE=InnoDB DEFAULT CHARSET=utf8 COLLATE=utf8_unicode_ci;

DROP TABLE IF EXISTS `craft_users`;


--
-- Schema for table `craft_users`
--
CREATE TABLE `craft_users` (
  `id` int(11) NOT NULL,
  `username` varchar(100) COLLATE utf8_unicode_ci NOT NULL,
  `photo` varchar(100) COLLATE utf8_unicode_ci DEFAULT NULL,
  `firstName` varchar(100) COLLATE utf8_unicode_ci DEFAULT NULL,
  `lastName` varchar(100) COLLATE utf8_unicode_ci DEFAULT NULL,
  `email` varchar(255) COLLATE utf8_unicode_ci NOT NULL,
  `password` char(255) COLLATE utf8_unicode_ci DEFAULT NULL,
  `preferredLocale` char(12) COLLATE utf8_unicode_ci DEFAULT NULL,
  `weekStartDay` tinyint(1) unsigned NOT NULL DEFAULT '0',
  `admin` tinyint(1) unsigned NOT NULL DEFAULT '0',
  `client` tinyint(1) unsigned NOT NULL DEFAULT '0',
  `locked` tinyint(1) unsigned NOT NULL DEFAULT '0',
  `suspended` tinyint(1) unsigned NOT NULL DEFAULT '0',
  `pending` tinyint(1) unsigned NOT NULL DEFAULT '0',
  `archived` tinyint(1) unsigned NOT NULL DEFAULT '0',
  `lastLoginDate` datetime DEFAULT NULL,
  `lastLoginAttemptIPAddress` varchar(45) COLLATE utf8_unicode_ci DEFAULT NULL,
  `invalidLoginWindowStart` datetime DEFAULT NULL,
  `invalidLoginCount` tinyint(4) unsigned DEFAULT NULL,
  `lastInvalidLoginDate` datetime DEFAULT NULL,
  `lockoutDate` datetime DEFAULT NULL,
  `verificationCode` char(100) COLLATE utf8_unicode_ci DEFAULT NULL,
  `verificationCodeIssuedDate` datetime DEFAULT NULL,
  `unverifiedEmail` varchar(255) COLLATE utf8_unicode_ci DEFAULT NULL,
  `passwordResetRequired` tinyint(1) unsigned NOT NULL DEFAULT '0',
  `lastPasswordChangeDate` datetime DEFAULT NULL,
  `dateCreated` datetime NOT NULL,
  `dateUpdated` datetime NOT NULL,
  `uid` char(36) COLLATE utf8_unicode_ci NOT NULL DEFAULT '0',
  PRIMARY KEY (`id`),
  UNIQUE KEY `craft_users_username_unq_idx` (`username`),
  UNIQUE KEY `craft_users_email_unq_idx` (`email`),
  KEY `craft_users_verificationCode_idx` (`verificationCode`),
  KEY `craft_users_uid_idx` (`uid`),
  KEY `craft_users_preferredLocale_fk` (`preferredLocale`)
) ENGINE=InnoDB DEFAULT CHARSET=utf8 COLLATE=utf8_unicode_ci;

--
-- Data for table `craft_users`
--

INSERT INTO `craft_users` (`id`, `username`, `photo`, `firstName`, `lastName`, `email`, `password`, `preferredLocale`, `weekStartDay`, `admin`, `client`, `locked`, `suspended`, `pending`, `archived`, `lastLoginDate`, `lastLoginAttemptIPAddress`, `invalidLoginWindowStart`, `invalidLoginCount`, `lastInvalidLoginDate`, `lockoutDate`, `verificationCode`, `verificationCodeIssuedDate`, `unverifiedEmail`, `passwordResetRequired`, `lastPasswordChangeDate`, `dateCreated`, `dateUpdated`, `uid`) VALUES
 ('1', 'ideabase', NULL, NULL, NULL, 'info@ideabasekent.com', '$2y$13$OViK4wk5zeuFGIkXns/oI.BpFq71gN9fiWM9chpQDHQiYtbjFPlKu', NULL, '0', '1', '0', '0', '0', '0', '0', '2018-02-02 15:29:02', '::1', NULL, NULL, '2018-01-24 15:20:13', NULL, NULL, NULL, NULL, '0', '2017-09-05 17:18:00', '2017-09-05 17:18:00', '2018-02-02 15:29:02', '519e647d-bc0f-48f0-8784-caa91e7cc7dc');



DROP TABLE IF EXISTS `craft_widgets`;


--
-- Schema for table `craft_widgets`
--
CREATE TABLE `craft_widgets` (
  `id` int(11) NOT NULL AUTO_INCREMENT,
  `userId` int(11) NOT NULL,
  `type` varchar(150) COLLATE utf8_unicode_ci NOT NULL,
  `sortOrder` smallint(6) unsigned DEFAULT NULL,
  `colspan` tinyint(4) unsigned DEFAULT NULL,
  `settings` text COLLATE utf8_unicode_ci,
  `enabled` tinyint(1) unsigned NOT NULL DEFAULT '1',
  `dateCreated` datetime NOT NULL,
  `dateUpdated` datetime NOT NULL,
  `uid` char(36) COLLATE utf8_unicode_ci NOT NULL DEFAULT '0',
  PRIMARY KEY (`id`),
  KEY `craft_widgets_userId_fk` (`userId`)
) ENGINE=InnoDB AUTO_INCREMENT=5 DEFAULT CHARSET=utf8 COLLATE=utf8_unicode_ci;

--
-- Data for table `craft_widgets`
--

INSERT INTO `craft_widgets` (`id`, `userId`, `type`, `sortOrder`, `colspan`, `settings`, `enabled`, `dateCreated`, `dateUpdated`, `uid`) VALUES
 ('1', '1', 'RecentEntries', '1', NULL, NULL, '1', '2017-09-05 17:18:05', '2017-09-05 17:18:05', '00402afd-9bd4-4fe9-8f42-bcff9d4268e2'),
 ('2', '1', 'GetHelp', '2', NULL, NULL, '1', '2017-09-05 17:18:05', '2017-09-05 17:18:05', '4b014473-4528-4fcf-8e73-de37d73bf414'),
 ('3', '1', 'Updates', '3', NULL, NULL, '1', '2017-09-05 17:18:05', '2017-09-05 17:18:05', 'dd47b487-81e1-4e98-938a-a0ca61bca380'),
 ('4', '1', 'Feed', '4', NULL, '{\"url\":\"https:\\/\\/craftcms.com\\/news.rss\",\"title\":\"Craft News\"}', '1', '2017-09-05 17:18:05', '2017-09-05 17:18:05', '6e52ae7e-09d0-4b99-bee8-f2bac4d34f0e');


--
-- Constraints for tables
--


--
-- Constraints for table `craft_assetfiles`
--
ALTER TABLE `craft_assetfiles`
	ADD CONSTRAINT `craft_assetfiles_folderId_fk` FOREIGN KEY (`folderId`) REFERENCES `craft_assetfolders` (`id`) ON DELETE CASCADE,
	ADD CONSTRAINT `craft_assetfiles_id_fk` FOREIGN KEY (`id`) REFERENCES `craft_elements` (`id`) ON DELETE CASCADE,
	ADD CONSTRAINT `craft_assetfiles_sourceId_fk` FOREIGN KEY (`sourceId`) REFERENCES `craft_assetsources` (`id`) ON DELETE CASCADE;

--
-- Constraints for table `craft_assetfolders`
--
ALTER TABLE `craft_assetfolders`
	ADD CONSTRAINT `craft_assetfolders_parentId_fk` FOREIGN KEY (`parentId`) REFERENCES `craft_assetfolders` (`id`) ON DELETE CASCADE,
	ADD CONSTRAINT `craft_assetfolders_sourceId_fk` FOREIGN KEY (`sourceId`) REFERENCES `craft_assetsources` (`id`) ON DELETE CASCADE;

--
-- Constraints for table `craft_assetindexdata`
--
ALTER TABLE `craft_assetindexdata`
	ADD CONSTRAINT `craft_assetindexdata_sourceId_fk` FOREIGN KEY (`sourceId`) REFERENCES `craft_assetsources` (`id`) ON DELETE CASCADE;

--
-- Constraints for table `craft_assetsources`
--
ALTER TABLE `craft_assetsources`
	ADD CONSTRAINT `craft_assetsources_fieldLayoutId_fk` FOREIGN KEY (`fieldLayoutId`) REFERENCES `craft_fieldlayouts` (`id`) ON DELETE SET NULL;

--
-- Constraints for table `craft_categories`
--
ALTER TABLE `craft_categories`
	ADD CONSTRAINT `craft_categories_groupId_fk` FOREIGN KEY (`groupId`) REFERENCES `craft_categorygroups` (`id`) ON DELETE CASCADE,
	ADD CONSTRAINT `craft_categories_id_fk` FOREIGN KEY (`id`) REFERENCES `craft_elements` (`id`) ON DELETE CASCADE;

--
-- Constraints for table `craft_categorygroups`
--
ALTER TABLE `craft_categorygroups`
	ADD CONSTRAINT `craft_categorygroups_fieldLayoutId_fk` FOREIGN KEY (`fieldLayoutId`) REFERENCES `craft_fieldlayouts` (`id`) ON DELETE SET NULL,
	ADD CONSTRAINT `craft_categorygroups_structureId_fk` FOREIGN KEY (`structureId`) REFERENCES `craft_structures` (`id`) ON DELETE CASCADE;

--
-- Constraints for table `craft_categorygroups_i18n`
--
ALTER TABLE `craft_categorygroups_i18n`
	ADD CONSTRAINT `craft_categorygroups_i18n_groupId_fk` FOREIGN KEY (`groupId`) REFERENCES `craft_categorygroups` (`id`) ON DELETE CASCADE,
	ADD CONSTRAINT `craft_categorygroups_i18n_locale_fk` FOREIGN KEY (`locale`) REFERENCES `craft_locales` (`locale`) ON DELETE CASCADE ON UPDATE CASCADE;

--
-- Constraints for table `craft_content`
--
ALTER TABLE `craft_content`
	ADD CONSTRAINT `craft_content_elementId_fk` FOREIGN KEY (`elementId`) REFERENCES `craft_elements` (`id`) ON DELETE CASCADE,
	ADD CONSTRAINT `craft_content_locale_fk` FOREIGN KEY (`locale`) REFERENCES `craft_locales` (`locale`) ON DELETE CASCADE ON UPDATE CASCADE;

--
-- Constraints for table `craft_elements_i18n`
--
ALTER TABLE `craft_elements_i18n`
	ADD CONSTRAINT `craft_elements_i18n_elementId_fk` FOREIGN KEY (`elementId`) REFERENCES `craft_elements` (`id`) ON DELETE CASCADE,
	ADD CONSTRAINT `craft_elements_i18n_locale_fk` FOREIGN KEY (`locale`) REFERENCES `craft_locales` (`locale`) ON DELETE CASCADE ON UPDATE CASCADE;

--
-- Constraints for table `craft_emailmessages`
--
ALTER TABLE `craft_emailmessages`
	ADD CONSTRAINT `craft_emailmessages_locale_fk` FOREIGN KEY (`locale`) REFERENCES `craft_locales` (`locale`) ON DELETE CASCADE ON UPDATE CASCADE;

--
-- Constraints for table `craft_entries`
--
ALTER TABLE `craft_entries`
	ADD CONSTRAINT `craft_entries_authorId_fk` FOREIGN KEY (`authorId`) REFERENCES `craft_users` (`id`) ON DELETE CASCADE,
	ADD CONSTRAINT `craft_entries_id_fk` FOREIGN KEY (`id`) REFERENCES `craft_elements` (`id`) ON DELETE CASCADE,
	ADD CONSTRAINT `craft_entries_sectionId_fk` FOREIGN KEY (`sectionId`) REFERENCES `craft_sections` (`id`) ON DELETE CASCADE,
	ADD CONSTRAINT `craft_entries_typeId_fk` FOREIGN KEY (`typeId`) REFERENCES `craft_entrytypes` (`id`) ON DELETE CASCADE;

--
-- Constraints for table `craft_entrydrafts`
--
ALTER TABLE `craft_entrydrafts`
	ADD CONSTRAINT `craft_entrydrafts_creatorId_fk` FOREIGN KEY (`creatorId`) REFERENCES `craft_users` (`id`) ON DELETE CASCADE,
	ADD CONSTRAINT `craft_entrydrafts_entryId_fk` FOREIGN KEY (`entryId`) REFERENCES `craft_entries` (`id`) ON DELETE CASCADE,
	ADD CONSTRAINT `craft_entrydrafts_locale_fk` FOREIGN KEY (`locale`) REFERENCES `craft_locales` (`locale`) ON DELETE CASCADE ON UPDATE CASCADE,
	ADD CONSTRAINT `craft_entrydrafts_sectionId_fk` FOREIGN KEY (`sectionId`) REFERENCES `craft_sections` (`id`) ON DELETE CASCADE;

--
-- Constraints for table `craft_entrytypes`
--
ALTER TABLE `craft_entrytypes`
	ADD CONSTRAINT `craft_entrytypes_fieldLayoutId_fk` FOREIGN KEY (`fieldLayoutId`) REFERENCES `craft_fieldlayouts` (`id`) ON DELETE SET NULL,
	ADD CONSTRAINT `craft_entrytypes_sectionId_fk` FOREIGN KEY (`sectionId`) REFERENCES `craft_sections` (`id`) ON DELETE CASCADE;

--
-- Constraints for table `craft_entryversions`
--
ALTER TABLE `craft_entryversions`
	ADD CONSTRAINT `craft_entryversions_creatorId_fk` FOREIGN KEY (`creatorId`) REFERENCES `craft_users` (`id`) ON DELETE SET NULL,
	ADD CONSTRAINT `craft_entryversions_entryId_fk` FOREIGN KEY (`entryId`) REFERENCES `craft_entries` (`id`) ON DELETE CASCADE,
	ADD CONSTRAINT `craft_entryversions_locale_fk` FOREIGN KEY (`locale`) REFERENCES `craft_locales` (`locale`) ON DELETE CASCADE ON UPDATE CASCADE,
	ADD CONSTRAINT `craft_entryversions_sectionId_fk` FOREIGN KEY (`sectionId`) REFERENCES `craft_sections` (`id`) ON DELETE CASCADE;

--
-- Constraints for table `craft_fieldlayoutfields`
--
ALTER TABLE `craft_fieldlayoutfields`
	ADD CONSTRAINT `craft_fieldlayoutfields_fieldId_fk` FOREIGN KEY (`fieldId`) REFERENCES `craft_fields` (`id`) ON DELETE CASCADE,
	ADD CONSTRAINT `craft_fieldlayoutfields_layoutId_fk` FOREIGN KEY (`layoutId`) REFERENCES `craft_fieldlayouts` (`id`) ON DELETE CASCADE,
	ADD CONSTRAINT `craft_fieldlayoutfields_tabId_fk` FOREIGN KEY (`tabId`) REFERENCES `craft_fieldlayouttabs` (`id`) ON DELETE CASCADE;

--
-- Constraints for table `craft_fieldlayouttabs`
--
ALTER TABLE `craft_fieldlayouttabs`
	ADD CONSTRAINT `craft_fieldlayouttabs_layoutId_fk` FOREIGN KEY (`layoutId`) REFERENCES `craft_fieldlayouts` (`id`) ON DELETE CASCADE;

--
-- Constraints for table `craft_fields`
--
ALTER TABLE `craft_fields`
	ADD CONSTRAINT `craft_fields_groupId_fk` FOREIGN KEY (`groupId`) REFERENCES `craft_fieldgroups` (`id`) ON DELETE CASCADE;

--
-- Constraints for table `craft_globalsets`
--
ALTER TABLE `craft_globalsets`
	ADD CONSTRAINT `craft_globalsets_fieldLayoutId_fk` FOREIGN KEY (`fieldLayoutId`) REFERENCES `craft_fieldlayouts` (`id`) ON DELETE SET NULL,
	ADD CONSTRAINT `craft_globalsets_id_fk` FOREIGN KEY (`id`) REFERENCES `craft_elements` (`id`) ON DELETE CASCADE;

--
-- Constraints for table `craft_matrixblocks`
--
ALTER TABLE `craft_matrixblocks`
	ADD CONSTRAINT `craft_matrixblocks_fieldId_fk` FOREIGN KEY (`fieldId`) REFERENCES `craft_fields` (`id`) ON DELETE CASCADE,
	ADD CONSTRAINT `craft_matrixblocks_id_fk` FOREIGN KEY (`id`) REFERENCES `craft_elements` (`id`) ON DELETE CASCADE,
	ADD CONSTRAINT `craft_matrixblocks_ownerId_fk` FOREIGN KEY (`ownerId`) REFERENCES `craft_elements` (`id`) ON DELETE CASCADE,
	ADD CONSTRAINT `craft_matrixblocks_ownerLocale_fk` FOREIGN KEY (`ownerLocale`) REFERENCES `craft_locales` (`locale`) ON DELETE CASCADE ON UPDATE CASCADE,
	ADD CONSTRAINT `craft_matrixblocks_typeId_fk` FOREIGN KEY (`typeId`) REFERENCES `craft_matrixblocktypes` (`id`) ON DELETE CASCADE;

--
-- Constraints for table `craft_matrixblocktypes`
--
ALTER TABLE `craft_matrixblocktypes`
	ADD CONSTRAINT `craft_matrixblocktypes_fieldId_fk` FOREIGN KEY (`fieldId`) REFERENCES `craft_fields` (`id`) ON DELETE CASCADE,
	ADD CONSTRAINT `craft_matrixblocktypes_fieldLayoutId_fk` FOREIGN KEY (`fieldLayoutId`) REFERENCES `craft_fieldlayouts` (`id`) ON DELETE SET NULL;

--
-- Constraints for table `craft_matrixcontent_footercontact`
--
ALTER TABLE `craft_matrixcontent_footercontact`
	ADD CONSTRAINT `craft_matrixcontent_footercontact_elementId_fk` FOREIGN KEY (`elementId`) REFERENCES `craft_elements` (`id`) ON DELETE CASCADE,
	ADD CONSTRAINT `craft_matrixcontent_footercontact_locale_fk` FOREIGN KEY (`locale`) REFERENCES `craft_locales` (`locale`) ON DELETE CASCADE ON UPDATE CASCADE;

--
-- Constraints for table `craft_matrixcontent_interactivefieldmap`
--
ALTER TABLE `craft_matrixcontent_interactivefieldmap`
	ADD CONSTRAINT `craft_matrixcontent_interactivefieldmap_elementId_fk` FOREIGN KEY (`elementId`) REFERENCES `craft_elements` (`id`) ON DELETE CASCADE,
	ADD CONSTRAINT `craft_matrixcontent_interactivefieldmap_locale_fk` FOREIGN KEY (`locale`) REFERENCES `craft_locales` (`locale`) ON DELETE CASCADE ON UPDATE CASCADE;

--
-- Constraints for table `craft_matrixcontent_marketingmaterials`
--
ALTER TABLE `craft_matrixcontent_marketingmaterials`
	ADD CONSTRAINT `craft_matrixcontent_marketingmaterials_elementId_fk` FOREIGN KEY (`elementId`) REFERENCES `craft_elements` (`id`) ON DELETE CASCADE,
	ADD CONSTRAINT `craft_matrixcontent_marketingmaterials_locale_fk` FOREIGN KEY (`locale`) REFERENCES `craft_locales` (`locale`) ON DELETE CASCADE ON UPDATE CASCADE;

--
-- Constraints for table `craft_matrixcontent_process`
--
ALTER TABLE `craft_matrixcontent_process`
	ADD CONSTRAINT `craft_matrixcontent_process_elementId_fk` FOREIGN KEY (`elementId`) REFERENCES `craft_elements` (`id`) ON DELETE CASCADE,
	ADD CONSTRAINT `craft_matrixcontent_process_locale_fk` FOREIGN KEY (`locale`) REFERENCES `craft_locales` (`locale`) ON DELETE CASCADE ON UPDATE CASCADE;

--
-- Constraints for table `craft_matrixcontent_socialmedia`
--
ALTER TABLE `craft_matrixcontent_socialmedia`
	ADD CONSTRAINT `craft_matrixcontent_socialmedia_elementId_fk` FOREIGN KEY (`elementId`) REFERENCES `craft_elements` (`id`) ON DELETE CASCADE,
	ADD CONSTRAINT `craft_matrixcontent_socialmedia_locale_fk` FOREIGN KEY (`locale`) REFERENCES `craft_locales` (`locale`) ON DELETE CASCADE ON UPDATE CASCADE;

--
-- Constraints for table `craft_migrations`
--
ALTER TABLE `craft_migrations`
	ADD CONSTRAINT `craft_migrations_pluginId_fk` FOREIGN KEY (`pluginId`) REFERENCES `craft_plugins` (`id`) ON DELETE CASCADE;

--
-- Constraints for table `craft_relations`
--
ALTER TABLE `craft_relations`
	ADD CONSTRAINT `craft_relations_fieldId_fk` FOREIGN KEY (`fieldId`) REFERENCES `craft_fields` (`id`) ON DELETE CASCADE,
	ADD CONSTRAINT `craft_relations_sourceId_fk` FOREIGN KEY (`sourceId`) REFERENCES `craft_elements` (`id`) ON DELETE CASCADE,
	ADD CONSTRAINT `craft_relations_sourceLocale_fk` FOREIGN KEY (`sourceLocale`) REFERENCES `craft_locales` (`locale`) ON DELETE CASCADE ON UPDATE CASCADE,
	ADD CONSTRAINT `craft_relations_targetId_fk` FOREIGN KEY (`targetId`) REFERENCES `craft_elements` (`id`) ON DELETE CASCADE;

--
-- Constraints for table `craft_routes`
--
ALTER TABLE `craft_routes`
	ADD CONSTRAINT `craft_routes_locale_fk` FOREIGN KEY (`locale`) REFERENCES `craft_locales` (`locale`) ON DELETE CASCADE ON UPDATE CASCADE;

--
-- Constraints for table `craft_sections`
--
ALTER TABLE `craft_sections`
	ADD CONSTRAINT `craft_sections_structureId_fk` FOREIGN KEY (`structureId`) REFERENCES `craft_structures` (`id`) ON DELETE SET NULL;

--
-- Constraints for table `craft_sections_i18n`
--
ALTER TABLE `craft_sections_i18n`
	ADD CONSTRAINT `craft_sections_i18n_locale_fk` FOREIGN KEY (`locale`) REFERENCES `craft_locales` (`locale`) ON DELETE CASCADE ON UPDATE CASCADE,
	ADD CONSTRAINT `craft_sections_i18n_sectionId_fk` FOREIGN KEY (`sectionId`) REFERENCES `craft_sections` (`id`) ON DELETE CASCADE;

--
-- Constraints for table `craft_sessions`
--
ALTER TABLE `craft_sessions`
	ADD CONSTRAINT `craft_sessions_userId_fk` FOREIGN KEY (`userId`) REFERENCES `craft_users` (`id`) ON DELETE CASCADE;

--
-- Constraints for table `craft_shunnedmessages`
--
ALTER TABLE `craft_shunnedmessages`
	ADD CONSTRAINT `craft_shunnedmessages_userId_fk` FOREIGN KEY (`userId`) REFERENCES `craft_users` (`id`) ON DELETE CASCADE;

--
-- Constraints for table `craft_smartmap_addresses`
--
ALTER TABLE `craft_smartmap_addresses`
	ADD CONSTRAINT `craft_smartmap_addresses_elementId_fk` FOREIGN KEY (`elementId`) REFERENCES `craft_elements` (`id`) ON DELETE CASCADE,
	ADD CONSTRAINT `craft_smartmap_addresses_fieldId_fk` FOREIGN KEY (`fieldId`) REFERENCES `craft_fields` (`id`) ON DELETE CASCADE;

--
-- Constraints for table `craft_structureelements`
--
ALTER TABLE `craft_structureelements`
	ADD CONSTRAINT `craft_structureelements_elementId_fk` FOREIGN KEY (`elementId`) REFERENCES `craft_elements` (`id`) ON DELETE CASCADE,
	ADD CONSTRAINT `craft_structureelements_structureId_fk` FOREIGN KEY (`structureId`) REFERENCES `craft_structures` (`id`) ON DELETE CASCADE;

--
-- Constraints for table `craft_taggroups`
--
ALTER TABLE `craft_taggroups`
	ADD CONSTRAINT `craft_taggroups_fieldLayoutId_fk` FOREIGN KEY (`fieldLayoutId`) REFERENCES `craft_fieldlayouts` (`id`) ON DELETE SET NULL;

--
-- Constraints for table `craft_tags`
--
ALTER TABLE `craft_tags`
	ADD CONSTRAINT `craft_tags_groupId_fk` FOREIGN KEY (`groupId`) REFERENCES `craft_taggroups` (`id`) ON DELETE CASCADE,
	ADD CONSTRAINT `craft_tags_id_fk` FOREIGN KEY (`id`) REFERENCES `craft_elements` (`id`) ON DELETE CASCADE;

--
-- Constraints for table `craft_templatecachecriteria`
--
ALTER TABLE `craft_templatecachecriteria`
	ADD CONSTRAINT `craft_templatecachecriteria_cacheId_fk` FOREIGN KEY (`cacheId`) REFERENCES `craft_templatecaches` (`id`) ON DELETE CASCADE;

--
-- Constraints for table `craft_templatecacheelements`
--
ALTER TABLE `craft_templatecacheelements`
	ADD CONSTRAINT `craft_templatecacheelements_cacheId_fk` FOREIGN KEY (`cacheId`) REFERENCES `craft_templatecaches` (`id`) ON DELETE CASCADE,
	ADD CONSTRAINT `craft_templatecacheelements_elementId_fk` FOREIGN KEY (`elementId`) REFERENCES `craft_elements` (`id`) ON DELETE CASCADE;

--
-- Constraints for table `craft_templatecaches`
--
ALTER TABLE `craft_templatecaches`
	ADD CONSTRAINT `craft_templatecaches_locale_fk` FOREIGN KEY (`locale`) REFERENCES `craft_locales` (`locale`) ON DELETE CASCADE ON UPDATE CASCADE;

--
-- Constraints for table `craft_usergroups_users`
--
ALTER TABLE `craft_usergroups_users`
	ADD CONSTRAINT `craft_usergroups_users_groupId_fk` FOREIGN KEY (`groupId`) REFERENCES `craft_usergroups` (`id`) ON DELETE CASCADE,
	ADD CONSTRAINT `craft_usergroups_users_userId_fk` FOREIGN KEY (`userId`) REFERENCES `craft_users` (`id`) ON DELETE CASCADE;

--
-- Constraints for table `craft_userpermissions_usergroups`
--
ALTER TABLE `craft_userpermissions_usergroups`
	ADD CONSTRAINT `craft_userpermissions_usergroups_groupId_fk` FOREIGN KEY (`groupId`) REFERENCES `craft_usergroups` (`id`) ON DELETE CASCADE,
	ADD CONSTRAINT `craft_userpermissions_usergroups_permissionId_fk` FOREIGN KEY (`permissionId`) REFERENCES `craft_userpermissions` (`id`) ON DELETE CASCADE;

--
-- Constraints for table `craft_userpermissions_users`
--
ALTER TABLE `craft_userpermissions_users`
	ADD CONSTRAINT `craft_userpermissions_users_permissionId_fk` FOREIGN KEY (`permissionId`) REFERENCES `craft_userpermissions` (`id`) ON DELETE CASCADE,
	ADD CONSTRAINT `craft_userpermissions_users_userId_fk` FOREIGN KEY (`userId`) REFERENCES `craft_users` (`id`) ON DELETE CASCADE;

--
-- Constraints for table `craft_users`
--
ALTER TABLE `craft_users`
	ADD CONSTRAINT `craft_users_id_fk` FOREIGN KEY (`id`) REFERENCES `craft_elements` (`id`) ON DELETE CASCADE,
	ADD CONSTRAINT `craft_users_preferredLocale_fk` FOREIGN KEY (`preferredLocale`) REFERENCES `craft_locales` (`locale`) ON DELETE SET NULL ON UPDATE CASCADE;

--
-- Constraints for table `craft_widgets`
--
ALTER TABLE `craft_widgets`
	ADD CONSTRAINT `craft_widgets_userId_fk` FOREIGN KEY (`userId`) REFERENCES `craft_users` (`id`) ON DELETE CASCADE;

SET FOREIGN_KEY_CHECKS = 1;
