-- Generated by Craft v2.6.2989 on Feb 2, 2018, 2:35:57 PM.

--
-- Disable foreign key checks and autocommit.
--

SET FOREIGN_KEY_CHECKS = 0;
SET SQL_MODE = "NO_AUTO_VALUE_ON_ZERO";
SET AUTOCOMMIT = 0;
SET NAMES utf8;


DROP TABLE IF EXISTS `craft_amnav_navs`;


--
-- Schema for table `craft_amnav_navs`
--
CREATE TABLE `craft_amnav_navs` (
  `id` int(11) NOT NULL AUTO_INCREMENT,
  `name` varchar(255) COLLATE utf8_unicode_ci NOT NULL,
  `handle` varchar(255) COLLATE utf8_unicode_ci NOT NULL,
  `settings` text COLLATE utf8_unicode_ci,
  `dateCreated` datetime NOT NULL,
  `dateUpdated` datetime NOT NULL,
  `uid` char(36) COLLATE utf8_unicode_ci NOT NULL DEFAULT '0',
  PRIMARY KEY (`id`),
  UNIQUE KEY `craft_amnav_navs_handle_unq_idx` (`handle`)
) ENGINE=InnoDB AUTO_INCREMENT=3 DEFAULT CHARSET=utf8 COLLATE=utf8_unicode_ci;

--
-- Data for table `craft_amnav_navs`
--

INSERT INTO `craft_amnav_navs` (`id`, `name`, `handle`, `settings`, `dateCreated`, `dateUpdated`, `uid`) VALUES
 ('1', 'Primary', 'primary', '{\"entrySources\":\"*\",\"maxLevels\":\"\",\"canMoveFromLevel\":\"\",\"canDeleteFromLevel\":\"\"}', '2017-11-01 18:27:05', '2017-11-01 18:27:05', '3ba66876-5642-4aff-88aa-cce538eac79a'),
 ('2', 'Secondary', 'secondary', '{\"entrySources\":\"*\",\"maxLevels\":\"\",\"canMoveFromLevel\":\"\",\"canDeleteFromLevel\":\"\"}', '2017-11-13 17:23:40', '2017-11-13 17:23:40', 'adfb8c3e-9ed2-423d-93fa-304050acfd10');



DROP TABLE IF EXISTS `craft_amnav_nodes`;


--
-- Schema for table `craft_amnav_nodes`
--
CREATE TABLE `craft_amnav_nodes` (
  `id` int(11) NOT NULL AUTO_INCREMENT,
  `navId` int(10) NOT NULL,
  `parentId` int(10) DEFAULT NULL,
  `order` int(10) DEFAULT '0',
  `name` varchar(255) COLLATE utf8_unicode_ci NOT NULL,
  `url` varchar(255) COLLATE utf8_unicode_ci DEFAULT NULL,
  `listClass` varchar(255) COLLATE utf8_unicode_ci DEFAULT NULL,
  `blank` tinyint(1) unsigned NOT NULL DEFAULT '0',
  `enabled` tinyint(1) unsigned NOT NULL DEFAULT '1',
  `elementId` int(10) DEFAULT NULL,
  `elementType` varchar(255) COLLATE utf8_unicode_ci DEFAULT NULL,
  `locale` char(12) COLLATE utf8_unicode_ci DEFAULT NULL,
  `dateCreated` datetime NOT NULL,
  `dateUpdated` datetime NOT NULL,
  `uid` char(36) COLLATE utf8_unicode_ci NOT NULL DEFAULT '0',
  PRIMARY KEY (`id`),
  KEY `craft_amnav_nodes_elementId_elementType_locale_idx` (`elementId`,`elementType`,`locale`)
) ENGINE=InnoDB AUTO_INCREMENT=11 DEFAULT CHARSET=utf8 COLLATE=utf8_unicode_ci;

--
-- Data for table `craft_amnav_nodes`
--

INSERT INTO `craft_amnav_nodes` (`id`, `navId`, `parentId`, `order`, `name`, `url`, `listClass`, `blank`, `enabled`, `elementId`, `elementType`, `locale`, `dateCreated`, `dateUpdated`, `uid`) VALUES
 ('2', '1', '0', '2', 'Contact Duraedge', NULL, NULL, '0', '1', '23', 'Entry', 'en_us', '2017-11-01 18:27:22', '2017-11-16 23:58:46', '0271c9e0-a3cc-43ab-be0e-4cf5f3cc231c'),
 ('3', '1', '0', '3', 'Products', NULL, NULL, '0', '1', '28', 'Entry', 'en_us', '2017-11-01 18:27:27', '2017-11-01 18:38:19', 'ac92b661-7e46-47e7-b467-0ce2898db29b'),
 ('4', '1', '0', '0', 'Home', NULL, '', '0', '1', '2', 'Entry', 'en_us', '2017-11-01 18:31:30', '2018-01-22 20:06:23', '92592529-bf42-4b93-9794-75225d224388'),
 ('5', '1', '0', '1', 'Why DuraEdge', NULL, NULL, '0', '1', '36', 'Entry', 'en_us', '2017-11-01 18:38:15', '2018-01-22 20:08:59', '3353a541-67ba-4c87-9fbc-f906fc92b846'),
 ('6', '2', '0', '0', 'About DuraEdge', NULL, NULL, '0', '1', '22', 'Entry', 'en_us', '2017-11-13 17:23:53', '2017-11-13 17:23:53', 'c99499d6-b52d-48da-885b-3f7edcbcebd1'),
 ('7', '2', '0', '1', 'Find a Distributor', NULL, NULL, '0', '1', '26', 'Entry', 'en_us', '2017-11-13 17:26:00', '2017-11-13 17:26:00', '618de70a-eb7e-4438-80bf-8e5b7c5799d3'),
 ('8', '2', '0', '2', 'Certifications', NULL, '', '0', '1', '58', 'Entry', 'en_us', '2017-11-28 20:07:18', '2018-01-19 19:34:40', '271f07b8-6ecd-428c-9d72-55cc2d23227d'),
 ('9', '1', '0', '4', 'Field Maintenance', NULL, NULL, '0', '1', '50', 'Entry', 'en_us', '2017-11-30 18:48:23', '2017-11-30 18:48:23', 'ffe30614-e36f-4a35-9e0d-0a79752435e0'),
 ('10', '2', '0', '3', 'Architects', NULL, NULL, '0', '1', '57', 'Entry', 'en_us', '2017-11-30 18:48:59', '2017-11-30 18:48:59', '2bf3fe4d-0d64-4740-8e28-8ba1f8c5b48e');



DROP TABLE IF EXISTS `craft_assetfiles`;


--
-- Schema for table `craft_assetfiles`
--
CREATE TABLE `craft_assetfiles` (
  `id` int(11) NOT NULL,
  `sourceId` int(11) DEFAULT NULL,
  `folderId` int(11) NOT NULL,
  `filename` varchar(255) COLLATE utf8_unicode_ci NOT NULL,
  `kind` varchar(50) COLLATE utf8_unicode_ci NOT NULL DEFAULT 'unknown',
  `width` int(11) unsigned DEFAULT NULL,
  `height` int(11) unsigned DEFAULT NULL,
  `size` bigint(20) unsigned DEFAULT NULL,
  `dateModified` datetime DEFAULT NULL,
  `dateCreated` datetime NOT NULL,
  `dateUpdated` datetime NOT NULL,
  `uid` char(36) COLLATE utf8_unicode_ci NOT NULL DEFAULT '0',
  PRIMARY KEY (`id`),
  UNIQUE KEY `craft_assetfiles_filename_folderId_unq_idx` (`filename`,`folderId`),
  KEY `craft_assetfiles_sourceId_fk` (`sourceId`),
  KEY `craft_assetfiles_folderId_fk` (`folderId`)
) ENGINE=InnoDB DEFAULT CHARSET=utf8 COLLATE=utf8_unicode_ci;

--
-- Data for table `craft_assetfiles`
--

INSERT INTO `craft_assetfiles` (`id`, `sourceId`, `folderId`, `filename`, `kind`, `width`, `height`, `size`, `dateModified`, `dateCreated`, `dateUpdated`, `uid`) VALUES
 ('24', '1', '1', 'pdf-sample.pdf', 'pdf', NULL, NULL, '7945', '2017-10-24 20:21:34', '2017-10-24 20:21:34', '2017-10-24 20:21:34', '18cffa56-b959-4917-86cc-086764ea95d5'),
 ('48', '2', '2', 'pasta-spaghetti-noodle-pasta-nests-47306.jpeg', 'image', '5472', '3648', '2436747', '2017-11-21 20:22:20', '2017-11-21 20:22:21', '2017-11-21 20:22:21', '7e558551-9aa3-4e16-99c7-58d3bc6fa348'),
 ('74', '2', '2', 'baseball.svg', 'image', '108', '122', '7886', '2017-12-13 19:11:59', '2017-12-13 19:11:59', '2017-12-13 19:11:59', 'cb96159b-f626-4f47-bc72-9a871424d40e'),
 ('75', '2', '2', 'DuraEdgeWordmark.svg', 'image', '471', '135', '5302', '2017-12-13 19:12:00', '2017-12-13 19:12:00', '2017-12-13 19:12:00', 'fc275f44-a250-40d9-8d52-cb1a2caed3d3'),
 ('76', '1', '1', 'Artboard-2.svg', 'image', '451', '353', '19502', '2018-01-19 19:27:25', '2018-01-19 19:27:25', '2018-01-19 19:27:25', '0724e21a-b14b-44cb-975b-36a934f6afb0'),
 ('77', '1', '1', 'Photo-on-1-22-18-at-2.16-PM.jpg', 'image', '1080', '720', '120013', '2018-01-22 19:16:46', '2018-01-22 19:16:47', '2018-01-22 19:16:47', '0754c7fe-f601-4f80-ac2b-cfb43661012b'),
 ('83', '2', '2', 'Photo-on-1-22-18-at-3.06-PM.jpg', 'image', '1080', '720', '135397', '2018-01-22 20:06:21', '2018-01-22 20:06:21', '2018-01-22 20:06:21', '5ead3362-a307-4713-a9a5-4fa2d2e6e839'),
 ('84', '2', '2', 'Photo-on-1-22-18-at-3.08-PM.jpg', 'image', '1080', '720', '101420', '2018-01-22 20:08:56', '2018-01-22 20:08:56', '2018-01-22 20:08:56', '3ba8faf5-3974-4f65-8898-01f847ec34bb');



DROP TABLE IF EXISTS `craft_assetfolders`;


--
-- Schema for table `craft_assetfolders`
--
CREATE TABLE `craft_assetfolders` (
  `id` int(11) NOT NULL AUTO_INCREMENT,
  `parentId` int(11) DEFAULT NULL,
  `sourceId` int(11) DEFAULT NULL,
  `name` varchar(255) COLLATE utf8_unicode_ci NOT NULL,
  `path` varchar(255) COLLATE utf8_unicode_ci DEFAULT NULL,
  `dateCreated` datetime NOT NULL,
  `dateUpdated` datetime NOT NULL,
  `uid` char(36) COLLATE utf8_unicode_ci NOT NULL DEFAULT '0',
  PRIMARY KEY (`id`),
  UNIQUE KEY `craft_assetfolders_name_parentId_sourceId_unq_idx` (`name`,`parentId`,`sourceId`),
  KEY `craft_assetfolders_parentId_fk` (`parentId`),
  KEY `craft_assetfolders_sourceId_fk` (`sourceId`)
) ENGINE=InnoDB AUTO_INCREMENT=3 DEFAULT CHARSET=utf8 COLLATE=utf8_unicode_ci;

--
-- Data for table `craft_assetfolders`
--

INSERT INTO `craft_assetfolders` (`id`, `parentId`, `sourceId`, `name`, `path`, `dateCreated`, `dateUpdated`, `uid`) VALUES
 ('1', NULL, '1', 'Files', '', '2017-10-24 20:15:19', '2017-11-21 20:04:40', 'd1806410-a33f-49d9-84e7-8c485b987a07'),
 ('2', NULL, '2', 'Feature Image', '', '2017-11-21 20:04:58', '2017-11-21 20:04:58', '715b81f2-558c-4b1a-b7bc-25c1532c9929');



DROP TABLE IF EXISTS `craft_assetindexdata`;


--
-- Schema for table `craft_assetindexdata`
--
CREATE TABLE `craft_assetindexdata` (
  `id` int(11) NOT NULL AUTO_INCREMENT,
  `sessionId` varchar(36) COLLATE utf8_unicode_ci NOT NULL DEFAULT '',
  `sourceId` int(10) NOT NULL,
  `offset` int(10) NOT NULL,
  `uri` varchar(255) COLLATE utf8_unicode_ci DEFAULT NULL,
  `size` varchar(255) COLLATE utf8_unicode_ci DEFAULT NULL,
  `recordId` int(10) DEFAULT NULL,
  `dateCreated` datetime NOT NULL,
  `dateUpdated` datetime NOT NULL,
  `uid` char(36) COLLATE utf8_unicode_ci NOT NULL DEFAULT '0',
  PRIMARY KEY (`id`),
  UNIQUE KEY `craft_assetindexdata_sessionId_sourceId_offset_unq_idx` (`sessionId`,`sourceId`,`offset`),
  KEY `craft_assetindexdata_sourceId_fk` (`sourceId`)
) ENGINE=InnoDB DEFAULT CHARSET=utf8 COLLATE=utf8_unicode_ci;

DROP TABLE IF EXISTS `craft_assetsources`;


--
-- Schema for table `craft_assetsources`
--
CREATE TABLE `craft_assetsources` (
  `id` int(11) NOT NULL AUTO_INCREMENT,
  `name` varchar(255) COLLATE utf8_unicode_ci NOT NULL,
  `handle` varchar(255) COLLATE utf8_unicode_ci NOT NULL,
  `type` varchar(150) COLLATE utf8_unicode_ci NOT NULL,
  `settings` text COLLATE utf8_unicode_ci,
  `sortOrder` smallint(6) unsigned DEFAULT NULL,
  `fieldLayoutId` int(10) DEFAULT NULL,
  `dateCreated` datetime NOT NULL,
  `dateUpdated` datetime NOT NULL,
  `uid` char(36) COLLATE utf8_unicode_ci NOT NULL DEFAULT '0',
  PRIMARY KEY (`id`),
  UNIQUE KEY `craft_assetsources_name_unq_idx` (`name`),
  UNIQUE KEY `craft_assetsources_handle_unq_idx` (`handle`),
  KEY `craft_assetsources_fieldLayoutId_fk` (`fieldLayoutId`)
) ENGINE=InnoDB AUTO_INCREMENT=3 DEFAULT CHARSET=utf8 COLLATE=utf8_unicode_ci;

--
-- Data for table `craft_assetsources`
--

INSERT INTO `craft_assetsources` (`id`, `name`, `handle`, `type`, `settings`, `sortOrder`, `fieldLayoutId`, `dateCreated`, `dateUpdated`, `uid`) VALUES
 ('1', 'Files', 'files', 'Local', '{\"path\":\"assets\\/file\\/uploads\\/files\\/\",\"publicURLs\":\"1\",\"url\":\"{baseUrl}\\/assets\\/file\\/uploads\\/files\\/\"}', '1', '77', '2017-10-24 20:15:19', '2017-11-21 20:04:40', 'e6bfb98f-ef99-404b-83c6-0b7b2b6a8dd6'),
 ('2', 'Feature Image', 'featureImage', 'Local', '{\"path\":\"assets\\/img\\/uploads\\/feature\\/\",\"publicURLs\":\"1\",\"url\":\"{baseUrl}\\/assets\\/img\\/uploads\\/feature\\/\"}', '2', '78', '2017-11-21 20:04:58', '2017-11-21 20:04:58', 'cdfe11dd-fbed-412f-81e8-b438abb85252');



DROP TABLE IF EXISTS `craft_assettransformindex`;


--
-- Schema for table `craft_assettransformindex`
--
CREATE TABLE `craft_assettransformindex` (
  `id` int(11) NOT NULL AUTO_INCREMENT,
  `fileId` int(11) NOT NULL,
  `filename` varchar(255) COLLATE utf8_unicode_ci DEFAULT NULL,
  `format` varchar(255) COLLATE utf8_unicode_ci DEFAULT NULL,
  `location` varchar(255) COLLATE utf8_unicode_ci NOT NULL,
  `sourceId` int(11) DEFAULT NULL,
  `fileExists` tinyint(1) DEFAULT NULL,
  `inProgress` tinyint(1) DEFAULT NULL,
  `dateIndexed` datetime DEFAULT NULL,
  `dateCreated` datetime NOT NULL,
  `dateUpdated` datetime NOT NULL,
  `uid` char(36) COLLATE utf8_unicode_ci NOT NULL DEFAULT '0',
  PRIMARY KEY (`id`),
  KEY `craft_assettransformindex_sourceId_fileId_location_idx` (`sourceId`,`fileId`,`location`)
) ENGINE=InnoDB DEFAULT CHARSET=utf8 COLLATE=utf8_unicode_ci;

DROP TABLE IF EXISTS `craft_assettransforms`;


--
-- Schema for table `craft_assettransforms`
--
CREATE TABLE `craft_assettransforms` (
  `id` int(11) NOT NULL AUTO_INCREMENT,
  `name` varchar(255) COLLATE utf8_unicode_ci NOT NULL,
  `handle` varchar(255) COLLATE utf8_unicode_ci NOT NULL,
  `mode` enum('stretch','fit','crop') COLLATE utf8_unicode_ci NOT NULL DEFAULT 'crop',
  `position` enum('top-left','top-center','top-right','center-left','center-center','center-right','bottom-left','bottom-center','bottom-right') COLLATE utf8_unicode_ci NOT NULL DEFAULT 'center-center',
  `height` int(10) DEFAULT NULL,
  `width` int(10) DEFAULT NULL,
  `format` varchar(255) COLLATE utf8_unicode_ci DEFAULT NULL,
  `quality` int(10) DEFAULT NULL,
  `dimensionChangeTime` datetime DEFAULT NULL,
  `dateCreated` datetime NOT NULL,
  `dateUpdated` datetime NOT NULL,
  `uid` char(36) COLLATE utf8_unicode_ci NOT NULL DEFAULT '0',
  PRIMARY KEY (`id`),
  UNIQUE KEY `craft_assettransforms_name_unq_idx` (`name`),
  UNIQUE KEY `craft_assettransforms_handle_unq_idx` (`handle`)
) ENGINE=InnoDB DEFAULT CHARSET=utf8 COLLATE=utf8_unicode_ci;

DROP TABLE IF EXISTS `craft_categories`;


--
-- Schema for table `craft_categories`
--
CREATE TABLE `craft_categories` (
  `id` int(11) NOT NULL,
  `groupId` int(11) NOT NULL,
  `dateCreated` datetime NOT NULL,
  `dateUpdated` datetime NOT NULL,
  `uid` char(36) COLLATE utf8_unicode_ci NOT NULL DEFAULT '0',
  PRIMARY KEY (`id`),
  KEY `craft_categories_groupId_fk` (`groupId`)
) ENGINE=InnoDB DEFAULT CHARSET=utf8 COLLATE=utf8_unicode_ci;

--
-- Data for table `craft_categories`
--

INSERT INTO `craft_categories` (`id`, `groupId`, `dateCreated`, `dateUpdated`, `uid`) VALUES
 ('10', '2', '2017-09-08 20:34:43', '2017-09-08 20:34:43', 'adc9709c-a9f9-4a96-9bca-f5ad6019d66f'),
 ('11', '2', '2017-09-08 20:34:51', '2017-09-08 20:34:51', 'e24ec636-fcc8-497b-b1ba-ccc93d5bbc61'),
 ('12', '3', '2017-09-08 20:38:50', '2017-09-08 20:38:50', '47d26766-c09b-4c9f-ac6c-7664cf9acfbb'),
 ('13', '3', '2017-09-08 20:38:55', '2017-09-08 20:38:55', '025a02ef-816a-479d-bb85-966f0c9c5bbe'),
 ('14', '3', '2017-09-08 20:39:00', '2017-09-08 20:39:00', '5d6b0849-bade-4f25-839d-4264d886bf65'),
 ('16', '4', '2017-09-14 19:24:19', '2017-09-14 19:24:21', 'cd3ac519-d02e-4581-946f-baaca7be5752'),
 ('17', '4', '2017-09-14 19:24:25', '2017-09-14 19:24:25', 'fdf68245-860b-4a5d-8cca-d919778dcc51'),
 ('34', '5', '2017-11-01 18:06:44', '2017-11-01 18:06:44', '7b09e603-daf9-4c60-acec-0b17b77594d9'),
 ('35', '5', '2017-11-01 18:06:49', '2017-11-01 18:06:49', '57e705a8-1162-4629-b4fd-1f9affcafb8b'),
 ('40', '6', '2017-11-14 18:46:03', '2017-11-14 18:46:03', '25884251-77ca-4950-bcb0-57083ed6eb67'),
 ('41', '6', '2017-11-14 18:46:09', '2017-11-14 18:46:09', 'cb246b35-a483-44ef-9759-f173bfce9ff9'),
 ('42', '6', '2017-11-14 18:46:13', '2017-11-14 18:46:13', '683bf182-7db5-49d3-90c7-59f06405264d'),
 ('44', '7', '2017-11-21 17:30:52', '2017-11-21 17:30:52', '17f17c02-a9e9-4d88-bc98-ad109bf091dd'),
 ('45', '7', '2017-11-21 17:31:00', '2017-11-21 17:31:00', 'fa35769b-7202-4a75-8b0c-5b236f4406e0'),
 ('46', '7', '2017-11-21 17:31:04', '2017-11-21 17:31:04', 'd36d4712-fcae-412d-aa8f-6044fbe58157'),
 ('51', '8', '2017-11-27 19:37:06', '2017-11-27 19:37:06', 'b3f817e2-5661-4c53-8efb-018818bbb54d'),
 ('52', '8', '2017-11-27 19:37:12', '2017-11-27 19:37:12', 'd35932ad-d6a0-47f8-a228-059d092a49a9'),
 ('53', '8', '2017-11-27 19:37:22', '2017-11-27 19:37:22', '4f0002cc-e06a-4eaf-94c2-8011f51fe535'),
 ('54', '9', '2017-11-27 19:37:32', '2017-11-27 19:37:32', 'aa044791-a0d9-4ca2-b21e-ba748ae2aca4'),
 ('55', '9', '2017-11-27 19:37:37', '2017-11-27 19:37:37', '7659d41f-fe19-44e3-930c-6b3d1f6ec72a'),
 ('56', '9', '2017-11-27 19:37:41', '2017-11-27 19:37:41', 'd6c8c172-82a4-424c-96c3-8f2e7b8a325c'),
 ('62', '10', '2017-12-05 18:59:33', '2017-12-05 18:59:33', '472a9dd4-897f-4615-a953-32eb33d21fd9'),
 ('63', '10', '2017-12-05 18:59:39', '2017-12-05 18:59:39', 'eca8ba1c-633f-4812-b387-39e4575968b2'),
 ('64', '10', '2017-12-05 18:59:53', '2017-12-05 18:59:53', '93e317ab-09c5-4a74-ae9e-ea9339617919'),
 ('65', '10', '2017-12-05 19:00:02', '2017-12-05 19:00:02', '68f3fcad-18f5-47fc-aa1e-784b0ecf5575'),
 ('66', '10', '2017-12-05 19:00:15', '2017-12-05 19:00:15', 'ac04158e-dd68-41d7-9f78-52b683b2ea14'),
 ('67', '10', '2017-12-05 19:00:21', '2017-12-05 19:00:21', 'a6266a62-27a1-45d3-8a2e-4ba3403f5837'),
 ('69', '11', '2017-12-07 21:27:34', '2017-12-07 21:27:34', '4f50fd85-8479-40cc-8f4b-6262fa94d58a'),
 ('70', '11', '2017-12-07 21:27:40', '2017-12-07 21:27:40', '4b038225-78a9-43ba-9a76-b50ad4a5663a');



DROP TABLE IF EXISTS `craft_categorygroups`;


--
-- Schema for table `craft_categorygroups`
--
CREATE TABLE `craft_categorygroups` (
  `id` int(11) NOT NULL AUTO_INCREMENT,
  `structureId` int(11) NOT NULL,
  `fieldLayoutId` int(11) DEFAULT NULL,
  `name` varchar(255) COLLATE utf8_unicode_ci NOT NULL,
  `handle` varchar(255) COLLATE utf8_unicode_ci NOT NULL,
  `hasUrls` tinyint(1) unsigned NOT NULL DEFAULT '1',
  `template` varchar(500) COLLATE utf8_unicode_ci DEFAULT NULL,
  `dateCreated` datetime NOT NULL,
  `dateUpdated` datetime NOT NULL,
  `uid` char(36) COLLATE utf8_unicode_ci NOT NULL DEFAULT '0',
  PRIMARY KEY (`id`),
  UNIQUE KEY `craft_categorygroups_name_unq_idx` (`name`),
  UNIQUE KEY `craft_categorygroups_handle_unq_idx` (`handle`),
  KEY `craft_categorygroups_structureId_fk` (`structureId`),
  KEY `craft_categorygroups_fieldLayoutId_fk` (`fieldLayoutId`)
) ENGINE=InnoDB AUTO_INCREMENT=12 DEFAULT CHARSET=utf8 COLLATE=utf8_unicode_ci;

--
-- Data for table `craft_categorygroups`
--

INSERT INTO `craft_categorygroups` (`id`, `structureId`, `fieldLayoutId`, `name`, `handle`, `hasUrls`, `template`, `dateCreated`, `dateUpdated`, `uid`) VALUES
 ('2', '2', '18', 'Water Access', 'waterAccess', '1', '', '2017-09-08 20:34:03', '2017-09-08 20:34:03', '3cf629ef-d90a-441b-b445-fe172f6cec62'),
 ('3', '3', '20', 'Maintenance Level', 'maintenanceLevel', '1', '', '2017-09-08 20:38:41', '2017-09-08 20:38:41', 'dad885f6-49eb-4020-9366-80b3513e6c46'),
 ('4', '4', '22', 'New or Existing', 'newOrExisting', '1', '', '2017-09-14 19:24:09', '2017-09-14 19:24:09', 'fb99ce37-b2b2-4177-ba6d-e854b966947b'),
 ('5', '5', '51', 'Staff', 'staff', '1', '', '2017-11-01 18:06:36', '2017-11-01 18:06:36', '4b981143-142a-4161-9897-46bd2856323b'),
 ('6', '6', '68', 'Knowledge Level', 'knowledgeLevel', '1', '', '2017-11-14 18:45:55', '2017-11-14 18:45:55', '5ef97973-277f-4172-9249-ec286e718409'),
 ('7', '7', '135', 'Product Type', 'productType', '1', '', '2017-11-21 17:30:40', '2018-01-22 22:06:36', '665276d6-d4fa-44e9-8119-c10491acf9c1'),
 ('8', '8', '88', 'Audience', 'audience', '1', '', '2017-11-27 19:36:52', '2017-11-27 19:36:52', 'e44b302f-6b6a-456e-b42b-0d14fe5e35cd'),
 ('9', '9', '89', 'Field Type', 'fieldType', '1', '', '2017-11-27 19:36:57', '2017-11-27 19:36:57', '48d968bc-7650-4ed2-ae43-3b93d0bc190e'),
 ('10', '10', '110', 'Problem Area', 'problemArea', '1', '', '2017-12-05 18:57:48', '2017-12-05 18:57:48', 'df5a832d-0fe0-44cc-9efc-4b2cee2ed4e9'),
 ('11', '11', '114', 'Employee Role', 'employeeRole', '1', '', '2017-12-07 21:25:07', '2017-12-07 21:30:46', '34b33b6f-ca09-4cea-a450-1c9c2ff5934e');



DROP TABLE IF EXISTS `craft_categorygroups_i18n`;


--
-- Schema for table `craft_categorygroups_i18n`
--
CREATE TABLE `craft_categorygroups_i18n` (
  `id` int(11) NOT NULL AUTO_INCREMENT,
  `groupId` int(11) NOT NULL,
  `locale` char(12) COLLATE utf8_unicode_ci NOT NULL,
  `urlFormat` text COLLATE utf8_unicode_ci,
  `nestedUrlFormat` text COLLATE utf8_unicode_ci,
  `dateCreated` datetime NOT NULL,
  `dateUpdated` datetime NOT NULL,
  `uid` char(36) COLLATE utf8_unicode_ci NOT NULL DEFAULT '0',
  PRIMARY KEY (`id`),
  UNIQUE KEY `craft_categorygroups_i18n_groupId_locale_unq_idx` (`groupId`,`locale`),
  KEY `craft_categorygroups_i18n_locale_fk` (`locale`)
) ENGINE=InnoDB AUTO_INCREMENT=12 DEFAULT CHARSET=utf8 COLLATE=utf8_unicode_ci;

--
-- Data for table `craft_categorygroups_i18n`
--

INSERT INTO `craft_categorygroups_i18n` (`id`, `groupId`, `locale`, `urlFormat`, `nestedUrlFormat`, `dateCreated`, `dateUpdated`, `uid`) VALUES
 ('2', '2', 'en_us', 'water-access/{slug}', '{parent.uri}/{slug}', '2017-09-08 20:34:03', '2017-09-08 20:34:03', 'd1d05163-81ef-44d7-b7e4-f1727bdd79a7'),
 ('3', '3', 'en_us', 'maintenance-level/{slug}', '{parent.uri}/{slug}', '2017-09-08 20:38:41', '2017-09-08 20:38:41', '842bd2f9-ce85-4859-a955-40ad91e27793'),
 ('4', '4', 'en_us', 'new-or-existing/{slug}', '{parent.uri}/{slug}', '2017-09-14 19:24:09', '2017-09-14 19:24:09', '8c230cab-0e9e-463e-93f8-d861d353d9ff'),
 ('5', '5', 'en_us', 'staff/{slug}', '{parent.uri}/{slug}', '2017-11-01 18:06:36', '2017-11-01 18:06:36', '458c1544-8703-4f93-9b4b-18b47504ac41'),
 ('6', '6', 'en_us', 'knowledge-level/{slug}', '{parent.uri}/{slug}', '2017-11-14 18:45:55', '2017-11-14 18:45:55', 'd553cb9a-8540-4e3a-9d7e-69326ca8ca93'),
 ('7', '7', 'en_us', 'product-type/{slug}', '{parent.uri}/{slug}', '2017-11-21 17:30:40', '2017-11-21 17:30:40', 'd180ec90-3a70-4dfb-b44b-2e8a50ff6f0a'),
 ('8', '8', 'en_us', 'audience/{slug}', '{parent.uri}/{slug}', '2017-11-27 19:36:52', '2017-11-27 19:36:52', 'cd9c36e4-6ba8-4e2f-aa4b-493ce5f2c92a'),
 ('9', '9', 'en_us', 'field-type/{slug}', '{parent.uri}/{slug}', '2017-11-27 19:36:57', '2017-11-27 19:36:57', 'e5a8c162-ad2c-474c-937e-e8aee739f061'),
 ('10', '10', 'en_us', 'problem-area/{slug}', '{parent.uri}/{slug}', '2017-12-05 18:57:48', '2017-12-05 18:57:48', '5d8dfda2-1064-441b-a2cf-6ccec4fbf7bd'),
 ('11', '11', 'en_us', 'employee-role/{slug}', '{parent.uri}/{slug}', '2017-12-07 21:25:07', '2017-12-07 21:30:46', '577ad622-afed-4cfa-8816-536b245f8a12');



DROP TABLE IF EXISTS `craft_content`;


--
-- Schema for table `craft_content`
--
CREATE TABLE `craft_content` (
  `id` int(11) NOT NULL AUTO_INCREMENT,
  `elementId` int(11) NOT NULL,
  `locale` char(12) COLLATE utf8_unicode_ci NOT NULL,
  `title` varchar(255) COLLATE utf8_unicode_ci DEFAULT NULL,
  `field_body` text COLLATE utf8_unicode_ci,
  `field_maintenanceLevel` varchar(255) COLLATE utf8_unicode_ci DEFAULT NULL,
  `field_waterAccess` tinyint(1) unsigned NOT NULL DEFAULT '0',
  `field_profLevel` varchar(255) COLLATE utf8_unicode_ci DEFAULT NULL,
  `field_header` text COLLATE utf8_unicode_ci,
  `field_duraedgeadvantage` text COLLATE utf8_unicode_ci,
  `field_email` text COLLATE utf8_unicode_ci,
  `field_phoneNumber` int(10) unsigned DEFAULT '0',
  `field_address` text COLLATE utf8_unicode_ci,
  `field_headerTitle` text COLLATE utf8_unicode_ci,
  `field_phone` text COLLATE utf8_unicode_ci,
  `field_customerService` text COLLATE utf8_unicode_ci,
  `field_customerServiceHours` text COLLATE utf8_unicode_ci,
  `field_fax` text COLLATE utf8_unicode_ci,
  `field_staffEmail` text COLLATE utf8_unicode_ci,
  `field_staffName` text COLLATE utf8_unicode_ci,
  `field_staffPhone` text COLLATE utf8_unicode_ci,
  `field_staffPosition` text COLLATE utf8_unicode_ci,
  `field_takeTheNextStep` text COLLATE utf8_unicode_ci,
  `field_faqTitle` text COLLATE utf8_unicode_ci,
  `field_videoLink` text COLLATE utf8_unicode_ci,
  `field_eventDate` datetime DEFAULT NULL,
  `field_headline` text COLLATE utf8_unicode_ci,
  `field_subheadline` text COLLATE utf8_unicode_ci,
  `field_callToAction` text COLLATE utf8_unicode_ci,
  `field_featuredContent` tinyint(1) unsigned NOT NULL DEFAULT '0',
  `field_address2` text COLLATE utf8_unicode_ci,
  `field_fieldComposition` text COLLATE utf8_unicode_ci,
  `field_location` text COLLATE utf8_unicode_ci,
  `dateCreated` datetime NOT NULL,
  `dateUpdated` datetime NOT NULL,
  `uid` char(36) COLLATE utf8_unicode_ci NOT NULL DEFAULT '0',
  PRIMARY KEY (`id`),
  UNIQUE KEY `craft_content_elementId_locale_unq_idx` (`elementId`,`locale`),
  KEY `craft_content_title_idx` (`title`),
  KEY `craft_content_locale_fk` (`locale`)
) ENGINE=InnoDB AUTO_INCREMENT=77 DEFAULT CHARSET=utf8 COLLATE=utf8_unicode_ci;

--
-- Data for table `craft_content`
--

INSERT INTO `craft_content` (`id`, `elementId`, `locale`, `title`, `field_body`, `field_maintenanceLevel`, `field_waterAccess`, `field_profLevel`, `field_header`, `field_duraedgeadvantage`, `field_email`, `field_phoneNumber`, `field_address`, `field_headerTitle`, `field_phone`, `field_customerService`, `field_customerServiceHours`, `field_fax`, `field_staffEmail`, `field_staffName`, `field_staffPhone`, `field_staffPosition`, `field_takeTheNextStep`, `field_faqTitle`, `field_videoLink`, `field_eventDate`, `field_headline`, `field_subheadline`, `field_callToAction`, `field_featuredContent`, `field_address2`, `field_fieldComposition`, `field_location`, `dateCreated`, `dateUpdated`, `uid`) VALUES
 ('1', '1', 'en_us', NULL, NULL, NULL, '0', NULL, NULL, NULL, NULL, '0', NULL, NULL, NULL, NULL, NULL, NULL, NULL, NULL, NULL, NULL, NULL, NULL, NULL, NULL, NULL, NULL, NULL, '0', NULL, NULL, NULL, '2017-09-05 17:18:00', '2017-09-05 17:18:00', 'b850abd5-7092-41a4-ac5d-1c8b66105fcb'),
 ('2', '2', 'en_us', 'Home', '<p>It’s true, this site doesn’t have a whole lot of content yet, but don’t worry. Our web developers have just installed the CMS, and they’re setting things up for the content editors this very moment. Soon Duraedge.web will be an oasis of fresh perspectives, sharp analyses, and astute opinions that will keep you coming back again and again.</p>', NULL, '0', NULL, NULL, NULL, NULL, '0', NULL, NULL, NULL, NULL, NULL, NULL, NULL, NULL, NULL, NULL, NULL, NULL, NULL, NULL, 'Headline', 'Subheadline', 'CTA', '0', NULL, NULL, NULL, '2017-09-05 17:18:02', '2018-01-22 20:06:23', 'cd4cfc85-0e1c-4d12-a2da-c3e46025f5fc'),
 ('3', '3', 'en_us', 'We just installed Craft!', '<p>Craft is the CMS that’s powering Duraedge.web. It’s beautiful, powerful, flexible, and easy-to-use, and it’s made by Pixel &amp; Tonic. We can’t wait to dive in and see what it’s capable of!</p><!--pagebreak--><p>This is even more captivating content, which you couldn’t see on the News index page because it was entered after a Page Break, and the News index template only likes to show the content on the first page.</p><p>Craft: a nice alternative to Word, if you’re making a website.</p>', NULL, '0', NULL, NULL, NULL, NULL, '0', NULL, NULL, NULL, NULL, NULL, NULL, NULL, NULL, NULL, NULL, NULL, NULL, NULL, NULL, NULL, NULL, NULL, '0', NULL, NULL, NULL, '2017-09-05 17:18:02', '2017-09-05 17:18:02', '3688d0e6-14e3-48b1-af90-311abdc0c737'),
 ('7', '7', 'en_us', 'ddd', 'wefsdf', NULL, '0', NULL, NULL, NULL, NULL, '0', NULL, NULL, NULL, NULL, NULL, NULL, NULL, NULL, NULL, NULL, NULL, NULL, NULL, NULL, NULL, NULL, NULL, '0', NULL, NULL, NULL, '2017-09-05 18:15:40', '2017-09-05 18:15:40', 'acc198d9-c22a-4a9a-96d7-a92ff9eada04'),
 ('8', '8', 'en_us', 'ddd', '333', NULL, '0', NULL, NULL, NULL, NULL, '0', NULL, NULL, NULL, NULL, NULL, NULL, NULL, NULL, NULL, NULL, NULL, NULL, NULL, NULL, NULL, NULL, NULL, '0', NULL, NULL, NULL, '2017-09-05 18:16:53', '2017-09-05 18:16:53', '52fafe2f-ea49-4ec4-8101-2e3e1b3ded6e'),
 ('10', '10', 'en_us', 'Has Water', NULL, NULL, '0', NULL, NULL, NULL, NULL, '0', NULL, NULL, NULL, NULL, NULL, NULL, NULL, NULL, NULL, NULL, NULL, NULL, NULL, NULL, NULL, NULL, NULL, '0', NULL, NULL, NULL, '2017-09-08 20:34:42', '2017-09-08 20:34:42', '3e8ed6f0-f85e-4b3e-9562-6a39a9ec7fca'),
 ('11', '11', 'en_us', 'No Water', NULL, NULL, '0', NULL, NULL, NULL, NULL, '0', NULL, NULL, NULL, NULL, NULL, NULL, NULL, NULL, NULL, NULL, NULL, NULL, NULL, NULL, NULL, NULL, NULL, '0', NULL, NULL, NULL, '2017-09-08 20:34:51', '2017-09-08 20:34:51', '7bc10867-e927-4716-ae7c-b106c628a3eb'),
 ('12', '12', 'en_us', 'Light', NULL, NULL, '0', NULL, NULL, NULL, NULL, '0', NULL, NULL, NULL, NULL, NULL, NULL, NULL, NULL, NULL, NULL, NULL, NULL, NULL, NULL, NULL, NULL, NULL, '0', NULL, NULL, NULL, '2017-09-08 20:38:50', '2017-09-08 20:38:50', '9d01f8bc-577f-4827-b4f6-130fd3d63e24'),
 ('13', '13', 'en_us', 'Moderate', NULL, NULL, '0', NULL, NULL, NULL, NULL, '0', NULL, NULL, NULL, NULL, NULL, NULL, NULL, NULL, NULL, NULL, NULL, NULL, NULL, NULL, NULL, NULL, NULL, '0', NULL, NULL, NULL, '2017-09-08 20:38:55', '2017-09-08 20:38:55', 'b0ce18c1-eae6-43fe-8e23-e37f5b3fc707'),
 ('14', '14', 'en_us', 'Heavy', NULL, NULL, '0', NULL, NULL, NULL, NULL, '0', NULL, NULL, NULL, NULL, NULL, NULL, NULL, NULL, NULL, NULL, NULL, NULL, NULL, NULL, NULL, NULL, NULL, '0', NULL, NULL, NULL, '2017-09-08 20:39:00', '2017-09-08 20:39:00', '48cc367a-a3ff-4486-b61a-eb7886f97d1a'),
 ('16', '16', 'en_us', 'New', NULL, NULL, '0', NULL, NULL, NULL, NULL, '0', NULL, NULL, NULL, NULL, NULL, NULL, NULL, NULL, NULL, NULL, NULL, NULL, NULL, NULL, NULL, NULL, NULL, '0', NULL, NULL, NULL, '2017-09-14 19:24:19', '2017-09-14 19:24:21', 'cc7cde8c-3c14-4d4e-9e7a-23c2796c8234'),
 ('17', '17', 'en_us', 'Existing', NULL, NULL, '0', NULL, NULL, NULL, NULL, '0', NULL, NULL, NULL, NULL, NULL, NULL, NULL, NULL, NULL, NULL, NULL, NULL, NULL, NULL, NULL, NULL, NULL, '0', NULL, NULL, NULL, '2017-09-14 19:24:25', '2017-09-14 19:24:25', '16882545-3a0d-4ff0-9cc3-db2ca814a8d0'),
 ('19', '19', 'en_us', 'My soil is dry', '<p>1</p>', NULL, '0', NULL, NULL, NULL, NULL, '0', NULL, NULL, NULL, NULL, NULL, NULL, NULL, NULL, NULL, NULL, NULL, NULL, NULL, NULL, NULL, NULL, NULL, '0', NULL, NULL, NULL, '2017-09-19 19:34:04', '2017-11-27 19:41:41', '71f6675a-4612-43e4-9dbf-82aae17d4e10'),
 ('20', '20', 'en_us', 'My soil has rocks in it', '<p>1 2</p>', NULL, '0', NULL, NULL, NULL, NULL, '0', NULL, NULL, NULL, NULL, NULL, NULL, NULL, NULL, NULL, NULL, NULL, NULL, NULL, NULL, NULL, NULL, NULL, '0', NULL, NULL, NULL, '2017-09-19 19:34:14', '2017-11-27 19:41:41', '470108c8-3180-4688-8483-0404243bee61'),
 ('21', '21', 'en_us', '1', '<p>1</p>', NULL, '0', NULL, NULL, NULL, NULL, '0', NULL, NULL, NULL, NULL, NULL, NULL, NULL, NULL, NULL, NULL, NULL, NULL, NULL, NULL, NULL, NULL, NULL, '0', NULL, NULL, NULL, '2017-09-19 19:40:46', '2017-11-27 19:41:41', '58577195-7c42-4de9-bbf2-022fded4bbf4'),
 ('22', '22', 'en_us', 'About DuraEdge', '<p>Lorem ipsum dolor sit amet, consectetuer adipiscing elit. Aenean commodo ligula eget dolor. Aenean massa. Cum sociis natoque penatibus et magnis dis parturient montes, nascetur ridiculus mus.</p>', NULL, '0', NULL, 'Lorem ipsum dolor sit amet, consectetuer adipiscing elit. Aenean commodo ligula eget dolor. Aenean massa. Cum sociis natoque penatibus et magnis dis parturient montes, nascetur ridiculus mus.', 'Lorem ipsum dolor sit amet, consectetuer adipiscing elit. Aenean commodo ligula eget dolor. Aenean massa. Cum sociis natoque penatibus et magnis dis parturient montes, nascetur ridiculus mus.', NULL, '0', NULL, NULL, NULL, NULL, NULL, NULL, NULL, NULL, NULL, NULL, NULL, NULL, NULL, NULL, NULL, NULL, NULL, '0', NULL, NULL, NULL, '2017-10-23 19:16:05', '2017-10-23 19:53:39', '7f2928e5-ca8e-4c2e-96c2-2d9a4a407efe'),
 ('23', '23', 'en_us', 'Contact Duraedge', '<p>Body</p>', NULL, '0', NULL, 'Header', NULL, NULL, '0', NULL, NULL, NULL, NULL, NULL, NULL, NULL, NULL, NULL, NULL, NULL, NULL, NULL, NULL, NULL, NULL, NULL, '0', NULL, NULL, NULL, '2017-10-24 20:13:36', '2017-11-21 20:27:56', 'ca19e46e-5426-4d69-a735-c285352ec698'),
 ('24', '24', 'en_us', 'Pdf Sample', NULL, NULL, '0', NULL, NULL, NULL, NULL, '0', NULL, NULL, NULL, NULL, NULL, NULL, NULL, NULL, NULL, NULL, NULL, NULL, NULL, NULL, NULL, NULL, NULL, '0', NULL, NULL, NULL, '2017-10-24 20:21:34', '2017-10-24 20:21:34', '1309eb03-5fb8-4106-93c8-7d65373101bd'),
 ('25', '26', 'en_us', 'Find a Distributor', NULL, NULL, '0', NULL, NULL, NULL, 'jsnow@gmail.com', '330123456', NULL, NULL, NULL, NULL, NULL, NULL, NULL, NULL, NULL, NULL, NULL, NULL, NULL, NULL, NULL, NULL, NULL, '0', NULL, NULL, NULL, '2017-10-24 21:05:23', '2017-11-13 17:25:47', '37f8c207-9af9-442e-9279-96f3b1266db7'),
 ('26', '27', 'en_us', 'Cleveland Indians', NULL, NULL, '0', NULL, NULL, NULL, 'windians@gmail.com', '911', NULL, NULL, NULL, NULL, NULL, NULL, NULL, NULL, NULL, NULL, NULL, NULL, NULL, NULL, NULL, NULL, NULL, '0', NULL, NULL, NULL, '2017-10-24 21:05:49', '2017-10-24 21:05:49', 'b9bd8801-614b-4f74-a571-382d729c12c9'),
 ('27', '28', 'en_us', 'Products', NULL, NULL, '0', NULL, NULL, NULL, NULL, '0', NULL, NULL, NULL, NULL, NULL, NULL, NULL, NULL, NULL, NULL, NULL, NULL, NULL, NULL, NULL, NULL, NULL, '0', NULL, NULL, NULL, '2017-10-26 18:23:48', '2017-11-20 19:04:12', 'dd20abab-ee43-4aeb-9d78-9f92637a2123'),
 ('28', '29', 'en_us', 'DuraEdge HQ', NULL, NULL, '0', NULL, NULL, NULL, NULL, '0', NULL, NULL, NULL, NULL, NULL, NULL, NULL, NULL, NULL, NULL, NULL, NULL, NULL, NULL, NULL, NULL, NULL, '0', NULL, NULL, NULL, '2017-10-27 20:44:26', '2017-10-27 20:44:26', 'fb1f0753-0867-466c-9973-695eefa65183'),
 ('29', '30', 'en_us', 'Colorado Rockies Field', NULL, NULL, '0', NULL, NULL, NULL, NULL, '0', NULL, NULL, NULL, NULL, NULL, NULL, NULL, NULL, NULL, NULL, NULL, NULL, NULL, NULL, NULL, NULL, NULL, '0', NULL, NULL, NULL, '2017-10-31 18:10:16', '2017-10-31 18:10:16', '73b302f9-d6ca-4045-9324-97e234a7b13d'),
 ('30', '31', 'en_us', NULL, NULL, NULL, '0', NULL, NULL, NULL, NULL, '0', NULL, 'DuraEdge', NULL, NULL, NULL, NULL, NULL, NULL, NULL, NULL, NULL, NULL, NULL, NULL, NULL, NULL, NULL, '0', NULL, NULL, NULL, '2017-11-01 18:02:06', '2018-01-19 19:31:21', '3bde9cf6-22d9-4a88-88f5-5711018369f0'),
 ('31', '32', 'en_us', NULL, NULL, NULL, '0', NULL, NULL, NULL, NULL, '0', '4783 Harlansburg Rd, ', 'DuraEdge', '(866) 867-0052', 'Customer Service Center M-F', '7:00 am - 4:30 pm (CST)', '608-836-072', NULL, NULL, NULL, NULL, 'https://duraedge.ideabasekent.com/httpdocs/', NULL, NULL, NULL, NULL, NULL, NULL, '0', 'Slippery Rock, PA 16057', NULL, NULL, '2017-11-01 18:02:38', '2018-01-24 16:06:19', '753bd5f3-e627-47bd-82ac-86c93e2bb54c'),
 ('32', '34', 'en_us', 'Executive', NULL, NULL, '0', NULL, NULL, NULL, NULL, '0', NULL, NULL, NULL, NULL, NULL, NULL, NULL, NULL, NULL, NULL, NULL, NULL, NULL, NULL, NULL, NULL, NULL, '0', NULL, NULL, NULL, '2017-11-01 18:06:44', '2017-11-01 18:06:44', '1785f820-cbe5-41dc-84a0-ea409b9b1fb6'),
 ('33', '35', 'en_us', 'Regular', NULL, NULL, '0', NULL, NULL, NULL, NULL, '0', NULL, NULL, NULL, NULL, NULL, NULL, NULL, NULL, NULL, NULL, NULL, NULL, NULL, NULL, NULL, NULL, NULL, '0', NULL, NULL, NULL, '2017-11-01 18:06:49', '2017-11-01 18:06:49', 'f97181fc-c767-4a75-8587-7b3c1f2ab9d5'),
 ('34', '36', 'en_us', 'Why DuraEdge', '<p>and scrambled it to make a type specimen book. It has survived not only five centuries, but also the leap into electronic typesetting, remaining essentially unchanged. It was popularised in the 1960s with the release of Letraset sheets containing Lorem Ipsum passages, and more recently with desktop publishing software like Aldus PageMaker including versions of Lorem Ips</p>', NULL, '0', NULL, NULL, NULL, NULL, '0', NULL, NULL, NULL, NULL, NULL, NULL, NULL, NULL, NULL, NULL, NULL, NULL, NULL, NULL, NULL, NULL, NULL, '0', NULL, NULL, NULL, '2017-11-01 18:37:38', '2018-01-22 20:08:59', 'e4b62fcd-be35-47e5-b6e8-d2402e741857'),
 ('35', '39', 'en_us', 'Bob the builder', '<p>can we fix it</p>', NULL, '0', NULL, NULL, NULL, NULL, '0', NULL, NULL, NULL, NULL, NULL, NULL, NULL, NULL, NULL, NULL, NULL, NULL, NULL, NULL, NULL, NULL, NULL, '0', NULL, NULL, NULL, '2017-11-07 20:39:57', '2017-11-07 20:39:57', 'f99a0a25-cbdd-4400-aa24-c128d6ceb934'),
 ('36', '40', 'en_us', 'Basic', NULL, NULL, '0', NULL, NULL, NULL, NULL, '0', NULL, NULL, NULL, NULL, NULL, NULL, NULL, NULL, NULL, NULL, NULL, NULL, NULL, NULL, NULL, NULL, NULL, '0', NULL, NULL, NULL, '2017-11-14 18:46:02', '2017-11-14 18:46:02', 'c1149d19-cc2b-4207-a303-9ef8be21671a'),
 ('37', '41', 'en_us', 'Intermediate', NULL, NULL, '0', NULL, NULL, NULL, NULL, '0', NULL, NULL, NULL, NULL, NULL, NULL, NULL, NULL, NULL, NULL, NULL, NULL, NULL, NULL, NULL, NULL, NULL, '0', NULL, NULL, NULL, '2017-11-14 18:46:09', '2017-11-14 18:46:09', '8ec9233e-6061-43c7-8ae3-03e2a1fa66be'),
 ('38', '42', 'en_us', 'Advanced', NULL, NULL, '0', NULL, NULL, NULL, NULL, '0', NULL, NULL, NULL, NULL, NULL, NULL, NULL, NULL, NULL, NULL, NULL, NULL, NULL, NULL, NULL, NULL, NULL, '0', NULL, NULL, NULL, '2017-11-14 18:46:13', '2017-11-14 18:46:13', '6435ff6b-e907-48c9-8104-518585cb1193'),
 ('39', '43', 'en_us', 'Jon snow', NULL, NULL, '0', NULL, NULL, NULL, 'jsnow@ww.com', '0', NULL, NULL, NULL, NULL, NULL, NULL, NULL, NULL, NULL, NULL, NULL, NULL, NULL, NULL, NULL, NULL, NULL, '0', NULL, NULL, NULL, '2017-11-16 23:59:35', '2017-11-16 23:59:35', 'a98ad7d3-cf08-4aa9-ba6d-368565c97c03'),
 ('40', '44', 'en_us', 'Soil', NULL, NULL, '0', NULL, NULL, NULL, NULL, '0', NULL, NULL, NULL, NULL, NULL, NULL, NULL, NULL, NULL, NULL, NULL, NULL, NULL, NULL, NULL, NULL, NULL, '0', NULL, NULL, NULL, '2017-11-21 17:30:52', '2017-11-21 17:30:52', '57324ee6-678c-44e8-a2ba-52b04b588fad'),
 ('41', '45', 'en_us', 'Dressing', NULL, NULL, '0', NULL, NULL, NULL, NULL, '0', NULL, NULL, NULL, NULL, NULL, NULL, NULL, NULL, NULL, NULL, NULL, NULL, NULL, NULL, NULL, NULL, NULL, '0', NULL, NULL, NULL, '2017-11-21 17:31:00', '2017-11-21 17:31:00', '0a0b6439-899b-44e7-92ab-2f6a97cc3919'),
 ('42', '46', 'en_us', 'Accessories', NULL, NULL, '0', NULL, NULL, NULL, NULL, '0', NULL, NULL, NULL, NULL, NULL, NULL, NULL, NULL, NULL, NULL, NULL, NULL, NULL, NULL, NULL, NULL, NULL, '0', NULL, NULL, NULL, '2017-11-21 17:31:04', '2017-11-21 17:31:04', '1fdf0d2b-ebe9-477d-9e9d-8cf926118ff4'),
 ('43', '47', 'en_us', 'Example Field', '<p>k. It has survived not only five centuries, but also the leap into electronic typesetting, remaining essentially unchanged. It was popularised in the 1960s with the release of Letraset sheets containing Lorem Ipsum passages, and more recently with desktop publishing software like Aldus PageMaker including versions of Lorem Ipsum.</p>', NULL, '0', NULL, NULL, NULL, NULL, '0', NULL, NULL, NULL, NULL, NULL, NULL, NULL, NULL, NULL, NULL, NULL, NULL, NULL, NULL, NULL, NULL, NULL, '0', NULL, NULL, NULL, '2017-11-21 17:33:48', '2017-11-21 17:43:24', 'b6232096-7eff-4b64-af72-fcc94beb96d2'),
 ('44', '48', 'en_us', 'Pasta Spaghetti Noodle Pasta Nests 47306', NULL, NULL, '0', NULL, NULL, NULL, NULL, '0', NULL, NULL, NULL, NULL, NULL, NULL, NULL, NULL, NULL, NULL, NULL, NULL, NULL, NULL, NULL, NULL, NULL, '0', NULL, NULL, NULL, '2017-11-21 20:22:21', '2017-11-21 20:22:21', 'b42de1e4-bf8c-4bd8-9710-fb69d99e25de'),
 ('45', '50', 'en_us', 'Field Maintenance', NULL, NULL, '0', NULL, NULL, NULL, NULL, '0', NULL, NULL, NULL, NULL, NULL, NULL, NULL, NULL, NULL, NULL, NULL, NULL, NULL, NULL, NULL, NULL, NULL, '0', NULL, NULL, NULL, '2017-11-27 17:46:28', '2017-11-27 17:46:28', 'ebc344ed-8c09-4599-b940-6529fbd8f563'),
 ('46', '51', 'en_us', 'Groundskeeper', NULL, NULL, '0', NULL, NULL, NULL, NULL, '0', NULL, NULL, NULL, NULL, NULL, NULL, NULL, NULL, NULL, NULL, NULL, NULL, NULL, NULL, NULL, NULL, NULL, '0', NULL, NULL, NULL, '2017-11-27 19:37:06', '2017-11-27 19:37:06', '14e56674-f9b4-47e0-ac2d-da152d709b5d'),
 ('47', '52', 'en_us', 'Coach', NULL, NULL, '0', NULL, NULL, NULL, NULL, '0', NULL, NULL, NULL, NULL, NULL, NULL, NULL, NULL, NULL, NULL, NULL, NULL, NULL, NULL, NULL, NULL, NULL, '0', NULL, NULL, NULL, '2017-11-27 19:37:12', '2017-11-27 19:37:12', '68474b11-c31b-4495-893c-29c9f1eca93c'),
 ('48', '53', 'en_us', 'Athletic Director', NULL, NULL, '0', NULL, NULL, NULL, NULL, '0', NULL, NULL, NULL, NULL, NULL, NULL, NULL, NULL, NULL, NULL, NULL, NULL, NULL, NULL, NULL, NULL, NULL, '0', NULL, NULL, NULL, '2017-11-27 19:37:22', '2017-11-27 19:37:22', '9061ab46-415f-4221-aa9c-3af1698eb39e'),
 ('49', '54', 'en_us', 'Professional', NULL, NULL, '0', NULL, NULL, NULL, NULL, '0', NULL, NULL, NULL, NULL, NULL, NULL, NULL, NULL, NULL, NULL, NULL, NULL, NULL, NULL, NULL, NULL, NULL, '0', NULL, NULL, NULL, '2017-11-27 19:37:32', '2017-11-27 19:37:32', '258a3fb8-983c-4abc-a8f9-8cde1498399d'),
 ('50', '55', 'en_us', 'Collegiate', NULL, NULL, '0', NULL, NULL, NULL, NULL, '0', NULL, NULL, NULL, NULL, NULL, NULL, NULL, NULL, NULL, NULL, NULL, NULL, NULL, NULL, NULL, NULL, NULL, '0', NULL, NULL, NULL, '2017-11-27 19:37:37', '2017-11-27 19:37:37', '93a53e5b-f434-4afb-bcc7-16a291d3c2c9'),
 ('51', '56', 'en_us', 'Recreational', NULL, NULL, '0', NULL, NULL, NULL, NULL, '0', NULL, NULL, NULL, NULL, NULL, NULL, NULL, NULL, NULL, NULL, NULL, NULL, NULL, NULL, NULL, NULL, NULL, '0', NULL, NULL, NULL, '2017-11-27 19:37:41', '2017-11-27 19:37:41', '6fd0d80b-d04a-4ab9-a1be-08e1d8c6486c'),
 ('52', '57', 'en_us', 'Architects', '<p>Ipsum</p>', NULL, '0', NULL, 'Lorem', NULL, NULL, '0', NULL, NULL, NULL, NULL, NULL, NULL, NULL, NULL, NULL, NULL, NULL, NULL, NULL, NULL, NULL, NULL, NULL, '0', NULL, NULL, NULL, '2017-11-28 18:49:56', '2017-11-30 18:30:30', '8e52ab33-6f99-4018-9f45-bb4d7cd42561'),
 ('53', '58', 'en_us', 'Certification Programs', '<p>yo</p>', NULL, '0', NULL, 'Yo', NULL, NULL, '0', NULL, NULL, NULL, NULL, NULL, NULL, NULL, NULL, NULL, NULL, NULL, NULL, NULL, NULL, NULL, NULL, NULL, '0', NULL, NULL, NULL, '2017-11-28 19:41:30', '2017-11-28 20:09:09', '6a3718ec-bcab-4ccf-b00c-731e80bad483'),
 ('54', '59', 'en_us', 'Become a Certified Installer', NULL, NULL, '0', NULL, NULL, NULL, NULL, '0', NULL, NULL, NULL, NULL, NULL, NULL, NULL, NULL, NULL, NULL, NULL, NULL, NULL, NULL, NULL, NULL, NULL, '0', NULL, NULL, NULL, '2017-11-28 19:41:43', '2017-11-28 19:41:43', '5a1c0ca3-8d6f-4c82-b1ab-adb1cac5fd4c'),
 ('55', '60', 'en_us', 'Field Assurance Program', NULL, NULL, '0', NULL, NULL, NULL, NULL, '0', NULL, NULL, NULL, NULL, NULL, NULL, NULL, NULL, NULL, NULL, NULL, NULL, NULL, NULL, NULL, NULL, NULL, '0', NULL, NULL, NULL, '2017-11-28 19:42:37', '2017-11-28 19:42:37', '013b4221-bc42-4456-b311-627e62676e0c'),
 ('56', '61', 'en_us', 'Fun event', '<p>test test tets test eteasdjojsdakfj sdlkfjdsflkdsjflksd fksdlhgkdshnsdlkgj sdlkgjsdlkgjs dgsdlkbjsd blksdj glksdjf lksdgdsgdsf</p>', NULL, '0', NULL, 'This is a fun event', NULL, NULL, '0', NULL, NULL, NULL, NULL, NULL, NULL, NULL, NULL, NULL, NULL, NULL, NULL, NULL, '2017-12-20 00:00:00', NULL, NULL, NULL, '0', NULL, NULL, NULL, '2017-11-28 20:11:38', '2017-12-04 17:54:20', 'ccf254f2-f3fa-4ac1-b1e6-3a5041904c25'),
 ('57', '62', 'en_us', 'Bad Hops', NULL, NULL, '0', NULL, NULL, NULL, NULL, '0', NULL, NULL, NULL, NULL, NULL, NULL, NULL, NULL, NULL, NULL, NULL, NULL, NULL, NULL, NULL, NULL, NULL, '0', NULL, NULL, NULL, '2017-12-05 18:59:32', '2017-12-05 18:59:32', '1f30c396-3f96-4f62-9726-f90432899f07'),
 ('58', '63', 'en_us', 'Lips Forming', NULL, NULL, '0', NULL, NULL, NULL, NULL, '0', NULL, NULL, NULL, NULL, NULL, NULL, NULL, NULL, NULL, NULL, NULL, NULL, NULL, NULL, NULL, NULL, NULL, '0', NULL, NULL, NULL, '2017-12-05 18:59:39', '2017-12-05 18:59:39', '13191ffa-a290-4dc2-bb66-379eb7570bf9'),
 ('59', '64', 'en_us', 'Dusty/Dry Infield', NULL, NULL, '0', NULL, NULL, NULL, NULL, '0', NULL, NULL, NULL, NULL, NULL, NULL, NULL, NULL, NULL, NULL, NULL, NULL, NULL, NULL, NULL, NULL, NULL, '0', NULL, NULL, NULL, '2017-12-05 18:59:53', '2017-12-05 18:59:53', '07f3ac97-c2fc-4912-9fde-fd9e38be2d12'),
 ('60', '65', 'en_us', 'Wet & Mucky Infield', NULL, NULL, '0', NULL, NULL, NULL, NULL, '0', NULL, NULL, NULL, NULL, NULL, NULL, NULL, NULL, NULL, NULL, NULL, NULL, NULL, NULL, NULL, NULL, NULL, '0', NULL, NULL, NULL, '2017-12-05 19:00:02', '2017-12-05 19:00:02', 'acd0179c-31e7-4a08-9dd3-d72f383345cf'),
 ('61', '66', 'en_us', 'Infield is Holding Water', NULL, NULL, '0', NULL, NULL, NULL, NULL, '0', NULL, NULL, NULL, NULL, NULL, NULL, NULL, NULL, NULL, NULL, NULL, NULL, NULL, NULL, NULL, NULL, NULL, '0', NULL, NULL, NULL, '2017-12-05 19:00:15', '2017-12-05 19:00:15', '1931be4e-ad81-4a6b-b243-d0bc02ee7d66'),
 ('62', '67', 'en_us', 'Plate Chunking Out', NULL, NULL, '0', NULL, NULL, NULL, NULL, '0', NULL, NULL, NULL, NULL, NULL, NULL, NULL, NULL, NULL, NULL, NULL, NULL, NULL, NULL, NULL, NULL, NULL, '0', NULL, NULL, NULL, '2017-12-05 19:00:21', '2017-12-05 19:00:21', '7caffba0-f5fe-419c-bc39-1a9ea7f12f8b'),
 ('64', '69', 'en_us', 'Distributor', NULL, NULL, '0', NULL, NULL, NULL, NULL, '0', NULL, NULL, NULL, NULL, NULL, NULL, NULL, NULL, NULL, NULL, NULL, NULL, NULL, NULL, NULL, NULL, NULL, '0', NULL, NULL, NULL, '2017-12-07 21:27:34', '2017-12-07 21:27:34', '979f1e83-0611-49dc-b95f-96625ddcc0fc'),
 ('65', '70', 'en_us', 'Installer', NULL, NULL, '0', NULL, NULL, NULL, NULL, '0', NULL, NULL, NULL, NULL, NULL, NULL, NULL, NULL, NULL, NULL, NULL, NULL, NULL, NULL, NULL, NULL, NULL, '0', NULL, NULL, NULL, '2017-12-07 21:27:40', '2017-12-07 21:27:40', '6226cead-e7d5-4506-bb68-64374251992b'),
 ('66', '71', 'en_us', 'Bob Bobson', NULL, NULL, '0', NULL, NULL, NULL, NULL, '0', NULL, NULL, NULL, NULL, NULL, NULL, 'email@emai.com', NULL, '911', '', NULL, NULL, NULL, NULL, NULL, NULL, NULL, '0', NULL, NULL, NULL, '2017-12-07 21:29:24', '2017-12-07 21:29:43', '6339124e-91ef-49d1-a686-a9797ba1b990'),
 ('69', '74', 'en_us', 'Baseball', NULL, NULL, '0', NULL, NULL, NULL, NULL, '0', NULL, NULL, NULL, NULL, NULL, NULL, NULL, NULL, NULL, NULL, NULL, NULL, NULL, NULL, NULL, NULL, NULL, '0', NULL, NULL, NULL, '2017-12-13 19:11:59', '2017-12-13 19:11:59', '97d84825-c27e-4105-a77b-6b4fbecddbeb'),
 ('70', '75', 'en_us', 'Dura Edge Wordmark', NULL, NULL, '0', NULL, NULL, NULL, NULL, '0', NULL, NULL, NULL, NULL, NULL, NULL, NULL, NULL, NULL, NULL, NULL, NULL, NULL, NULL, NULL, NULL, NULL, '0', NULL, NULL, NULL, '2017-12-13 19:12:00', '2017-12-13 19:12:00', '672a58a4-17b1-4806-a38d-c56dba3367ec'),
 ('71', '76', 'en_us', 'Artboard 2', NULL, NULL, '0', NULL, NULL, NULL, NULL, '0', NULL, NULL, NULL, NULL, NULL, NULL, NULL, NULL, NULL, NULL, NULL, NULL, NULL, NULL, NULL, NULL, NULL, '0', NULL, NULL, NULL, '2018-01-19 19:27:25', '2018-01-19 19:27:25', 'cba8c6a5-b0a2-48c5-8a62-db785bb7b66d'),
 ('72', '77', 'en_us', 'Photo On 1 22 18 At 2 16 Pm', NULL, NULL, '0', NULL, NULL, NULL, NULL, '0', NULL, NULL, NULL, NULL, NULL, NULL, NULL, NULL, NULL, NULL, NULL, NULL, NULL, NULL, NULL, NULL, NULL, '0', NULL, NULL, NULL, '2018-01-22 19:16:47', '2018-01-22 19:16:47', '9ff50b94-de38-4748-8ad1-b7048c4f5921'),
 ('73', '78', 'en_us', 'Nick is tired', NULL, NULL, '0', NULL, NULL, NULL, NULL, '0', NULL, NULL, NULL, NULL, NULL, NULL, NULL, NULL, NULL, NULL, NULL, NULL, '', NULL, NULL, NULL, NULL, '0', NULL, NULL, NULL, '2018-01-22 19:17:08', '2018-01-29 20:15:07', 'a52ac3dc-e1aa-469f-bde0-9e37f02ab45b'),
 ('74', '83', 'en_us', 'Photo On 1 22 18 At 3 06 Pm', NULL, NULL, '0', NULL, NULL, NULL, NULL, '0', NULL, NULL, NULL, NULL, NULL, NULL, NULL, NULL, NULL, NULL, NULL, NULL, NULL, NULL, NULL, NULL, NULL, '0', NULL, NULL, NULL, '2018-01-22 20:06:21', '2018-01-22 20:06:21', 'c5f3fa47-0013-4415-b1fb-a1ca0f57bbde'),
 ('75', '84', 'en_us', 'Photo On 1 22 18 At 3 08 Pm', NULL, NULL, '0', NULL, NULL, NULL, NULL, '0', NULL, NULL, NULL, NULL, NULL, NULL, NULL, NULL, NULL, NULL, NULL, NULL, NULL, NULL, NULL, NULL, NULL, '0', NULL, NULL, NULL, '2018-01-22 20:08:56', '2018-01-22 20:08:56', 'afcf1e97-fb8c-49d0-9874-95777c8a459f'),
 ('76', '88', 'en_us', 'Example Dressing', '', NULL, '0', NULL, NULL, NULL, NULL, '0', NULL, NULL, NULL, NULL, NULL, NULL, NULL, NULL, NULL, NULL, NULL, NULL, NULL, NULL, NULL, NULL, NULL, '0', NULL, '[{\"col1\":\"55%\",\"col2\":\"99%\",\"col3\":\"18%\",\"col4\":\"21\"}]', NULL, '2018-01-29 20:17:56', '2018-01-29 20:17:56', '9f4f7424-e747-4e93-98ec-c468e101709b');



DROP TABLE IF EXISTS `craft_deprecationerrors`;


--
-- Schema for table `craft_deprecationerrors`
--
CREATE TABLE `craft_deprecationerrors` (
  `id` int(11) NOT NULL AUTO_INCREMENT,
  `key` varchar(255) COLLATE utf8_unicode_ci NOT NULL,
  `fingerprint` varchar(255) COLLATE utf8_unicode_ci NOT NULL,
  `lastOccurrence` datetime NOT NULL,
  `file` varchar(255) COLLATE utf8_unicode_ci NOT NULL,
  `line` smallint(6) unsigned NOT NULL,
  `class` varchar(255) COLLATE utf8_unicode_ci DEFAULT NULL,
  `method` varchar(255) COLLATE utf8_unicode_ci DEFAULT NULL,
  `template` varchar(255) COLLATE utf8_unicode_ci DEFAULT NULL,
  `templateLine` smallint(6) unsigned DEFAULT NULL,
  `message` varchar(255) COLLATE utf8_unicode_ci DEFAULT NULL,
  `traces` text COLLATE utf8_unicode_ci,
  `dateCreated` datetime NOT NULL,
  `dateUpdated` datetime NOT NULL,
  `uid` char(36) COLLATE utf8_unicode_ci NOT NULL DEFAULT '0',
  PRIMARY KEY (`id`),
  UNIQUE KEY `craft_deprecationerrors_key_fingerprint_unq_idx` (`key`,`fingerprint`)
) ENGINE=InnoDB DEFAULT CHARSET=utf8 COLLATE=utf8_unicode_ci;

DROP TABLE IF EXISTS `craft_elementindexsettings`;


--
-- Schema for table `craft_elementindexsettings`
--
CREATE TABLE `craft_elementindexsettings` (
  `id` int(11) NOT NULL AUTO_INCREMENT,
  `type` varchar(150) COLLATE utf8_unicode_ci NOT NULL,
  `settings` text COLLATE utf8_unicode_ci,
  `dateCreated` datetime NOT NULL,
  `dateUpdated` datetime NOT NULL,
  `uid` char(36) COLLATE utf8_unicode_ci NOT NULL DEFAULT '0',
  PRIMARY KEY (`id`),
  UNIQUE KEY `craft_elementindexsettings_type_unq_idx` (`type`)
) ENGINE=InnoDB DEFAULT CHARSET=utf8 COLLATE=utf8_unicode_ci;

DROP TABLE IF EXISTS `craft_elements`;


--
-- Schema for table `craft_elements`
--
CREATE TABLE `craft_elements` (
  `id` int(11) NOT NULL AUTO_INCREMENT,
  `type` varchar(150) COLLATE utf8_unicode_ci NOT NULL,
  `enabled` tinyint(1) unsigned NOT NULL DEFAULT '1',
  `archived` tinyint(1) unsigned NOT NULL DEFAULT '0',
  `dateCreated` datetime NOT NULL,
  `dateUpdated` datetime NOT NULL,
  `uid` char(36) COLLATE utf8_unicode_ci NOT NULL DEFAULT '0',
  PRIMARY KEY (`id`),
  KEY `craft_elements_type_idx` (`type`),
  KEY `craft_elements_enabled_idx` (`enabled`),
  KEY `craft_elements_archived_dateCreated_idx` (`archived`,`dateCreated`)
) ENGINE=InnoDB AUTO_INCREMENT=90 DEFAULT CHARSET=utf8 COLLATE=utf8_unicode_ci;

--
-- Data for table `craft_elements`
--

INSERT INTO `craft_elements` (`id`, `type`, `enabled`, `archived`, `dateCreated`, `dateUpdated`, `uid`) VALUES
 ('1', 'User', '1', '0', '2017-09-05 17:18:00', '2017-09-05 17:18:00', '77e4b48a-950d-4421-b158-94ec68fcb269'),
 ('2', 'Entry', '1', '0', '2017-09-05 17:18:02', '2018-01-22 20:06:23', '12c7acbb-dc08-4a33-97d3-98111c4c6e76'),
 ('3', 'Entry', '1', '0', '2017-09-05 17:18:02', '2017-09-05 17:18:02', '8f7d4912-17e8-4229-863a-5169eee7fcc8'),
 ('7', 'Entry', '1', '0', '2017-09-05 18:15:40', '2017-09-05 18:15:40', 'b8c9d7cd-ac2c-4831-beb4-aa19aba1606c'),
 ('8', 'Entry', '0', '0', '2017-09-05 18:16:53', '2017-09-05 18:16:53', '21aa7472-ed02-4cb4-a9bc-ced34a88bbe5'),
 ('10', 'Category', '1', '0', '2017-09-08 20:34:42', '2017-09-08 20:34:42', '1637deec-db5d-4a1b-95c8-e5c30a8f68f6'),
 ('11', 'Category', '1', '0', '2017-09-08 20:34:51', '2017-09-08 20:34:51', '70129928-fe26-43e4-8477-a83a055f9bea'),
 ('12', 'Category', '1', '0', '2017-09-08 20:38:50', '2017-09-08 20:38:50', '3cb933c1-e3d8-48e0-a29b-417959543b36'),
 ('13', 'Category', '1', '0', '2017-09-08 20:38:55', '2017-09-08 20:38:55', 'ebacc7c3-3b49-4772-be5e-d5a3f97be813'),
 ('14', 'Category', '1', '0', '2017-09-08 20:39:00', '2017-09-08 20:39:00', '03446f46-33de-4ce0-91d9-f186b388cb36'),
 ('16', 'Category', '1', '0', '2017-09-14 19:24:19', '2017-09-14 19:24:21', 'a8aa6106-29c9-42bf-9135-94b3da8cb9a5'),
 ('17', 'Category', '1', '0', '2017-09-14 19:24:25', '2017-09-14 19:24:25', '495c136b-e220-4f17-b98c-28dea4bf7128'),
 ('19', 'Entry', '1', '0', '2017-09-19 19:34:04', '2017-11-27 19:41:41', 'c4be1460-a5e2-4839-a568-8877f4774d06'),
 ('20', 'Entry', '1', '0', '2017-09-19 19:34:14', '2017-11-27 19:41:41', '8ab76c42-18ca-4a77-9242-012124de6d7f'),
 ('21', 'Entry', '1', '0', '2017-09-19 19:40:46', '2017-11-27 19:41:41', 'b4ac832e-4320-4183-92ef-f89124a6ba8c'),
 ('22', 'Entry', '1', '0', '2017-10-23 19:16:05', '2017-10-23 19:53:39', '6fd44c8b-85a3-461c-9b6b-7bcfa2b3be8c'),
 ('23', 'Entry', '1', '0', '2017-10-24 20:13:36', '2017-11-21 20:27:56', 'de854938-e39f-4c6e-951a-a0c9b003e51c'),
 ('24', 'Asset', '1', '0', '2017-10-24 20:21:34', '2017-10-24 20:21:34', 'a61cc72c-4edd-48f7-8833-88d8e64c9ddb'),
 ('25', 'MatrixBlock', '1', '0', '2017-10-24 20:21:38', '2017-11-16 23:58:47', '968644a8-2130-4011-9759-4ca8ceec6fea'),
 ('26', 'Entry', '1', '0', '2017-10-24 21:05:23', '2017-11-13 17:25:47', 'e1a42942-96ae-4950-afe2-2d61d288fc1d'),
 ('27', 'Entry', '1', '0', '2017-10-24 21:05:49', '2017-10-24 21:05:49', '2d35a596-ff95-4dbe-86a6-426828bc703f'),
 ('28', 'Entry', '1', '0', '2017-10-26 18:23:48', '2017-11-20 19:04:12', '93b19a4f-f183-44c2-ac0b-29c4f296eed3'),
 ('29', 'Entry', '1', '0', '2017-10-27 20:44:26', '2017-10-27 20:44:26', '6429fbec-b36c-4f9a-91a8-d67dd61bb2be'),
 ('30', 'Entry', '1', '0', '2017-10-31 18:10:16', '2017-10-31 18:10:16', 'ca718c96-1ef2-4012-9de7-b9252d7abaa7'),
 ('31', 'GlobalSet', '1', '0', '2017-11-01 18:02:06', '2018-01-19 19:31:21', '1582f673-5197-4610-a69e-63066b81b02b'),
 ('32', 'GlobalSet', '1', '0', '2017-11-01 18:02:38', '2018-01-24 16:06:19', '42e3ea80-a2f5-4850-ad17-8882c3974b2b'),
 ('33', 'MatrixBlock', '1', '0', '2017-11-01 18:04:17', '2018-01-24 16:06:19', '1868f860-20eb-4b57-803e-8df960374805'),
 ('34', 'Category', '1', '0', '2017-11-01 18:06:44', '2017-11-01 18:06:44', '74f983b6-76c0-4f82-9a59-1e4739bddedc'),
 ('35', 'Category', '1', '0', '2017-11-01 18:06:49', '2017-11-01 18:06:49', '58ef24a3-01c7-4fd9-ae63-6c8f34809ef5'),
 ('36', 'Entry', '1', '0', '2017-11-01 18:37:38', '2018-01-22 20:08:59', '2552ae87-341f-4900-b34b-6d0df66bf7f7'),
 ('37', 'MatrixBlock', '1', '0', '2017-11-07 20:36:35', '2017-11-07 20:36:35', '6e216687-07c3-439b-873a-c2a898c25d4b'),
 ('38', 'MatrixBlock', '1', '0', '2017-11-07 20:36:35', '2017-11-07 20:36:35', 'aa3bc223-6ede-47d9-91e8-f1a65ed4fdaa'),
 ('39', 'Entry', '1', '0', '2017-11-07 20:39:57', '2017-11-07 20:39:57', '14ca4769-8c50-4a7e-a712-52bea74e5cca'),
 ('40', 'Category', '1', '0', '2017-11-14 18:46:02', '2017-11-14 18:46:02', 'df966aa1-1fa3-4f8a-ab10-ac1beb66b9d3'),
 ('41', 'Category', '1', '0', '2017-11-14 18:46:09', '2017-11-14 18:46:09', '78ed1edb-8a11-43d2-b84c-d4075b5b9fba'),
 ('42', 'Category', '1', '0', '2017-11-14 18:46:13', '2017-11-14 18:46:13', 'bbcc4c22-206d-4abc-8fed-b43ec55bc721'),
 ('43', 'Entry', '1', '0', '2017-11-16 23:59:35', '2017-11-16 23:59:35', 'b4bd89a3-8b50-41ee-8c45-61478f0798e2'),
 ('44', 'Category', '1', '0', '2017-11-21 17:30:52', '2017-11-21 17:30:52', '90ad4fad-a35e-4bdd-b264-a54f9e0ef56f'),
 ('45', 'Category', '1', '0', '2017-11-21 17:31:00', '2017-11-21 17:31:00', '8b5cdf64-b7f3-43eb-8658-360721254022'),
 ('46', 'Category', '1', '0', '2017-11-21 17:31:04', '2017-11-21 17:31:04', '8a794276-6e8b-4fe7-9a7b-0e459f66bd65'),
 ('47', 'Entry', '1', '0', '2017-11-21 17:33:48', '2017-11-21 17:43:24', '6a41d476-f953-4fd4-b2ce-5ee73bb65d39'),
 ('48', 'Asset', '1', '0', '2017-11-21 20:22:21', '2017-11-21 20:22:21', '21a332d1-33cc-43cc-9d25-72614fb5766b'),
 ('49', 'MatrixBlock', '1', '0', '2017-11-21 20:24:53', '2018-01-22 20:06:23', '0e69cffa-d7f0-4fc0-b2ad-50920a4a9481'),
 ('50', 'Entry', '1', '0', '2017-11-27 17:46:28', '2017-11-27 17:46:28', '7f8778e4-466c-4ae0-8d37-7b1a4dd018ec'),
 ('51', 'Category', '1', '0', '2017-11-27 19:37:06', '2017-11-27 19:37:06', '939dc560-7495-4e39-a6ed-ddae0ba14b98'),
 ('52', 'Category', '1', '0', '2017-11-27 19:37:12', '2017-11-27 19:37:12', '20c941c8-c03b-4880-91c0-adab17407897'),
 ('53', 'Category', '1', '0', '2017-11-27 19:37:22', '2017-11-27 19:37:22', '2eab1db0-8688-4346-b287-18202e146cfb'),
 ('54', 'Category', '1', '0', '2017-11-27 19:37:32', '2017-11-27 19:37:32', '6727f90c-954b-4d7e-890d-00b2d1b6e9c4'),
 ('55', 'Category', '1', '0', '2017-11-27 19:37:37', '2017-11-27 19:37:37', 'c2d4a0eb-c3f8-488a-9367-cad8847935b5'),
 ('56', 'Category', '1', '0', '2017-11-27 19:37:41', '2017-11-27 19:37:41', '31660eaf-b470-49c3-97d6-7a693d343301'),
 ('57', 'Entry', '1', '0', '2017-11-28 18:49:56', '2017-11-30 18:30:30', 'd3b3cf23-4c29-449e-bc6c-ffa0db1de351'),
 ('58', 'Entry', '1', '0', '2017-11-28 19:41:30', '2017-11-28 20:09:09', '68b7f501-3276-44dc-bca2-d98093f92a64'),
 ('59', 'Entry', '1', '0', '2017-11-28 19:41:43', '2017-11-28 19:41:43', '4ef34eb7-a135-4d44-8c11-ca670847558d'),
 ('60', 'Entry', '1', '0', '2017-11-28 19:42:37', '2017-11-28 19:42:37', '6d2420b7-7541-43ac-afbc-694918ba4b01'),
 ('61', 'Entry', '1', '0', '2017-11-28 20:11:38', '2017-12-04 17:54:20', '9923bd0c-4ddd-4f78-93ab-f68bae76149f'),
 ('62', 'Category', '1', '0', '2017-12-05 18:59:32', '2017-12-05 18:59:32', '927ba17d-9bed-45d8-9a51-e3620e55ec31'),
 ('63', 'Category', '1', '0', '2017-12-05 18:59:39', '2017-12-05 18:59:39', 'a5ff849a-666f-4757-b391-4009deb146e3'),
 ('64', 'Category', '1', '0', '2017-12-05 18:59:53', '2017-12-05 18:59:53', '2750a987-fd06-432a-9d49-24196d1fcdf6'),
 ('65', 'Category', '1', '0', '2017-12-05 19:00:02', '2017-12-05 19:00:02', '01e5df3a-cd83-4591-82ca-c01e40aabde4'),
 ('66', 'Category', '1', '0', '2017-12-05 19:00:15', '2017-12-05 19:00:15', '48bf7145-3e15-4fe1-874c-21fa825b268f'),
 ('67', 'Category', '1', '0', '2017-12-05 19:00:21', '2017-12-05 19:00:21', 'eeb6532d-0ab3-4c56-a921-796c6b27adb9'),
 ('69', 'Category', '1', '0', '2017-12-07 21:27:34', '2017-12-07 21:27:34', '6b1be113-2538-4f04-9802-65f6511215c3'),
 ('70', 'Category', '1', '0', '2017-12-07 21:27:40', '2017-12-07 21:27:40', 'cf256115-525d-4ee2-b392-50e011e723ca'),
 ('71', 'Entry', '1', '0', '2017-12-07 21:29:24', '2017-12-07 21:29:43', '6a247c08-2ad2-421d-a94e-686ccd1558fd'),
 ('74', 'Asset', '1', '0', '2017-12-13 19:11:59', '2017-12-13 19:11:59', '03080138-b77f-41d9-a811-619c057bd5e2'),
 ('75', 'Asset', '1', '0', '2017-12-13 19:12:00', '2017-12-13 19:12:00', 'e85c7538-6733-483a-8a9d-4f8dcd0d57a8'),
 ('76', 'Asset', '1', '0', '2018-01-19 19:27:25', '2018-01-19 19:27:25', '893dda9e-2d9d-42d7-acab-7fff978cee9c'),
 ('77', 'Asset', '1', '0', '2018-01-22 19:16:47', '2018-01-22 19:16:47', 'f8d6d0db-f8bd-4b71-a0cd-9376a713ebe0'),
 ('78', 'Entry', '1', '0', '2018-01-22 19:17:08', '2018-01-29 20:15:07', 'b89baf60-39ab-4123-a851-6fb495ef4222'),
 ('79', 'MatrixBlock', '1', '0', '2018-01-22 19:17:08', '2018-01-29 20:15:07', '51511689-212b-4269-94b7-e814e3b34f00'),
 ('80', 'MatrixBlock', '1', '0', '2018-01-22 19:17:08', '2018-01-29 20:15:07', '44e08071-5b87-4d24-9ad4-88b3a303a5dc'),
 ('81', 'MatrixBlock', '1', '0', '2018-01-22 19:17:08', '2018-01-29 20:15:08', 'bd936c39-af91-479a-8331-170477016557'),
 ('82', 'MatrixBlock', '1', '0', '2018-01-22 19:21:49', '2018-01-29 20:15:08', 'bf7bedb1-e7f8-498d-8c74-d64479ba2f30'),
 ('83', 'Asset', '1', '0', '2018-01-22 20:06:21', '2018-01-22 20:06:21', '636b29eb-4bde-46d5-b64a-59c5d8c5007a'),
 ('84', 'Asset', '1', '0', '2018-01-22 20:08:56', '2018-01-22 20:08:56', '6b667cf7-2860-4402-b5db-fd057c8a9be1'),
 ('85', 'MatrixBlock', '1', '0', '2018-01-24 16:06:08', '2018-01-24 16:06:19', 'a0d49dc5-3436-4c64-bc50-8d2596b247a9'),
 ('86', 'MatrixBlock', '1', '0', '2018-01-24 16:06:08', '2018-01-24 16:06:19', '2539abd7-7f19-4f8c-87c1-cccd85ea16d0'),
 ('87', 'MatrixBlock', '1', '0', '2018-01-24 16:06:08', '2018-01-24 16:06:19', '8d5393ae-6639-4850-b99c-cac0ddbccaa3'),
 ('88', 'Entry', '1', '0', '2018-01-29 20:17:56', '2018-01-29 20:17:56', '11434196-8680-4f65-8603-bc7d5377f910'),
 ('89', 'MatrixBlock', '1', '0', '2018-01-29 20:17:56', '2018-01-29 20:17:56', '71ce8182-5b2f-4619-814a-8ffb402711f1');



DROP TABLE IF EXISTS `craft_elements_i18n`;


--
-- Schema for table `craft_elements_i18n`
--
CREATE TABLE `craft_elements_i18n` (
  `id` int(11) NOT NULL AUTO_INCREMENT,
  `elementId` int(11) NOT NULL,
  `locale` char(12) COLLATE utf8_unicode_ci NOT NULL,
  `slug` varchar(255) COLLATE utf8_unicode_ci DEFAULT NULL,
  `uri` varchar(255) COLLATE utf8_unicode_ci DEFAULT NULL,
  `enabled` tinyint(1) unsigned NOT NULL DEFAULT '1',
  `dateCreated` datetime NOT NULL,
  `dateUpdated` datetime NOT NULL,
  `uid` char(36) COLLATE utf8_unicode_ci NOT NULL DEFAULT '0',
  PRIMARY KEY (`id`),
  UNIQUE KEY `craft_elements_i18n_elementId_locale_unq_idx` (`elementId`,`locale`),
  UNIQUE KEY `craft_elements_i18n_uri_locale_unq_idx` (`uri`,`locale`),
  KEY `craft_elements_i18n_slug_locale_idx` (`slug`,`locale`),
  KEY `craft_elements_i18n_enabled_idx` (`enabled`),
  KEY `craft_elements_i18n_locale_fk` (`locale`)
) ENGINE=InnoDB AUTO_INCREMENT=90 DEFAULT CHARSET=utf8 COLLATE=utf8_unicode_ci;

--
-- Data for table `craft_elements_i18n`
--

INSERT INTO `craft_elements_i18n` (`id`, `elementId`, `locale`, `slug`, `uri`, `enabled`, `dateCreated`, `dateUpdated`, `uid`) VALUES
 ('1', '1', 'en_us', '', NULL, '1', '2017-09-05 17:18:00', '2017-09-05 17:18:00', '9e8db3bd-3eaf-4258-ab70-7e22f9f5e158'),
 ('2', '2', 'en_us', 'homepage', '__home__', '1', '2017-09-05 17:18:02', '2018-01-22 20:06:23', 'd6939418-7481-40b6-aa02-42ae648d440f'),
 ('3', '3', 'en_us', 'we-just-installed-craft', 'news/2017/we-just-installed-craft', '1', '2017-09-05 17:18:02', '2017-09-05 17:18:02', '85c51dcb-01e2-4273-bd0b-36b7deb5bc42'),
 ('7', '7', 'en_us', 'ddd', 'news/2017/ddd', '1', '2017-09-05 18:15:40', '2017-09-05 18:15:40', '77eecf45-db3a-4021-abf5-273ef66f0294'),
 ('8', '8', 'en_us', 'ddd', 'news//ddd', '1', '2017-09-05 18:16:53', '2017-09-05 18:16:53', '03b3bcd3-b7d2-49ee-9f9a-3fb700d52efd'),
 ('10', '10', 'en_us', 'has-water', 'water-access/has-water', '1', '2017-09-08 20:34:43', '2017-09-08 20:34:43', '0feef31f-15aa-43da-a3a0-dcebcaef1b19'),
 ('11', '11', 'en_us', 'no-water', 'water-access/no-water', '1', '2017-09-08 20:34:51', '2017-09-08 20:34:52', 'd70370ff-906f-4e16-abff-1dac96c115e8'),
 ('12', '12', 'en_us', 'light', 'maintenance-level/light', '1', '2017-09-08 20:38:50', '2017-09-08 20:38:50', '71a9af1b-43c5-4758-bc36-84c36c6ca7d1'),
 ('13', '13', 'en_us', 'moderate', 'maintenance-level/moderate', '1', '2017-09-08 20:38:55', '2017-09-08 20:38:55', '22fceb18-e67b-4e1b-81cb-2a2373a1c6e4'),
 ('14', '14', 'en_us', 'heavy', 'maintenance-level/heavy', '1', '2017-09-08 20:39:00', '2017-09-08 20:39:00', 'c69b31de-a067-42e5-b0b2-39e206f48b09'),
 ('16', '16', 'en_us', 'new', 'new-or-existing/new', '1', '2017-09-14 19:24:19', '2017-09-14 19:24:21', 'bf0d789d-859a-4eae-8d03-ea2bb360ae78'),
 ('17', '17', 'en_us', 'existing', 'new-or-existing/existing', '1', '2017-09-14 19:24:25', '2017-09-14 19:24:26', '1818e5fb-3235-48ba-9380-635705bf4e9f'),
 ('19', '19', 'en_us', 'my-soil-is-dry', 'faq/my-soil-is-dry', '1', '2017-09-19 19:34:04', '2017-11-27 19:41:41', '75baae36-c4d3-4a24-8f58-833f83dd46d6'),
 ('20', '20', 'en_us', 'my-soil-sucks', 'faq/my-soil-sucks', '1', '2017-09-19 19:34:14', '2017-11-27 19:41:41', 'f02b46c7-20c8-4d96-8bcb-a05dfb205421'),
 ('21', '21', 'en_us', '1', 'faq/1', '1', '2017-09-19 19:40:46', '2017-11-27 19:41:41', '8498f283-efb6-4aab-928b-f9fb1edce042'),
 ('22', '22', 'en_us', 'about-duraedge', 'about-duraedge', '1', '2017-10-23 19:16:05', '2017-10-23 19:53:39', 'aae6b34a-d29e-41ce-a21c-70c1e9092c70'),
 ('23', '23', 'en_us', 'contact-duraedge', 'contact-duraedge', '1', '2017-10-24 20:13:36', '2017-11-21 20:27:56', '3d2535ee-d69f-4a20-ac7f-5b9a50d89ef8'),
 ('24', '24', 'en_us', 'pdf-sample', NULL, '1', '2017-10-24 20:21:34', '2017-10-24 20:21:34', '02e09972-1c6a-4afb-a2a6-152af1b4420d'),
 ('25', '25', 'en_us', '', NULL, '1', '2017-10-24 20:21:38', '2017-11-16 23:58:47', '54ab5558-ecd7-48e6-bab2-ed4e3a0baafd'),
 ('26', '26', 'en_us', 'jon-snow', 'find-a-distributor', '1', '2017-10-24 21:05:23', '2017-11-13 17:25:47', 'fdfdb9e4-b34b-407d-9332-9fb53f6c20d3'),
 ('27', '27', 'en_us', 'cleveland-indians', 'current-customers/cleveland-indians', '1', '2017-10-24 21:05:49', '2017-10-24 21:05:49', '0af38fc3-c31d-4075-aad4-a0f4b77c8e76'),
 ('28', '28', 'en_us', 'products', 'our_products', '1', '2017-10-26 18:23:48', '2017-11-20 19:04:12', '9589aad4-ff9d-40c7-9f34-a7fce3e26b6f'),
 ('29', '29', 'en_us', 'duraedge-hq', 'locations/duraedge-hq', '1', '2017-10-27 20:44:26', '2017-10-27 20:44:26', 'f601333c-de14-4652-8f23-50b41a0c477b'),
 ('30', '30', 'en_us', 'colorado-rockies-field', 'locations/colorado-rockies-field', '1', '2017-10-31 18:10:16', '2017-10-31 18:10:16', '95656fba-441d-4e3d-bcb6-3cc482fa5793'),
 ('31', '31', 'en_us', '', NULL, '1', '2017-11-01 18:02:06', '2018-01-19 19:31:21', '99918cd4-b386-485f-b958-e4a1f8e6c9f8'),
 ('32', '32', 'en_us', '', NULL, '1', '2017-11-01 18:02:38', '2018-01-24 16:06:19', 'df50ed69-8672-48b9-a80d-b5b3540cd7bd'),
 ('33', '33', 'en_us', '', NULL, '1', '2017-11-01 18:04:17', '2018-01-24 16:06:19', '2ceb3a3b-d991-43d1-90f5-05fccafd0667'),
 ('34', '34', 'en_us', 'executive', 'staff/executive', '1', '2017-11-01 18:06:44', '2017-11-01 18:06:44', 'c407a0d3-a6c7-47f7-99d1-b57b22c47c91'),
 ('35', '35', 'en_us', 'regular', 'staff/regular', '1', '2017-11-01 18:06:49', '2017-11-01 18:06:49', '18ff4bfd-fd8d-42ad-b389-c9794ac5ae8a'),
 ('36', '36', 'en_us', 'why-duraedge', 'why-duraedge', '1', '2017-11-01 18:37:38', '2018-01-22 20:08:59', 'c5a5fed1-1e71-47ce-af8d-b48ced9cf5f9'),
 ('37', '37', 'en_us', '', NULL, '1', '2017-11-07 20:36:35', '2017-11-07 20:36:35', '62b76130-7868-4a68-80e1-a45781c3f94f'),
 ('38', '38', 'en_us', '', NULL, '1', '2017-11-07 20:36:35', '2017-11-07 20:36:35', '01d29f40-e530-4ab6-822f-a5243b7267dd'),
 ('39', '39', 'en_us', 'bob-the-builder', 'testimonials/bob-the-builder', '1', '2017-11-07 20:39:57', '2017-11-07 20:39:57', 'f5fef345-02a2-4180-86cc-e9a2c417301c'),
 ('40', '40', 'en_us', 'basic', 'knowledge-level/basic', '1', '2017-11-14 18:46:02', '2017-11-14 18:46:03', '42357bcf-2038-4537-b440-c7ea441ceb7d'),
 ('41', '41', 'en_us', 'intermediate', 'knowledge-level/intermediate', '1', '2017-11-14 18:46:09', '2017-11-14 18:46:09', '6c281d88-b91f-4424-9cb2-627939bd1df2'),
 ('42', '42', 'en_us', 'advanced', 'knowledge-level/advanced', '1', '2017-11-14 18:46:13', '2017-11-14 18:46:13', 'bd58c383-3544-49c2-ad22-b506430d3324'),
 ('43', '43', 'en_us', 'jon-snow', 'distributors/jon-snow', '1', '2017-11-16 23:59:35', '2017-11-16 23:59:35', '7dc8064b-ae64-4926-98e7-1360a94ea080'),
 ('44', '44', 'en_us', 'soil', 'product-type/soil', '1', '2017-11-21 17:30:52', '2017-11-21 17:30:52', '685fe540-5c77-4611-8bfc-fe469bbbf6d3'),
 ('45', '45', 'en_us', 'dressing', 'product-type/dressing', '1', '2017-11-21 17:31:00', '2017-11-21 17:31:00', '7e8a207b-b817-461e-a3e8-204522e50b7f'),
 ('46', '46', 'en_us', 'accessories', 'product-type/accessories', '1', '2017-11-21 17:31:04', '2017-11-21 17:31:04', 'e5ead06a-e4ca-4159-a63f-4e61f007ade6'),
 ('47', '47', 'en_us', 'example-field', 'our-products/example-field', '1', '2017-11-21 17:33:48', '2017-11-21 17:43:24', '603c3b62-317d-48c6-8bb5-b954ee0b700d'),
 ('48', '48', 'en_us', 'pasta-spaghetti-noodle-pasta-nests-47306', NULL, '1', '2017-11-21 20:22:21', '2017-11-21 20:22:21', 'aba84430-813b-4669-8b61-5e0454a1262c'),
 ('49', '49', 'en_us', '', NULL, '1', '2017-11-21 20:24:53', '2018-01-22 20:06:23', '1450d98f-82b5-4d09-9911-23af1ccc5ad1'),
 ('50', '50', 'en_us', 'field-maintenance', 'field-maintenance', '1', '2017-11-27 17:46:28', '2017-11-27 17:46:28', 'a681d2d1-f24d-4d9b-81d0-dde694b4decd'),
 ('51', '51', 'en_us', 'groundskeeper', 'audience/groundskeeper', '1', '2017-11-27 19:37:06', '2017-11-27 19:37:06', '5d20fe24-d1d0-4d2d-995f-31110846997d'),
 ('52', '52', 'en_us', 'coach', 'audience/coach', '1', '2017-11-27 19:37:12', '2017-11-27 19:37:12', 'c1a1e0f0-5558-4adf-948c-3e3fa572120a'),
 ('53', '53', 'en_us', 'athletic-director', 'audience/athletic-director', '1', '2017-11-27 19:37:22', '2017-11-27 19:37:22', 'c614b215-f2a8-4512-95c4-e093276e17cf'),
 ('54', '54', 'en_us', 'professional', 'field-type/professional', '1', '2017-11-27 19:37:32', '2017-11-27 19:37:32', '01b396cd-cc70-45bf-b567-b5dd2a083397'),
 ('55', '55', 'en_us', 'collegiate', 'field-type/collegiate', '1', '2017-11-27 19:37:37', '2017-11-27 19:37:37', '802c68e3-e98f-4582-97ec-24c0dc29d3c3'),
 ('56', '56', 'en_us', 'recreational', 'field-type/recreational', '1', '2017-11-27 19:37:41', '2017-11-27 19:37:41', '4c5b8024-7844-43c5-9fac-c19815880a1b'),
 ('57', '57', 'en_us', 'architects', 'architects', '1', '2017-11-28 18:49:56', '2017-11-30 18:30:30', '45b848f5-fa3c-4c55-a634-a78cd5e58293'),
 ('58', '58', 'en_us', 'certified-programs', 'certification-programs', '1', '2017-11-28 19:41:30', '2017-11-28 20:09:09', '470375f5-590b-4312-b20c-5fd2dea2320c'),
 ('59', '59', 'en_us', 'become-a-certified-installer', 'become-a-certified-installer', '1', '2017-11-28 19:41:43', '2017-11-28 19:41:43', '0336942e-1ca1-4bca-8a19-272cb06469b7'),
 ('60', '60', 'en_us', 'field-assurance-program', 'field-assurance-program', '1', '2017-11-28 19:42:37', '2017-11-28 19:42:37', 'c156915c-2b3c-4673-aa8a-02640a321178'),
 ('61', '61', 'en_us', 'fun-event', 'events/fun-event', '1', '2017-11-28 20:11:38', '2017-12-04 17:54:20', 'c48fff11-7aa2-4129-8cbb-1765bcc461bd'),
 ('62', '62', 'en_us', 'bad-hops', 'problem-area/bad-hops', '1', '2017-12-05 18:59:33', '2017-12-05 18:59:33', 'f5a29aaa-4ca0-416a-9f2d-a67c4b5dcdad'),
 ('63', '63', 'en_us', 'lips-forming', 'problem-area/lips-forming', '1', '2017-12-05 18:59:39', '2017-12-05 18:59:39', 'a4cac66a-fddf-4bda-93ee-0e230600baa4'),
 ('64', '64', 'en_us', 'dusty-dry-infield', 'problem-area/dusty-dry-infield', '1', '2017-12-05 18:59:53', '2017-12-05 18:59:53', 'df769ee0-47af-4894-92ef-eedf2d9740a4'),
 ('65', '65', 'en_us', 'wet-mucky-infield', 'problem-area/wet-mucky-infield', '1', '2017-12-05 19:00:02', '2017-12-05 19:00:02', '5df94bad-2904-4a36-8cb7-d23a673e5649'),
 ('66', '66', 'en_us', 'infield-is-holding-water', 'problem-area/infield-is-holding-water', '1', '2017-12-05 19:00:15', '2017-12-05 19:00:15', '667289ac-2016-4302-adfc-625c04913848'),
 ('67', '67', 'en_us', 'plate-chunking-out', 'problem-area/plate-chunking-out', '1', '2017-12-05 19:00:21', '2017-12-05 19:00:21', '0127e35d-356f-4c5a-a90b-9ad8c7a93719'),
 ('69', '69', 'en_us', 'distributor', 'employee-role/distributor', '1', '2017-12-07 21:27:34', '2017-12-07 21:30:46', 'dd340e94-4f7b-4408-af47-fac8bf5269eb'),
 ('70', '70', 'en_us', 'installer', 'employee-role/installer', '1', '2017-12-07 21:27:40', '2017-12-07 21:30:46', '0e93c3b1-605d-4a35-8aa1-5309218f919e'),
 ('71', '71', 'en_us', 'bob-bobson', 'staff/bob-bobson', '1', '2017-12-07 21:29:24', '2017-12-07 21:29:43', '43b4ffc9-f819-4c79-9ade-a71a6cc04328'),
 ('74', '74', 'en_us', 'baseball', NULL, '1', '2017-12-13 19:11:59', '2017-12-13 19:11:59', '664143fe-8c6b-4bea-8c0d-b34f7561ab7a'),
 ('75', '75', 'en_us', 'dura-edge-wordmark', NULL, '1', '2017-12-13 19:12:00', '2017-12-13 19:12:00', 'bdcae195-549f-4f1e-9bf4-5d51d2f28a94'),
 ('76', '76', 'en_us', 'artboard-2', NULL, '1', '2018-01-19 19:27:25', '2018-01-19 19:27:25', '10e0cf14-53fd-4365-a0f3-809763fbd272'),
 ('77', '77', 'en_us', 'photo-on-1-22-18-at-2-16-pm', NULL, '1', '2018-01-22 19:16:47', '2018-01-22 19:16:47', '8ba8e6c8-c5eb-4f68-84bd-bdeb549a5ab1'),
 ('78', '78', 'en_us', 'nick-is-tired', 'blog-posts/nick-is-tired', '1', '2018-01-22 19:17:08', '2018-01-29 20:15:07', '98e1a848-aea9-4770-994d-f8cad00271d0'),
 ('79', '79', 'en_us', '', NULL, '1', '2018-01-22 19:17:08', '2018-01-29 20:15:07', '5cd9cdf3-fad7-47a7-86b9-2f88925fd438'),
 ('80', '80', 'en_us', '', NULL, '1', '2018-01-22 19:17:08', '2018-01-29 20:15:07', 'e35ee70b-a5f6-4a57-b00f-5d1d1d950a9c'),
 ('81', '81', 'en_us', '', NULL, '1', '2018-01-22 19:17:08', '2018-01-29 20:15:08', '2b686627-1468-4b14-8d4e-b1fa29c24446'),
 ('82', '82', 'en_us', '', NULL, '1', '2018-01-22 19:21:49', '2018-01-29 20:15:08', '349f9155-0ce4-4bc3-b4a1-903c1cbddb24'),
 ('83', '83', 'en_us', 'photo-on-1-22-18-at-3-06-pm', NULL, '1', '2018-01-22 20:06:21', '2018-01-22 20:06:21', 'ee545842-49d8-4a00-9d53-7b5e74c009c2'),
 ('84', '84', 'en_us', 'photo-on-1-22-18-at-3-08-pm', NULL, '1', '2018-01-22 20:08:56', '2018-01-22 20:08:56', '7c5bb79b-8d05-4cbf-9a09-868d0cdad174'),
 ('85', '85', 'en_us', '', NULL, '1', '2018-01-24 16:06:08', '2018-01-24 16:06:19', 'ceafb72e-8c44-4040-ba86-f21063af0666'),
 ('86', '86', 'en_us', '', NULL, '1', '2018-01-24 16:06:08', '2018-01-24 16:06:19', '46dfc294-50e5-48d8-b33b-1753467d86e1'),
 ('87', '87', 'en_us', '', NULL, '1', '2018-01-24 16:06:08', '2018-01-24 16:06:19', 'a2dc37c7-ee75-48e6-8783-b0730da98f7d'),
 ('88', '88', 'en_us', 'example-dressing', 'our-products/example-dressing', '1', '2018-01-29 20:17:56', '2018-01-29 20:17:56', '4b923ef5-c7a4-468d-9cda-87ce4737a8e2'),
 ('89', '89', 'en_us', '', NULL, '1', '2018-01-29 20:17:56', '2018-01-29 20:17:56', '4ac85f7e-466c-4426-8d5b-15255317ae8f');



DROP TABLE IF EXISTS `craft_emailmessages`;


--
-- Schema for table `craft_emailmessages`
--
CREATE TABLE `craft_emailmessages` (
  `id` int(11) NOT NULL AUTO_INCREMENT,
  `key` char(150) COLLATE utf8_unicode_ci NOT NULL,
  `locale` char(12) COLLATE utf8_unicode_ci NOT NULL,
  `subject` varchar(1000) COLLATE utf8_unicode_ci NOT NULL,
  `body` text COLLATE utf8_unicode_ci NOT NULL,
  `dateCreated` datetime NOT NULL,
  `dateUpdated` datetime NOT NULL,
  `uid` char(36) COLLATE utf8_unicode_ci NOT NULL DEFAULT '0',
  PRIMARY KEY (`id`),
  UNIQUE KEY `craft_emailmessages_key_locale_unq_idx` (`key`,`locale`),
  KEY `craft_emailmessages_locale_fk` (`locale`)
) ENGINE=InnoDB DEFAULT CHARSET=utf8 COLLATE=utf8_unicode_ci;

DROP TABLE IF EXISTS `craft_entries`;


--
-- Schema for table `craft_entries`
--
CREATE TABLE `craft_entries` (
  `id` int(11) NOT NULL,
  `sectionId` int(11) NOT NULL,
  `typeId` int(11) DEFAULT NULL,
  `authorId` int(11) DEFAULT NULL,
  `postDate` datetime DEFAULT NULL,
  `expiryDate` datetime DEFAULT NULL,
  `dateCreated` datetime NOT NULL,
  `dateUpdated` datetime NOT NULL,
  `uid` char(36) COLLATE utf8_unicode_ci NOT NULL DEFAULT '0',
  PRIMARY KEY (`id`),
  KEY `craft_entries_sectionId_idx` (`sectionId`),
  KEY `craft_entries_typeId_idx` (`typeId`),
  KEY `craft_entries_postDate_idx` (`postDate`),
  KEY `craft_entries_expiryDate_idx` (`expiryDate`),
  KEY `craft_entries_authorId_fk` (`authorId`)
) ENGINE=InnoDB DEFAULT CHARSET=utf8 COLLATE=utf8_unicode_ci;

--
-- Data for table `craft_entries`
--

INSERT INTO `craft_entries` (`id`, `sectionId`, `typeId`, `authorId`, `postDate`, `expiryDate`, `dateCreated`, `dateUpdated`, `uid`) VALUES
 ('2', '1', NULL, NULL, '2017-09-05 17:18:02', NULL, '2017-09-05 17:18:02', '2018-01-22 20:06:23', '4000e084-d9d3-4324-b3ae-6c5b4b1be14c'),
 ('3', '2', '2', '1', '2017-09-05 17:18:02', NULL, '2017-09-05 17:18:02', '2017-09-05 17:18:02', '00224e45-89bc-4e36-8d68-775f17346380'),
 ('7', '2', '2', '1', '2017-09-05 18:15:40', NULL, '2017-09-05 18:15:40', '2017-09-05 18:15:40', '1792ac2e-b6e2-4e3f-9c55-a2cee9db3edd'),
 ('8', '2', '2', '1', NULL, NULL, '2017-09-05 18:16:53', '2017-09-05 18:16:53', '4f77eec0-8218-4eee-bb56-7269df604b10'),
 ('19', '4', '4', '1', '2017-09-19 19:34:00', NULL, '2017-09-19 19:34:04', '2017-09-19 19:39:55', '263f1c5a-63a7-4f98-be00-ca9d14102660'),
 ('20', '4', '4', '1', '2017-09-19 19:34:00', NULL, '2017-09-19 19:34:14', '2017-09-19 19:40:03', '1f59f5f1-04f5-4950-ba65-a77cb776d107'),
 ('21', '4', '4', '1', '2017-09-19 19:40:46', NULL, '2017-09-19 19:40:46', '2017-09-19 19:40:46', 'fd4405ad-5b0c-4a13-a755-0598d2a59286'),
 ('22', '5', '5', NULL, '2017-10-23 19:53:39', NULL, '2017-10-23 19:16:06', '2017-10-23 19:53:39', '495cd992-2606-4fa5-9a89-2202c0f31401'),
 ('23', '6', '6', NULL, '2017-11-21 20:27:56', NULL, '2017-10-24 20:13:36', '2017-11-21 20:27:56', '921f582f-e0a4-40e4-a143-b802c9fda49f'),
 ('26', '7', '7', NULL, '2017-11-13 17:22:45', NULL, '2017-10-24 21:05:23', '2017-11-13 17:25:47', '6a6cf0f2-ae55-42f8-a70e-a32858b6c0af'),
 ('27', '8', '8', '1', '2017-10-24 21:05:49', NULL, '2017-10-24 21:05:49', '2017-10-24 21:05:49', '442bb072-062a-411d-a930-6cbf91d1da13'),
 ('28', '9', '9', NULL, '2017-11-20 19:04:12', NULL, '2017-10-26 18:23:48', '2017-11-20 19:04:12', '9f7097d1-9e00-4d97-a159-de66fd3d13cb'),
 ('29', '10', '10', '1', '2017-10-27 20:44:00', NULL, '2017-10-27 20:44:26', '2017-10-27 20:44:26', '51ed148a-d188-4f0b-82ff-1c4f052a3db7'),
 ('30', '10', '10', '1', '2017-10-31 18:10:16', NULL, '2017-10-31 18:10:16', '2017-10-31 18:10:16', 'b9dc3cf1-4d01-4b81-a9b8-815d1a32d039'),
 ('36', '12', '13', NULL, '2017-11-13 17:11:10', NULL, '2017-11-01 18:37:38', '2018-01-22 20:08:59', '30073283-3646-4542-977c-6c2ebe02e68f'),
 ('39', '13', '14', '1', '2017-11-07 20:39:57', NULL, '2017-11-07 20:39:57', '2017-11-07 20:39:57', '485515b6-5a90-4856-af96-d0074a6d9ee7'),
 ('43', '14', '15', '1', '2017-11-16 23:59:35', NULL, '2017-11-16 23:59:35', '2017-11-16 23:59:35', '9285a106-7f01-4546-a3f8-000005c524b7'),
 ('47', '3', '11', '1', '2017-11-21 17:33:48', NULL, '2017-11-21 17:33:48', '2017-11-21 17:33:48', '02ef036a-7608-4bf9-9efc-981c663db987'),
 ('50', '15', NULL, NULL, '2017-11-27 17:46:27', NULL, '2017-11-27 17:46:28', '2017-11-27 17:46:28', 'e532f024-df93-4f7d-9871-5e96ea4475cd'),
 ('57', '18', NULL, NULL, '2017-11-28 18:49:56', NULL, '2017-11-28 18:49:56', '2017-11-30 18:30:31', '37d081fe-1746-486f-a116-2b82d6da5a65'),
 ('58', '20', '21', NULL, '2017-11-28 20:09:08', NULL, '2017-11-28 19:41:30', '2017-11-28 20:09:08', '458e56de-1726-4ef8-9457-a456aadc5e28'),
 ('59', '21', NULL, NULL, '2017-11-28 19:41:43', NULL, '2017-11-28 19:41:43', '2017-11-28 19:41:43', '8fe98d0d-ad6d-4ff2-802b-b1f9003b810b'),
 ('60', '22', NULL, NULL, '2017-11-28 19:42:37', NULL, '2017-11-28 19:42:37', '2017-11-28 19:42:37', 'f6db656a-c733-46a8-a841-5da3231add49'),
 ('61', '19', '20', '1', '2017-11-28 20:11:00', NULL, '2017-11-28 20:11:38', '2017-12-04 17:54:20', '5f33956e-fb99-4276-8634-d5a5f3a49e77'),
 ('71', '11', '12', '1', '2017-12-07 21:29:00', NULL, '2017-12-07 21:29:24', '2017-12-07 21:29:43', '7cad730f-c7e6-4441-8709-738b2e715318'),
 ('78', '16', '17', '1', '2018-01-22 19:17:00', NULL, '2018-01-22 19:17:08', '2018-01-29 20:15:08', 'e59dc01a-f3f8-487d-9d2c-1cd18cebbf66'),
 ('88', '3', '11', '1', '2018-01-29 20:17:56', NULL, '2018-01-29 20:17:56', '2018-01-29 20:17:56', '927c7fd4-11e3-4918-bf68-22f0e1767e04');



DROP TABLE IF EXISTS `craft_entrydrafts`;


--
-- Schema for table `craft_entrydrafts`
--
CREATE TABLE `craft_entrydrafts` (
  `id` int(11) NOT NULL AUTO_INCREMENT,
  `entryId` int(11) NOT NULL,
  `sectionId` int(11) NOT NULL,
  `creatorId` int(11) NOT NULL,
  `locale` char(12) COLLATE utf8_unicode_ci NOT NULL,
  `name` varchar(255) COLLATE utf8_unicode_ci NOT NULL,
  `notes` tinytext COLLATE utf8_unicode_ci,
  `data` mediumtext COLLATE utf8_unicode_ci NOT NULL,
  `dateCreated` datetime NOT NULL,
  `dateUpdated` datetime NOT NULL,
  `uid` char(36) COLLATE utf8_unicode_ci NOT NULL DEFAULT '0',
  PRIMARY KEY (`id`),
  KEY `craft_entrydrafts_entryId_locale_idx` (`entryId`,`locale`),
  KEY `craft_entrydrafts_sectionId_fk` (`sectionId`),
  KEY `craft_entrydrafts_creatorId_fk` (`creatorId`),
  KEY `craft_entrydrafts_locale_fk` (`locale`)
) ENGINE=InnoDB DEFAULT CHARSET=utf8 COLLATE=utf8_unicode_ci;

DROP TABLE IF EXISTS `craft_entrytypes`;


--
-- Schema for table `craft_entrytypes`
--
CREATE TABLE `craft_entrytypes` (
  `id` int(11) NOT NULL AUTO_INCREMENT,
  `sectionId` int(11) NOT NULL,
  `fieldLayoutId` int(11) DEFAULT NULL,
  `name` varchar(255) COLLATE utf8_unicode_ci NOT NULL,
  `handle` varchar(255) COLLATE utf8_unicode_ci NOT NULL,
  `hasTitleField` tinyint(1) unsigned NOT NULL DEFAULT '1',
  `titleLabel` varchar(255) COLLATE utf8_unicode_ci DEFAULT 'Title',
  `titleFormat` varchar(255) COLLATE utf8_unicode_ci DEFAULT NULL,
  `sortOrder` smallint(6) unsigned DEFAULT NULL,
  `dateCreated` datetime NOT NULL,
  `dateUpdated` datetime NOT NULL,
  `uid` char(36) COLLATE utf8_unicode_ci NOT NULL DEFAULT '0',
  PRIMARY KEY (`id`),
  UNIQUE KEY `craft_entrytypes_name_sectionId_unq_idx` (`name`,`sectionId`),
  UNIQUE KEY `craft_entrytypes_handle_sectionId_unq_idx` (`handle`,`sectionId`),
  KEY `craft_entrytypes_sectionId_fk` (`sectionId`),
  KEY `craft_entrytypes_fieldLayoutId_fk` (`fieldLayoutId`)
) ENGINE=InnoDB AUTO_INCREMENT=24 DEFAULT CHARSET=utf8 COLLATE=utf8_unicode_ci;

--
-- Data for table `craft_entrytypes`
--

INSERT INTO `craft_entrytypes` (`id`, `sectionId`, `fieldLayoutId`, `name`, `handle`, `hasTitleField`, `titleLabel`, `titleFormat`, `sortOrder`, `dateCreated`, `dateUpdated`, `uid`) VALUES
 ('1', '1', '122', 'Homepage', 'homepage', '1', 'Title', NULL, '1', '2017-09-05 17:18:02', '2017-12-15 21:16:39', '1a6e84cf-006e-4001-89b3-a189c80d7f05'),
 ('2', '2', '5', 'News', 'news', '1', 'Title', NULL, '1', '2017-09-05 17:18:02', '2017-09-05 17:18:02', '19a1a688-bbba-47b3-9d81-87d1d6bdf4d1'),
 ('4', '4', '125', 'FAQ', 'faq', '1', 'Title', NULL, '1', '2017-09-19 19:33:34', '2017-12-15 21:24:52', 'c85a1924-79a1-43a5-ba5c-7a6fc31fc35d'),
 ('5', '5', '79', 'About DuraEdge', 'aboutDuraedge', '1', 'About DuraEdge', NULL, '1', '2017-10-23 19:16:05', '2017-11-21 20:11:44', '16b8f153-2493-426c-9f91-fa90591c4cc2'),
 ('6', '6', '80', 'Contact Duraedge', 'contactDuraedge', '0', NULL, '{section.name|raw}', '1', '2017-10-24 20:13:35', '2017-11-21 20:11:52', '4541ca41-fc00-4f86-a23f-14c39f09d000'),
 ('7', '7', '67', 'Contact A Distributor', 'contactADistributor', '1', 'Title', NULL, '1', '2017-10-24 20:44:40', '2017-11-13 17:25:18', 'f3c10616-f789-4ef9-b222-28ab14e41fa1'),
 ('8', '8', '124', 'Current Customers', 'currentCustomers', '1', 'Organization Name', NULL, '1', '2017-10-24 21:02:05', '2017-12-15 21:24:03', '1183bbac-02c0-4297-a1f7-ca3dd1ad1356'),
 ('9', '9', '109', 'Products', 'products', '0', NULL, '{section.name|raw}', '1', '2017-10-26 18:23:48', '2017-12-05 18:40:31', '61163014-7773-4912-a7f6-b05b634f3d3c'),
 ('10', '10', '46', 'Locations', 'locations', '1', 'Title', NULL, '1', '2017-10-27 20:43:07', '2017-10-27 20:43:17', '03ea012f-c166-45cd-b30c-343f9c946cc8'),
 ('11', '3', '138', 'Our Products', 'ourProducts', '1', 'Title', NULL, '2', '2017-10-31 19:37:28', '2018-01-24 19:31:41', '7c859481-33b4-43c4-892a-d8b9c4bc078a'),
 ('12', '11', '113', 'Staff', 'staff', '1', 'Name', NULL, '1', '2017-11-01 18:07:54', '2017-12-07 21:27:16', '79cf6ce9-9e41-475c-a623-97a1cda4a7ea'),
 ('13', '12', '83', 'Why DuraEdge', 'whyDuraedge', '1', 'Title', NULL, '1', '2017-11-01 18:35:55', '2017-11-21 20:12:19', '5b1fd6e7-b8b0-43cb-ac78-5f21a4ef29aa'),
 ('14', '13', '127', 'Testimonials', 'testimonials', '1', 'Name', NULL, '1', '2017-11-07 20:39:17', '2017-12-15 21:32:19', 'c537a09d-6b4d-49b4-b733-d1225dc0137c'),
 ('15', '14', '70', 'Distributors', 'distributors', '1', 'Distributor Name', NULL, '1', '2017-11-13 17:22:55', '2017-11-16 23:27:57', 'ea9016b0-e0d6-4beb-832a-e0ed22340216'),
 ('16', '15', '87', 'Field Maintenance', 'fieldMaintenance', '0', NULL, '{section.name|raw}', '1', '2017-11-27 17:46:27', '2017-11-27 17:46:27', '8e8af104-b5cf-4e8b-9ea8-e659c21c41ee'),
 ('17', '16', '140', 'Blog Posts', 'blogPosts', '1', 'Title', NULL, '1', '2017-11-27 19:39:46', '2018-01-24 19:38:14', 'edd7f8dd-2718-4a77-a604-37e365c178e4'),
 ('18', '17', '126', 'Videos', 'videos', '1', 'Title', NULL, '1', '2017-11-27 19:41:46', '2017-12-15 21:25:03', '8b29c7e5-7043-4268-aee3-8bd3561599f7'),
 ('19', '18', '111', 'Architects', 'architects', '0', NULL, '{section.name|raw}', '1', '2017-11-28 18:49:56', '2017-12-06 16:42:41', '9d19f03f-1241-415c-b13d-d6cfb09a1280'),
 ('20', '19', '120', 'Events', 'events', '1', 'Title', NULL, '1', '2017-11-28 19:32:21', '2017-12-15 21:04:35', 'a87c3e32-a121-4ccc-bad5-fd293b8bb9ba'),
 ('21', '20', '104', 'Certification Programs', 'certifiedPrograms', '0', NULL, '{section.name|raw}', '1', '2017-11-28 19:41:30', '2017-11-28 19:44:26', '1c601685-236c-4754-901b-3e8928a0a06f'),
 ('22', '21', '103', 'Become a Certified Installer', 'becomeACertifiedInstaller', '0', NULL, '{section.name|raw}', '1', '2017-11-28 19:41:43', '2017-11-28 19:44:11', 'c424389a-8179-4d87-b691-62083fa90987'),
 ('23', '22', '105', 'Field Assurance Program', 'fieldAssuranceProgram', '0', NULL, '{section.name|raw}', '1', '2017-11-28 19:42:37', '2017-11-28 19:44:35', '44739fb9-e93b-4eb6-bb6b-f2ff0814078f');



DROP TABLE IF EXISTS `craft_entryversions`;


--
-- Schema for table `craft_entryversions`
--
CREATE TABLE `craft_entryversions` (
  `id` int(11) NOT NULL AUTO_INCREMENT,
  `entryId` int(11) NOT NULL,
  `sectionId` int(11) NOT NULL,
  `creatorId` int(11) DEFAULT NULL,
  `locale` char(12) COLLATE utf8_unicode_ci NOT NULL,
  `num` smallint(6) unsigned NOT NULL,
  `notes` tinytext COLLATE utf8_unicode_ci,
  `data` mediumtext COLLATE utf8_unicode_ci NOT NULL,
  `dateCreated` datetime NOT NULL,
  `dateUpdated` datetime NOT NULL,
  `uid` char(36) COLLATE utf8_unicode_ci NOT NULL DEFAULT '0',
  PRIMARY KEY (`id`),
  KEY `craft_entryversions_entryId_locale_idx` (`entryId`,`locale`),
  KEY `craft_entryversions_sectionId_fk` (`sectionId`),
  KEY `craft_entryversions_creatorId_fk` (`creatorId`),
  KEY `craft_entryversions_locale_fk` (`locale`)
) ENGINE=InnoDB AUTO_INCREMENT=89 DEFAULT CHARSET=utf8 COLLATE=utf8_unicode_ci;

--
-- Data for table `craft_entryversions`
--

INSERT INTO `craft_entryversions` (`id`, `entryId`, `sectionId`, `creatorId`, `locale`, `num`, `notes`, `data`, `dateCreated`, `dateUpdated`, `uid`) VALUES
 ('1', '2', '1', '1', 'en_us', '1', NULL, '{\"typeId\":\"1\",\"authorId\":null,\"title\":\"Homepage\",\"slug\":\"homepage\",\"postDate\":1504631882,\"expiryDate\":null,\"enabled\":1,\"parentId\":null,\"fields\":[]}', '2017-09-05 17:18:02', '2017-09-05 17:18:02', '7cc25927-5bb8-4bfb-8d36-e9b8865cddcf'),
 ('2', '2', '1', '1', 'en_us', '2', NULL, '{\"typeId\":null,\"authorId\":null,\"title\":\"Welcome to Duraedge.web!\",\"slug\":\"homepage\",\"postDate\":1504631882,\"expiryDate\":null,\"enabled\":\"1\",\"parentId\":null,\"fields\":{\"1\":\"<p>It\\u2019s true, this site doesn\\u2019t have a whole lot of content yet, but don\\u2019t worry. Our web developers have just installed the CMS, and they\\u2019re setting things up for the content editors this very moment. Soon Duraedge.web will be an oasis of fresh perspectives, sharp analyses, and astute opinions that will keep you coming back again and again.<\\/p>\"}}', '2017-09-05 17:18:02', '2017-09-05 17:18:02', '433f2253-2096-4014-81c8-e77cdf04ca5b'),
 ('3', '3', '2', '1', 'en_us', '1', NULL, '{\"typeId\":\"2\",\"authorId\":\"1\",\"title\":\"We just installed Craft!\",\"slug\":\"we-just-installed-craft\",\"postDate\":1504631882,\"expiryDate\":null,\"enabled\":1,\"parentId\":null,\"fields\":[]}', '2017-09-05 17:18:02', '2017-09-05 17:18:02', 'b54929b5-363b-46a7-ba64-11bbdcdb7c61'),
 ('10', '7', '2', '1', 'en_us', '1', NULL, '{\"typeId\":null,\"authorId\":\"1\",\"title\":\"ddd\",\"slug\":\"ddd\",\"postDate\":1504635340,\"expiryDate\":null,\"enabled\":1,\"parentId\":null,\"fields\":{\"1\":\"wefsdf\"}}', '2017-09-05 18:15:40', '2017-09-05 18:15:40', 'ed8a7179-b3ac-4b8b-ae90-2d481c1f81b9'),
 ('11', '8', '2', '1', 'en_us', '1', NULL, '{\"typeId\":null,\"authorId\":\"1\",\"title\":\"ddd\",\"slug\":\"ddd\",\"postDate\":null,\"expiryDate\":null,\"enabled\":0,\"parentId\":null,\"fields\":{\"1\":\"333\"}}', '2017-09-05 18:16:53', '2017-09-05 18:16:53', 'c4e15159-d6e1-4b1f-b659-a6f173cee221'),
 ('27', '19', '4', '1', 'en_us', '1', '', '{\"typeId\":null,\"authorId\":\"1\",\"title\":\"My soil is dry\",\"slug\":\"my-soil-is-dry\",\"postDate\":1505849644,\"expiryDate\":null,\"enabled\":1,\"parentId\":null,\"fields\":{\"1\":\"\"}}', '2017-09-19 19:34:04', '2017-09-19 19:34:04', 'b15ff55b-74e2-4e83-a089-faba6fe877af'),
 ('28', '20', '4', '1', 'en_us', '1', '', '{\"typeId\":null,\"authorId\":\"1\",\"title\":\"My soil sucks\",\"slug\":\"my-soil-sucks\",\"postDate\":1505849654,\"expiryDate\":null,\"enabled\":1,\"parentId\":null,\"fields\":{\"1\":\"\"}}', '2017-09-19 19:34:14', '2017-09-19 19:34:14', 'efc1cd46-fc36-476a-8cb3-692abe020bc3'),
 ('29', '20', '4', '1', 'en_us', '2', '', '{\"typeId\":\"4\",\"authorId\":\"1\",\"title\":\"My soil has rocks in it\",\"slug\":\"my-soil-sucks\",\"postDate\":1505849640,\"expiryDate\":null,\"enabled\":1,\"parentId\":null,\"fields\":{\"1\":\"\"}}', '2017-09-19 19:34:26', '2017-09-19 19:34:26', '0a08fc04-c52d-4c9e-a944-a994ff479370'),
 ('30', '19', '4', '1', 'en_us', '2', '', '{\"typeId\":\"4\",\"authorId\":\"1\",\"title\":\"My soil is dry\",\"slug\":\"my-soil-is-dry\",\"postDate\":1505849640,\"expiryDate\":null,\"enabled\":1,\"parentId\":null,\"fields\":{\"1\":\"<p>Ideabase<\\/p>\"}}', '2017-09-19 19:36:22', '2017-09-19 19:36:22', '48f76c5c-aa94-4f97-a666-0148630a11c2'),
 ('31', '20', '4', '1', 'en_us', '3', '', '{\"typeId\":\"4\",\"authorId\":\"1\",\"title\":\"My soil has rocks in it\",\"slug\":\"my-soil-sucks\",\"postDate\":1505849640,\"expiryDate\":null,\"enabled\":1,\"parentId\":null,\"fields\":{\"1\":\"<p>IdeabaseIdeabaseIdeabaseIdeabaseIdeabaseIdeabaseIdeabaseIdeabaseIdeabaseIdeabaseIdeabaseIdeabase<\\/p>\"}}', '2017-09-19 19:37:15', '2017-09-19 19:37:15', '6d64fec7-977a-4cc1-a594-0328c5d1b60b'),
 ('32', '20', '4', '1', 'en_us', '4', '', '{\"typeId\":\"4\",\"authorId\":\"1\",\"title\":\"My soil has rocks in it\",\"slug\":\"my-soil-sucks\",\"postDate\":1505849640,\"expiryDate\":null,\"enabled\":1,\"parentId\":null,\"fields\":{\"1\":\"<p>Ideabase<\\/p><p>Ideabase<\\/p><p>Ideabase<\\/p><p>Ideabase<\\/p><p>Ideabase<\\/p><p>Ideabase<\\/p>\"}}', '2017-09-19 19:37:38', '2017-09-19 19:37:38', 'e26dbe65-9a1c-4cf0-a805-73ffd1c6fd5c'),
 ('33', '20', '4', '1', 'en_us', '5', '', '{\"typeId\":\"4\",\"authorId\":\"1\",\"title\":\"My soil has rocks in it\",\"slug\":\"my-soil-sucks\",\"postDate\":1505849640,\"expiryDate\":null,\"enabled\":1,\"parentId\":null,\"fields\":{\"1\":\"<p>Ideabase<\\/p>\"}}', '2017-09-19 19:38:03', '2017-09-19 19:38:03', '61b712bf-ed62-491a-b683-ae94b215f2c7'),
 ('34', '20', '4', '1', 'en_us', '6', '', '{\"typeId\":\"4\",\"authorId\":\"1\",\"title\":\"My soil has rocks in it\",\"slug\":\"my-soil-sucks\",\"postDate\":1505849640,\"expiryDate\":null,\"enabled\":1,\"parentId\":null,\"fields\":{\"1\":\"<p>Ideabase<\\/p><p>Ideabase<br><\\/p>\"}}', '2017-09-19 19:38:10', '2017-09-19 19:38:10', 'a41c825d-75e6-46f5-9c7c-aab618dddf29'),
 ('35', '20', '4', '1', 'en_us', '7', '', '{\"typeId\":\"4\",\"authorId\":\"1\",\"title\":\"My soil has rocks in it\",\"slug\":\"my-soil-sucks\",\"postDate\":1505849640,\"expiryDate\":null,\"enabled\":1,\"parentId\":null,\"fields\":{\"1\":\"<p>Ideabase<\\/p>\\r\\n<p>Ideabase<br><\\/p>\"}}', '2017-09-19 19:38:53', '2017-09-19 19:38:53', '9e13f1b3-7496-4db5-aa3c-b1418317e85f'),
 ('36', '19', '4', '1', 'en_us', '3', '', '{\"typeId\":\"4\",\"authorId\":\"1\",\"title\":\"My soil is dry\",\"slug\":\"my-soil-is-dry\",\"postDate\":1505849640,\"expiryDate\":null,\"enabled\":1,\"parentId\":null,\"fields\":{\"1\":\"<p>Ideabase<\\/p>\"}}', '2017-09-19 19:39:08', '2017-09-19 19:39:08', 'ca708d25-6d73-468c-acdf-c9339b1a80af'),
 ('37', '19', '4', '1', 'en_us', '4', '', '{\"typeId\":\"4\",\"authorId\":\"1\",\"title\":\"My soil is dry\",\"slug\":\"my-soil-is-dry\",\"postDate\":1505849640,\"expiryDate\":null,\"enabled\":1,\"parentId\":null,\"fields\":{\"1\":\"<p>1<\\/p>\"}}', '2017-09-19 19:39:55', '2017-09-19 19:39:55', '67dc4880-3814-4831-bad1-c59a5a8f81fa'),
 ('38', '20', '4', '1', 'en_us', '8', '', '{\"typeId\":\"4\",\"authorId\":\"1\",\"title\":\"My soil has rocks in it\",\"slug\":\"my-soil-sucks\",\"postDate\":1505849640,\"expiryDate\":null,\"enabled\":1,\"parentId\":null,\"fields\":{\"1\":\"<p>1 2<\\/p>\"}}', '2017-09-19 19:40:03', '2017-09-19 19:40:03', '914431dd-ecb3-411b-aa81-1192bac75c0e'),
 ('39', '21', '4', '1', 'en_us', '1', '', '{\"typeId\":null,\"authorId\":\"1\",\"title\":\"1\",\"slug\":\"1\",\"postDate\":1505850046,\"expiryDate\":null,\"enabled\":1,\"parentId\":null,\"fields\":{\"1\":\"<p>1<\\/p>\"}}', '2017-09-19 19:40:46', '2017-09-19 19:40:46', 'cc0a898c-bd7b-4ac2-8a8a-0128e04d39f6'),
 ('40', '22', '5', '1', 'en_us', '1', NULL, '{\"typeId\":\"5\",\"authorId\":null,\"title\":\"About DuraEdge\",\"slug\":\"about-duraedge\",\"postDate\":1508786165,\"expiryDate\":null,\"enabled\":1,\"parentId\":null,\"fields\":[]}', '2017-10-23 19:16:06', '2017-10-23 19:16:06', '7c60ba7c-2096-447a-99a7-37f1f8974e4f'),
 ('41', '22', '5', '1', 'en_us', '2', '', '{\"typeId\":null,\"authorId\":null,\"title\":\"About DuraEdge\",\"slug\":\"about-duraedge\",\"postDate\":1508786165,\"expiryDate\":null,\"enabled\":1,\"parentId\":null,\"fields\":{\"1\":\"<p>Lorem ipsum dolor sit amet, consectetuer adipiscing elit. Aenean commodo ligula eget dolor. Aenean massa. Cum sociis natoque penatibus et magnis dis parturient montes, nascetur ridiculus mus.<\\/p>\",\"10\":\"Lorem ipsum dolor sit amet, consectetuer adipiscing elit. Aenean commodo ligula eget dolor. Aenean massa. Cum sociis natoque penatibus et magnis dis parturient montes, nascetur ridiculus mus.\",\"9\":\"Lorem ipsum dolor sit amet, consectetuer adipiscing elit. Aenean commodo ligula eget dolor. Aenean massa. Cum sociis natoque penatibus et magnis dis parturient montes, nascetur ridiculus mus.\"}}', '2017-10-23 19:18:46', '2017-10-23 19:18:46', '33651f09-c99d-489e-b52e-3484cefa9674'),
 ('42', '22', '5', '1', 'en_us', '3', '', '{\"typeId\":null,\"authorId\":null,\"title\":\"About DuraEdge\",\"slug\":\"about-duraedge\",\"postDate\":1508786165,\"expiryDate\":null,\"enabled\":1,\"parentId\":null,\"fields\":{\"1\":\"<p>Lorem ipsum dolor sit amet, consectetuer adipiscing elit. Aenean commodo ligula eget dolor. Aenean massa. Cum sociis natoque penatibus et magnis dis parturient montes, nascetur ridiculus mus.<\\/p>\",\"10\":\"Lorem ipsum dolor sit amet, consectetuer adipiscing elit. Aenean commodo ligula eget dolor. Aenean massa. Cum sociis natoque penatibus et magnis dis parturient montes, nascetur ridiculus mus.\",\"9\":\"Lorem ipsum dolor sit amet, consectetuer adipiscing elit. Aenean commodo ligula eget dolor. Aenean massa. Cum sociis natoque penatibus et magnis dis parturient montes, nascetur ridiculus mus.\"}}', '2017-10-23 19:41:29', '2017-10-23 19:41:29', '2597516c-ebd9-4dfb-8265-831c1b8f06c2'),
 ('43', '23', '6', '1', 'en_us', '1', NULL, '{\"typeId\":\"6\",\"authorId\":null,\"title\":\"Contact Duraedge\",\"slug\":\"contact-duraedge\",\"postDate\":1508876015,\"expiryDate\":null,\"enabled\":1,\"parentId\":null,\"fields\":[]}', '2017-10-24 20:13:36', '2017-10-24 20:13:36', 'f47a1834-7c5b-42ed-97d8-7ae999b081f9'),
 ('44', '23', '6', '1', 'en_us', '2', '', '{\"typeId\":null,\"authorId\":null,\"title\":\"Contact Duraedge\",\"slug\":\"contact-duraedge\",\"postDate\":1508876015,\"expiryDate\":null,\"enabled\":1,\"parentId\":null,\"fields\":{\"1\":\"<p>Lorem<\\/p>\",\"11\":\"\"}}', '2017-10-24 20:16:28', '2017-10-24 20:16:28', 'e0dafea9-bc12-4549-9e40-5d3540f73ac7'),
 ('45', '23', '6', '1', 'en_us', '3', '', '{\"typeId\":\"6\",\"authorId\":null,\"title\":\"Contact Duraedge\",\"slug\":\"contact-duraedge\",\"postDate\":1508876411,\"expiryDate\":null,\"enabled\":1,\"parentId\":null,\"fields\":{\"1\":\"<p>Lorem<\\/p>\",\"11\":{\"new1\":{\"type\":\"materials\",\"enabled\":\"1\",\"fields\":{\"materialName\":\"Test\",\"file\":[\"24\"]}}}}}', '2017-10-24 20:21:38', '2017-10-24 20:21:38', 'ab48fbb3-13a6-4140-851d-cef82d6295c9'),
 ('46', '26', '7', '1', 'en_us', '1', '', '{\"typeId\":null,\"authorId\":\"1\",\"title\":\"Jon Snow\",\"slug\":\"jon-snow\",\"postDate\":1508879100,\"expiryDate\":null,\"enabled\":1,\"parentId\":null,\"fields\":{\"14\":\"jsnow@gmail.com\",\"15\":\"330123456\"}}', '2017-10-24 21:05:23', '2017-10-24 21:05:23', 'c77753f3-d594-4a5d-9fe4-6d0a81f7174f'),
 ('47', '26', '7', '1', 'en_us', '2', '', '{\"typeId\":\"7\",\"authorId\":\"1\",\"title\":\"Jon Snow\",\"slug\":\"jon-snow\",\"postDate\":1508879100,\"expiryDate\":null,\"enabled\":1,\"parentId\":null,\"fields\":{\"14\":\"jsnow@gmail.com\",\"15\":\"330123456\"}}', '2017-10-24 21:05:35', '2017-10-24 21:05:35', '48e92bf3-120d-47d0-a01a-1e90ae973cdc'),
 ('48', '26', '7', '1', 'en_us', '3', '', '{\"typeId\":\"7\",\"authorId\":\"1\",\"title\":\"Jon Snow\",\"slug\":\"jon-snow\",\"postDate\":1508879100,\"expiryDate\":null,\"enabled\":1,\"parentId\":null,\"fields\":{\"14\":\"jsnow@gmail.com\",\"15\":\"330123456\"}}', '2017-10-24 21:05:37', '2017-10-24 21:05:37', '9a115e51-3142-4d34-8044-fda1e6f43c7e'),
 ('49', '27', '8', '1', 'en_us', '1', '', '{\"typeId\":null,\"authorId\":\"1\",\"title\":\"Cleveland Indians\",\"slug\":\"cleveland-indians\",\"postDate\":1508879149,\"expiryDate\":null,\"enabled\":1,\"parentId\":null,\"fields\":{\"14\":\"windians@gmail.com\",\"16\":\"Cleveland\",\"15\":\"911\"}}', '2017-10-24 21:05:49', '2017-10-24 21:05:49', '6542259f-2c16-4360-bc96-2982e885af9e'),
 ('50', '28', '9', '1', 'en_us', '1', NULL, '{\"typeId\":\"9\",\"authorId\":null,\"title\":\"Products\",\"slug\":\"products\",\"postDate\":1509042228,\"expiryDate\":null,\"enabled\":1,\"parentId\":null,\"fields\":[]}', '2017-10-26 18:23:48', '2017-10-26 18:23:48', 'aefaf184-2133-48c9-840f-398f10dc3d53'),
 ('51', '29', '10', '1', 'en_us', '1', '', '{\"typeId\":null,\"authorId\":\"1\",\"title\":\"DuraEdge HQ\",\"slug\":\"duraedge-hq\",\"postDate\":1509137040,\"expiryDate\":null,\"enabled\":1,\"parentId\":null,\"fields\":{\"24\":{\"street1\":\"4783 Harlansburg Rd\",\"street2\":\"\",\"city\":\"Slippery Rock\",\"state\":\"PA\",\"zip\":\"16057\",\"country\":\"United States\",\"lat\":\"41.0349862\",\"lng\":\"-80.1440284\"}}}', '2017-10-27 20:44:26', '2017-10-27 20:44:26', '6912963a-cbc4-478a-b5c6-1120736ffa83'),
 ('52', '30', '10', '1', 'en_us', '1', '', '{\"typeId\":null,\"authorId\":\"1\",\"title\":\"Colorado Rockies Field\",\"slug\":\"colorado-rockies-field\",\"postDate\":1509473416,\"expiryDate\":null,\"enabled\":1,\"parentId\":null,\"fields\":{\"24\":{\"street1\":\"2001 Blake St\",\"street2\":\"\",\"city\":\"Denver\",\"state\":\"CO\",\"zip\":\"80205\",\"country\":\"United States\",\"lat\":\"39.7559779\",\"lng\":\"-104.9933491\"}}}', '2017-10-31 18:10:16', '2017-10-31 18:10:16', '84fad29d-523b-4ef2-a2c4-0ced8e54ebb8'),
 ('54', '36', '12', '1', 'en_us', '1', NULL, '{\"typeId\":\"13\",\"authorId\":null,\"title\":\"Why DuraEdge\",\"slug\":\"why-duraedge\",\"postDate\":1509561458,\"expiryDate\":null,\"enabled\":1,\"parentId\":null,\"fields\":[]}', '2017-11-01 18:37:38', '2017-11-01 18:37:38', '249aa358-b9a0-48a6-8789-35bdd370e4e1'),
 ('55', '2', '1', '1', 'en_us', '3', '', '{\"typeId\":null,\"authorId\":null,\"title\":\"Home\",\"slug\":\"homepage\",\"postDate\":1504631882,\"expiryDate\":null,\"enabled\":1,\"parentId\":null,\"fields\":{\"1\":\"<p>It\\u2019s true, this site doesn\\u2019t have a whole lot of content yet, but don\\u2019t worry. Our web developers have just installed the CMS, and they\\u2019re setting things up for the content editors this very moment. Soon Duraedge.web will be an oasis of fresh perspectives, sharp analyses, and astute opinions that will keep you coming back again and again.<\\/p>\"}}', '2017-11-03 18:07:46', '2017-11-03 18:07:46', '9e50856b-9bbc-47cb-8a3e-ca3537611fbb'),
 ('56', '36', '12', '1', 'en_us', '2', '', '{\"typeId\":\"13\",\"authorId\":null,\"title\":\"Why DuraEdge\",\"slug\":\"why-duraedge\",\"postDate\":1509561543,\"expiryDate\":null,\"enabled\":1,\"parentId\":null,\"fields\":{\"1\":\"<p>and scrambled it to make a type specimen book. It has survived not only five centuries, but also the leap into electronic typesetting, remaining essentially unchanged. It was popularised in the 1960s with the release of Letraset sheets containing Lorem Ipsum passages, and more recently with desktop publishing software like Aldus PageMaker including versions of Lorem Ips<\\/p>\",\"35\":{\"new1\":{\"type\":\"processInformation\",\"enabled\":\"1\",\"fields\":{\"processTitle\":\"Process Title\",\"processInformation\":\"<p>Process Info<\\/p>\"}},\"new2\":{\"type\":\"processInformation\",\"enabled\":\"1\",\"fields\":{\"processTitle\":\"Process Title 2\",\"processInformation\":\"<p>Process info 2<\\/p>\"}}}}}', '2017-11-07 20:36:35', '2017-11-07 20:36:35', '32456f1f-89f2-4b91-9e44-9ba5aec68459'),
 ('57', '39', '13', '1', 'en_us', '1', '', '{\"typeId\":null,\"authorId\":\"1\",\"title\":\"Bob the builder\",\"slug\":\"bob-the-builder\",\"postDate\":1510087197,\"expiryDate\":null,\"enabled\":1,\"parentId\":null,\"fields\":{\"1\":\"<p>can we fix it<\\/p>\"}}', '2017-11-07 20:39:57', '2017-11-07 20:39:57', '96830385-f054-4528-8f4b-2df12a757482'),
 ('58', '26', '7', '1', 'en_us', '4', '', '{\"typeId\":\"7\",\"authorId\":null,\"title\":\"Find a Distributor\",\"slug\":\"jon-snow\",\"postDate\":1510593765,\"expiryDate\":null,\"enabled\":1,\"parentId\":null,\"fields\":[]}', '2017-11-13 17:25:47', '2017-11-13 17:25:47', '53356d09-a94c-47fa-9008-eb1a7ecc7598'),
 ('59', '23', '6', '1', 'en_us', '4', '', '{\"typeId\":\"6\",\"authorId\":null,\"title\":\"Contact Duraedge\",\"slug\":\"contact-duraedge\",\"postDate\":1510876698,\"expiryDate\":null,\"enabled\":1,\"parentId\":null,\"fields\":{\"1\":\"<p>Body<\\/p>\",\"9\":\"Header\",\"24\":{\"street1\":\"\",\"street2\":\"\",\"city\":\"\",\"state\":\"\",\"zip\":\"\",\"country\":\"\",\"lat\":\"\",\"lng\":\"\"},\"11\":{\"25\":{\"type\":\"materials\",\"enabled\":\"1\",\"fields\":{\"materialName\":\"Test\",\"file\":[\"24\"]}}}}}', '2017-11-16 23:58:47', '2017-11-16 23:58:47', '2095c0c5-aa8c-4462-b139-60d311faaa4a'),
 ('60', '43', '14', '1', 'en_us', '1', '', '{\"typeId\":null,\"authorId\":\"1\",\"title\":\"Jon snow\",\"slug\":\"jon-snow\",\"postDate\":1510876775,\"expiryDate\":null,\"enabled\":1,\"parentId\":null,\"fields\":{\"14\":\"jsnow@ww.com\",\"24\":{\"street1\":\"\",\"street2\":\"\",\"city\":\"\",\"state\":\"\",\"zip\":\"\",\"country\":\"\",\"lat\":\"40.6920928987952\",\"lng\":\"-81.91749572753906\"},\"15\":\"0\"}}', '2017-11-16 23:59:35', '2017-11-16 23:59:35', 'fd5a0bdf-e641-4592-97a7-342bc1ae9d23'),
 ('61', '47', '3', '1', 'en_us', '1', '', '{\"typeId\":null,\"authorId\":\"1\",\"title\":\"Example Field\",\"slug\":\"example-field\",\"postDate\":1511285628,\"expiryDate\":null,\"enabled\":1,\"parentId\":null,\"fields\":{\"1\":\"<p>k. It has survived not only five centuries, but also the leap into electronic typesetting, remaining essentially unchanged. It was popularised in the 1960s with the release of Letraset sheets containing Lorem Ipsum passages, and more recently with desktop publishing software like Aldus PageMaker including versions of Lorem Ipsum.<\\/p>\",\"7\":[\"14\"],\"8\":[\"16\"],\"40\":[\"44\"],\"6\":[\"10\"]}}', '2017-11-21 17:33:48', '2017-11-21 17:33:48', '6e6f0ba0-27f4-4cb5-a532-fceb891288fe'),
 ('62', '36', '12', '1', 'en_us', '3', '', '{\"typeId\":\"13\",\"authorId\":null,\"title\":\"Why DuraEdge\",\"slug\":\"why-duraedge\",\"postDate\":1510593070,\"expiryDate\":null,\"enabled\":1,\"parentId\":null,\"fields\":{\"1\":\"<p>and scrambled it to make a type specimen book. It has survived not only five centuries, but also the leap into electronic typesetting, remaining essentially unchanged. It was popularised in the 1960s with the release of Letraset sheets containing Lorem Ipsum passages, and more recently with desktop publishing software like Aldus PageMaker including versions of Lorem Ips<\\/p>\",\"41\":[\"48\"]}}', '2017-11-21 20:22:23', '2017-11-21 20:22:23', '92c9c8aa-1ee6-45f2-b78b-9a6ecd5c7ed0'),
 ('63', '36', '12', '1', 'en_us', '4', '', '{\"typeId\":\"13\",\"authorId\":null,\"title\":\"Why DuraEdge\",\"slug\":\"why-duraedge\",\"postDate\":1510593070,\"expiryDate\":null,\"enabled\":1,\"parentId\":null,\"fields\":{\"1\":\"<p>and scrambled it to make a type specimen book. It has survived not only five centuries, but also the leap into electronic typesetting, remaining essentially unchanged. It was popularised in the 1960s with the release of Letraset sheets containing Lorem Ipsum passages, and more recently with desktop publishing software like Aldus PageMaker including versions of Lorem Ips<\\/p>\",\"41\":[\"48\"]}}', '2017-11-21 20:22:32', '2017-11-21 20:22:32', '012d7dba-da56-4c2b-9a68-5031600e1072'),
 ('64', '2', '1', '1', 'en_us', '4', '', '{\"typeId\":null,\"authorId\":null,\"title\":\"Home\",\"slug\":\"homepage\",\"postDate\":1504631882,\"expiryDate\":null,\"enabled\":1,\"parentId\":null,\"fields\":{\"1\":\"<p>It\\u2019s true, this site doesn\\u2019t have a whole lot of content yet, but don\\u2019t worry. Our web developers have just installed the CMS, and they\\u2019re setting things up for the content editors this very moment. Soon Duraedge.web will be an oasis of fresh perspectives, sharp analyses, and astute opinions that will keep you coming back again and again.<\\/p>\",\"41\":[\"48\"],\"43\":\"\"}}', '2017-11-21 20:24:03', '2017-11-21 20:24:03', '14f07dfc-e69f-4ccd-ad58-7448a2ef190f'),
 ('65', '2', '1', '1', 'en_us', '5', '', '{\"typeId\":null,\"authorId\":null,\"title\":\"Home\",\"slug\":\"homepage\",\"postDate\":1504631882,\"expiryDate\":null,\"enabled\":1,\"parentId\":null,\"fields\":{\"1\":\"<p>It\\u2019s true, this site doesn\\u2019t have a whole lot of content yet, but don\\u2019t worry. Our web developers have just installed the CMS, and they\\u2019re setting things up for the content editors this very moment. Soon Duraedge.web will be an oasis of fresh perspectives, sharp analyses, and astute opinions that will keep you coming back again and again.<\\/p>\",\"41\":[\"48\"],\"43\":{\"new1\":{\"type\":\"details\",\"enabled\":\"1\",\"fields\":{\"nameOf\":\"First Base\",\"description\":\"<p>Pitchers bound<\\/p>\",\"linkTo\":\"pitchers mound\"}}}}}', '2017-11-21 20:24:53', '2017-11-21 20:24:53', '51960efa-7764-46d3-b819-b2fc9577b4ce'),
 ('66', '50', '15', '1', 'en_us', '1', NULL, '{\"typeId\":\"16\",\"authorId\":null,\"title\":\"Field Maintenance\",\"slug\":\"field-maintenance\",\"postDate\":1511804787,\"expiryDate\":null,\"enabled\":1,\"parentId\":null,\"fields\":[]}', '2017-11-27 17:46:28', '2017-11-27 17:46:28', 'e3b07f81-52e6-427a-87a7-598664a933ad'),
 ('67', '2', '1', '1', 'en_us', '6', '', '{\"typeId\":null,\"authorId\":null,\"title\":\"Home\",\"slug\":\"homepage\",\"postDate\":1504631882,\"expiryDate\":null,\"enabled\":1,\"parentId\":null,\"fields\":{\"1\":\"<p>It\\u2019s true, this site doesn\\u2019t have a whole lot of content yet, but don\\u2019t worry. Our web developers have just installed the CMS, and they\\u2019re setting things up for the content editors this very moment. Soon Duraedge.web will be an oasis of fresh perspectives, sharp analyses, and astute opinions that will keep you coming back again and again.<\\/p>\",\"41\":[\"48\"],\"43\":{\"49\":{\"type\":\"details\",\"enabled\":\"1\",\"fields\":{\"nameOf\":\"First Base\",\"description\":\"<p>Pitchers bound<\\/p>\",\"linkTo\":\"pitchers mound\"}}}}}', '2017-11-27 18:16:23', '2017-11-27 18:16:23', 'f57c787f-8ce2-4f36-9e34-a4b82aa5f89c'),
 ('68', '2', '1', '1', 'en_us', '7', '', '{\"typeId\":null,\"authorId\":null,\"title\":\"Home\",\"slug\":\"homepage\",\"postDate\":1504631882,\"expiryDate\":null,\"enabled\":1,\"parentId\":null,\"fields\":{\"1\":\"<p>It\\u2019s true, this site doesn\\u2019t have a whole lot of content yet, but don\\u2019t worry. Our web developers have just installed the CMS, and they\\u2019re setting things up for the content editors this very moment. Soon Duraedge.web will be an oasis of fresh perspectives, sharp analyses, and astute opinions that will keep you coming back again and again.<\\/p>\",\"41\":[\"48\"],\"43\":{\"49\":{\"type\":\"details\",\"enabled\":\"1\",\"fields\":{\"nameOf\":\"First Base\",\"description\":\"<p>Pitchers bound<\\/p>\",\"linkTo\":\"pitchers mound\"}}}}}', '2017-11-27 18:16:38', '2017-11-27 18:16:38', '9c0a1118-dd88-460c-9ae8-835fd0bfc33d'),
 ('69', '57', '18', '1', 'en_us', '1', NULL, '{\"typeId\":\"19\",\"authorId\":null,\"title\":\"Architects\",\"slug\":\"architects\",\"postDate\":1511894996,\"expiryDate\":null,\"enabled\":1,\"parentId\":null,\"fields\":[]}', '2017-11-28 18:49:56', '2017-11-28 18:49:56', '364d7528-b7da-4bde-887d-e6953eb0e8d7'),
 ('70', '58', '20', '1', 'en_us', '1', NULL, '{\"typeId\":\"21\",\"authorId\":null,\"title\":\"Certified Programs\",\"slug\":\"certified-programs\",\"postDate\":1511898090,\"expiryDate\":null,\"enabled\":1,\"parentId\":null,\"fields\":[]}', '2017-11-28 19:41:30', '2017-11-28 19:41:30', '81eb0e6f-bb28-463a-b893-bd55e690336d'),
 ('71', '59', '21', '1', 'en_us', '1', NULL, '{\"typeId\":\"22\",\"authorId\":null,\"title\":\"Become a Certified Installer\",\"slug\":\"become-a-certified-installer\",\"postDate\":1511898103,\"expiryDate\":null,\"enabled\":1,\"parentId\":null,\"fields\":[]}', '2017-11-28 19:41:43', '2017-11-28 19:41:43', 'a10e63d9-0439-49ac-acf8-d420d2cd1962'),
 ('72', '60', '22', '1', 'en_us', '1', NULL, '{\"typeId\":\"23\",\"authorId\":null,\"title\":\"Field Assurance Program\",\"slug\":\"field-assurance-program\",\"postDate\":1511898157,\"expiryDate\":null,\"enabled\":1,\"parentId\":null,\"fields\":[]}', '2017-11-28 19:42:37', '2017-11-28 19:42:37', '8f79007b-41db-4930-a4ec-0486e160dae5'),
 ('73', '58', '20', '1', 'en_us', '2', '', '{\"typeId\":\"21\",\"authorId\":null,\"title\":\"Certification Programs\",\"slug\":\"certified-programs\",\"postDate\":1511898135,\"expiryDate\":null,\"enabled\":1,\"parentId\":null,\"fields\":{\"1\":\"<p>yo<\\/p>\",\"50\":[\"48\"],\"9\":\"Yo\"}}', '2017-11-28 20:07:59', '2017-11-28 20:07:59', 'b711dedf-8290-4607-93f8-af00668c5ed5'),
 ('74', '61', '19', '1', 'en_us', '1', '', '{\"typeId\":null,\"authorId\":\"1\",\"title\":\"Fun event\",\"slug\":\"fun-event\",\"postDate\":1511899898,\"expiryDate\":null,\"enabled\":1,\"parentId\":null,\"fields\":{\"1\":\"<p>test test tets test eteasdjojsdakfj sdlkfjdsflkdsjflksd fksdlhgkdshnsdlkgj sdlkgjsdlkgjs dgsdlkbjsd blksdj glksdjf lksdgdsgdsf<\\/p>\",\"50\":\"\",\"9\":\"This is a fun event\",\"24\":{\"street1\":\"609 S Lincoln St\",\"street2\":\"\",\"city\":\"Kent\",\"state\":\"OH\",\"zip\":\"44240\",\"country\":\"United States\",\"lat\":\"41.1472503\",\"lng\":\"-81.3505555\"}}}', '2017-11-28 20:11:38', '2017-11-28 20:11:38', 'f9248e81-b4ac-481a-bf0a-13c91377e04b'),
 ('75', '57', '18', '1', 'en_us', '2', '', '{\"typeId\":null,\"authorId\":null,\"title\":\"Architects\",\"slug\":\"architects\",\"postDate\":1511894996,\"expiryDate\":null,\"enabled\":1,\"parentId\":null,\"fields\":{\"1\":\"<p>Ipsum<\\/p>\",\"9\":\"Lorem\"}}', '2017-11-30 18:30:31', '2017-11-30 18:30:31', '0d5abdbb-ecb8-42c2-baeb-e18417afaa84'),
 ('76', '61', '19', '1', 'en_us', '2', '', '{\"typeId\":\"20\",\"authorId\":\"1\",\"title\":\"Fun event\",\"slug\":\"fun-event\",\"postDate\":1511899860,\"expiryDate\":null,\"enabled\":1,\"parentId\":null,\"fields\":{\"1\":\"<p>test test tets test eteasdjojsdakfj sdlkfjdsflkdsjflksd fksdlhgkdshnsdlkgj sdlkgjsdlkgjs dgsdlkbjsd blksdj glksdjf lksdgdsgdsf<\\/p>\",\"51\":{\"date\":\"12\\/20\\/2017\"},\"50\":\"\",\"9\":\"This is a fun event\",\"24\":{\"street1\":\"609 S Lincoln St\",\"street2\":\"\",\"city\":\"Kent\",\"state\":\"OH\",\"zip\":\"44240\",\"country\":\"United States\",\"lat\":\"41.14725030\",\"lng\":\"-81.35055550\"}}}', '2017-12-04 17:54:20', '2017-12-04 17:54:20', '99e8d45a-2bd5-434e-a1c6-a05a11ea0b26'),
 ('78', '71', '11', '1', 'en_us', '1', '', '{\"typeId\":null,\"authorId\":\"1\",\"title\":\"Bob Bobson\",\"slug\":\"bob-bobson\",\"postDate\":1512682164,\"expiryDate\":null,\"enabled\":1,\"parentId\":null,\"fields\":{\"54\":[\"69\"],\"33\":\"\",\"28\":\"\",\"30\":\"email@emai.com\",\"31\":\"\",\"32\":\"\"}}', '2017-12-07 21:29:24', '2017-12-07 21:29:24', 'f0ea85ce-a5c2-43f0-8760-b4897a3cf69e'),
 ('79', '71', '11', '1', 'en_us', '2', '', '{\"typeId\":\"12\",\"authorId\":\"1\",\"title\":\"Bob Bobson\",\"slug\":\"bob-bobson\",\"postDate\":1512682140,\"expiryDate\":null,\"enabled\":1,\"parentId\":null,\"fields\":{\"54\":[\"69\"],\"33\":\"\",\"28\":\"email@emai.com\",\"30\":\"911\",\"31\":\"\",\"32\":\"\"}}', '2017-12-07 21:29:30', '2017-12-07 21:29:30', 'f7916bd3-e1d2-42fd-941e-e61e7371403a'),
 ('80', '71', '11', '1', 'en_us', '3', '', '{\"typeId\":\"12\",\"authorId\":\"1\",\"title\":\"Bob Bobson\",\"slug\":\"bob-bobson\",\"postDate\":1512682140,\"expiryDate\":null,\"enabled\":1,\"parentId\":null,\"fields\":{\"54\":[\"69\"],\"33\":\"\",\"28\":\"email@emai.com\",\"30\":\"911\",\"31\":\"\",\"32\":\"\"}}', '2017-12-07 21:29:43', '2017-12-07 21:29:43', 'dbe30a92-ceda-416d-ba12-5777ed803b87'),
 ('81', '2', '1', '1', 'en_us', '8', '', '{\"typeId\":null,\"authorId\":null,\"title\":\"Home\",\"slug\":\"homepage\",\"postDate\":1504631882,\"expiryDate\":null,\"enabled\":1,\"parentId\":null,\"fields\":{\"1\":\"<p>It\\u2019s true, this site doesn\\u2019t have a whole lot of content yet, but don\\u2019t worry. Our web developers have just installed the CMS, and they\\u2019re setting things up for the content editors this very moment. Soon Duraedge.web will be an oasis of fresh perspectives, sharp analyses, and astute opinions that will keep you coming back again and again.<\\/p>\",\"60\":\"CTA\",\"58\":\"Headline\",\"41\":[\"48\"],\"43\":{\"49\":{\"type\":\"details\",\"enabled\":\"1\",\"fields\":{\"nameOf\":\"First Base\",\"description\":\"<p>Pitchers bound<\\/p>\",\"linkTo\":\"pitchers mound\"}}},\"59\":\"Subheadline\"}}', '2017-12-15 21:45:54', '2017-12-15 21:45:54', 'c2cdd684-4081-428b-b193-506326d5270d'),
 ('82', '78', '16', '1', 'en_us', '1', '', '{\"typeId\":null,\"authorId\":\"1\",\"title\":\"Nick is tired\",\"slug\":\"nick-is-tired\",\"postDate\":1516648628,\"expiryDate\":null,\"enabled\":1,\"parentId\":null,\"fields\":{\"48\":\"\",\"65\":{\"new1\":{\"type\":\"text\",\"enabled\":\"1\",\"fields\":{\"text\":\"<p>Nick is very tired today<\\/p>\"}},\"new2\":{\"type\":\"image\",\"enabled\":\"1\",\"fields\":{\"image\":[\"77\"]}},\"new3\":{\"type\":\"pullQuote\",\"enabled\":\"1\",\"fields\":{\"pullQuote\":\"D*mn I\'m tired\",\"pullQuoteAuthor\":\"\"}}},\"50\":\"\",\"61\":\"\",\"38\":\"\",\"49\":\"\"}}', '2018-01-22 19:17:08', '2018-01-22 19:17:08', '5e2bc6e1-2ad5-4600-b86d-80bd76ae7909'),
 ('83', '78', '16', '1', 'en_us', '2', '', '{\"typeId\":\"17\",\"authorId\":\"1\",\"title\":\"Nick is tired\",\"slug\":\"nick-is-tired\",\"postDate\":1516648620,\"expiryDate\":null,\"enabled\":1,\"parentId\":null,\"fields\":{\"48\":\"\",\"65\":{\"79\":{\"type\":\"text\",\"enabled\":\"1\",\"fields\":{\"text\":\"<p>Nick is very tired today<\\/p>\"}},\"80\":{\"type\":\"image\",\"enabled\":\"1\",\"fields\":{\"image\":[\"77\"]}},\"81\":{\"type\":\"pullQuote\",\"enabled\":\"1\",\"fields\":{\"pullQuote\":\"D*mn I\'m tired\",\"pullQuoteAuthor\":\"\"}},\"new1\":{\"type\":\"video\",\"enabled\":\"1\",\"fields\":{\"videoUrl\":\"https:\\/\\/www.youtube.com\\/watch?v=YnaEoCY_vzc\",\"videoCaption\":\"\"}}},\"50\":\"\",\"61\":\"\",\"38\":\"\",\"49\":\"\"}}', '2018-01-22 19:21:49', '2018-01-22 19:21:49', 'd2ee875b-0e61-46ba-86ac-160ccf6dd80b'),
 ('84', '78', '16', '1', 'en_us', '3', '', '{\"typeId\":\"17\",\"authorId\":\"1\",\"title\":\"Nick is tired\",\"slug\":\"nick-is-tired\",\"postDate\":1516648620,\"expiryDate\":null,\"enabled\":1,\"parentId\":null,\"fields\":{\"48\":\"\",\"65\":{\"79\":{\"type\":\"text\",\"enabled\":\"1\",\"fields\":{\"text\":\"<p>Nick is very tired today<\\/p>\"}},\"80\":{\"type\":\"image\",\"enabled\":\"1\",\"fields\":{\"image\":[\"77\"]}},\"81\":{\"type\":\"pullQuote\",\"enabled\":\"1\",\"fields\":{\"pullQuote\":\"D*mn I\'m tired\",\"pullQuoteAuthor\":\"\"}},\"82\":{\"type\":\"video\",\"enabled\":\"1\",\"fields\":{\"videoUrl\":\"https:\\/\\/www.youtube.com\\/watch?v=YnaEoCY_vzc\",\"videoCaption\":\"\"}}},\"50\":\"\",\"61\":\"\",\"38\":\"\",\"49\":\"\"}}', '2018-01-22 19:22:01', '2018-01-22 19:22:01', '0ca783cf-ac7c-424a-b2a9-ec92219a14df'),
 ('85', '2', '1', '1', 'en_us', '9', '', '{\"typeId\":null,\"authorId\":null,\"title\":\"Home\",\"slug\":\"homepage\",\"postDate\":1504631882,\"expiryDate\":null,\"enabled\":1,\"parentId\":null,\"fields\":{\"1\":\"<p>It\\u2019s true, this site doesn\\u2019t have a whole lot of content yet, but don\\u2019t worry. Our web developers have just installed the CMS, and they\\u2019re setting things up for the content editors this very moment. Soon Duraedge.web will be an oasis of fresh perspectives, sharp analyses, and astute opinions that will keep you coming back again and again.<\\/p>\",\"60\":\"CTA\",\"58\":\"Headline\",\"41\":[\"83\"],\"43\":{\"49\":{\"type\":\"details\",\"enabled\":\"1\",\"fields\":{\"nameOf\":\"First Base\",\"description\":\"<p>Pitchers bound<\\/p>\",\"linkTo\":\"pitchers mound\"}}},\"59\":\"Subheadline\"}}', '2018-01-22 20:06:23', '2018-01-22 20:06:23', '3274b256-ebc1-4930-b142-08b1450b5a05'),
 ('86', '36', '12', '1', 'en_us', '5', '', '{\"typeId\":\"13\",\"authorId\":null,\"title\":\"Why DuraEdge\",\"slug\":\"why-duraedge\",\"postDate\":1510593070,\"expiryDate\":null,\"enabled\":1,\"parentId\":null,\"fields\":{\"1\":\"<p>and scrambled it to make a type specimen book. It has survived not only five centuries, but also the leap into electronic typesetting, remaining essentially unchanged. It was popularised in the 1960s with the release of Letraset sheets containing Lorem Ipsum passages, and more recently with desktop publishing software like Aldus PageMaker including versions of Lorem Ips<\\/p>\",\"41\":[\"84\"]}}', '2018-01-22 20:08:59', '2018-01-22 20:08:59', '1a84d1d7-6197-4832-b935-2d5c91dd50d1'),
 ('87', '78', '16', '1', 'en_us', '4', '', '{\"typeId\":\"17\",\"authorId\":\"1\",\"title\":\"Nick is tired\",\"slug\":\"nick-is-tired\",\"postDate\":1516648620,\"expiryDate\":null,\"enabled\":1,\"parentId\":null,\"fields\":{\"48\":\"\",\"65\":{\"79\":{\"type\":\"text\",\"enabled\":\"1\",\"fields\":{\"text\":\"<p>Nick is very tired today<\\/p>\"}},\"80\":{\"type\":\"image\",\"enabled\":\"1\",\"fields\":{\"image\":[\"77\"]}},\"81\":{\"type\":\"pullQuote\",\"enabled\":\"1\",\"fields\":{\"pullQuote\":\"D*mn I\'m tired\",\"pullQuoteAuthor\":\"\"}},\"82\":{\"type\":\"video\",\"enabled\":\"1\",\"fields\":{\"videoUrl\":\"https:\\/\\/www.youtube.com\\/watch?v=YnaEoCY_vzc\",\"videoCaption\":\"\"}}},\"50\":\"\",\"61\":\"\",\"38\":\"\",\"75\":[\"47\"],\"49\":\"\"}}', '2018-01-29 20:15:08', '2018-01-29 20:15:08', 'f8675256-7da8-4ccc-bf04-2b1199f352db'),
 ('88', '88', '3', '1', 'en_us', '1', '', '{\"typeId\":null,\"authorId\":\"1\",\"title\":\"Example Dressing\",\"slug\":\"example-dressing\",\"postDate\":1517257076,\"expiryDate\":null,\"enabled\":1,\"parentId\":null,\"fields\":{\"1\":\"\",\"74\":[{\"col1\":\"55%\",\"col2\":\"99%\",\"col3\":\"18%\",\"col4\":\"21\"}],\"57\":[\"76\"],\"7\":\"\",\"11\":{\"new1\":{\"type\":\"materials\",\"enabled\":\"1\",\"fields\":{\"materialName\":\"Example Spec Sheet\",\"file\":[\"24\"]}}},\"8\":\"\",\"40\":[\"45\"],\"6\":\"\"}}', '2018-01-29 20:17:56', '2018-01-29 20:17:56', '6ac16e2e-29de-4039-9fc5-a6c1599cd01d');



DROP TABLE IF EXISTS `craft_fieldgroups`;


--
-- Schema for table `craft_fieldgroups`
--
CREATE TABLE `craft_fieldgroups` (
  `id` int(11) NOT NULL AUTO_INCREMENT,
  `name` varchar(255) COLLATE utf8_unicode_ci NOT NULL,
  `dateCreated` datetime NOT NULL,
  `dateUpdated` datetime NOT NULL,
  `uid` char(36) COLLATE utf8_unicode_ci NOT NULL DEFAULT '0',
  PRIMARY KEY (`id`),
  UNIQUE KEY `craft_fieldgroups_name_unq_idx` (`name`)
) ENGINE=InnoDB AUTO_INCREMENT=10 DEFAULT CHARSET=utf8 COLLATE=utf8_unicode_ci;

--
-- Data for table `craft_fieldgroups`
--

INSERT INTO `craft_fieldgroups` (`id`, `name`, `dateCreated`, `dateUpdated`, `uid`) VALUES
 ('1', 'Default', '2017-09-05 17:18:02', '2017-09-05 17:18:02', '9e65113b-2a3f-4862-9ba1-3bae64ec0c95'),
 ('2', 'Quiz', '2017-10-23 18:55:22', '2017-11-07 20:40:43', '7923204d-b992-4feb-a897-9c2ce6eff8aa'),
 ('3', 'Contact', '2017-10-24 20:45:19', '2017-10-24 20:45:19', '28f54004-179e-4759-8de2-acc175598fc5'),
 ('4', 'Global', '2017-10-27 19:24:43', '2017-10-27 19:24:43', '7c9c4c9d-2939-4146-a63e-0f905c004193'),
 ('5', 'about-DuraEdge', '2017-11-01 18:05:39', '2017-11-01 18:05:39', 'c9dad244-afed-47f8-ab92-b7d6c0d15725'),
 ('6', 'why-DuraEdge', '2017-11-07 20:33:18', '2017-11-07 20:33:18', 'd1e5e79c-22d1-4e81-bc3e-a6f7f4432665'),
 ('7', 'Maintanence', '2017-11-27 17:42:35', '2017-11-27 17:42:35', '0338f2e1-7703-46c6-b80d-7dccea779fa7'),
 ('8', 'Staff', '2017-12-07 21:25:46', '2017-12-07 21:25:46', 'fff1e63a-3686-468d-80dc-12be73076cfb'),
 ('9', 'FAQ', '2017-12-07 21:37:15', '2017-12-07 21:37:15', 'ff3420b6-2032-4acc-9437-ee840d0bfb72');



DROP TABLE IF EXISTS `craft_fieldlayoutfields`;


--
-- Schema for table `craft_fieldlayoutfields`
--
CREATE TABLE `craft_fieldlayoutfields` (
  `id` int(11) NOT NULL AUTO_INCREMENT,
  `layoutId` int(11) NOT NULL,
  `tabId` int(11) NOT NULL,
  `fieldId` int(11) NOT NULL,
  `required` tinyint(1) unsigned NOT NULL DEFAULT '0',
  `sortOrder` smallint(6) unsigned DEFAULT NULL,
  `dateCreated` datetime NOT NULL,
  `dateUpdated` datetime NOT NULL,
  `uid` char(36) COLLATE utf8_unicode_ci NOT NULL DEFAULT '0',
  PRIMARY KEY (`id`),
  UNIQUE KEY `craft_fieldlayoutfields_layoutId_fieldId_unq_idx` (`layoutId`,`fieldId`),
  KEY `craft_fieldlayoutfields_sortOrder_idx` (`sortOrder`),
  KEY `craft_fieldlayoutfields_tabId_fk` (`tabId`),
  KEY `craft_fieldlayoutfields_fieldId_fk` (`fieldId`)
) ENGINE=InnoDB AUTO_INCREMENT=349 DEFAULT CHARSET=utf8 COLLATE=utf8_unicode_ci;

--
-- Data for table `craft_fieldlayoutfields`
--

INSERT INTO `craft_fieldlayoutfields` (`id`, `layoutId`, `tabId`, `fieldId`, `required`, `sortOrder`, `dateCreated`, `dateUpdated`, `uid`) VALUES
 ('2', '5', '2', '1', '1', '1', '2017-09-05 17:18:02', '2017-09-05 17:18:02', '19484edf-030d-4952-ba34-dfc9291df9b4'),
 ('3', '5', '2', '2', '0', '2', '2017-09-05 17:18:02', '2017-09-05 17:18:02', '5f98d2a2-a9de-4e27-8445-5317611269f4'),
 ('38', '18', '14', '4', '0', '1', '2017-09-08 20:34:03', '2017-09-08 20:34:03', 'c6a9943e-bd82-4c9f-9b7e-5bab13aa0e9a'),
 ('64', '34', '24', '12', '0', '1', '2017-10-24 20:15:45', '2017-10-24 20:15:45', '922ffc2a-0b9f-4288-af4d-dd5cbbdf7631'),
 ('65', '34', '24', '13', '0', '2', '2017-10-24 20:15:45', '2017-10-24 20:15:45', '1cf900e3-b4fc-4074-b142-64a976f78b3b'),
 ('76', '44', '30', '22', '0', '1', '2017-10-27 20:03:02', '2017-10-27 20:03:02', '004dc8b3-9908-4905-9432-e40bc7775331'),
 ('77', '44', '30', '23', '0', '2', '2017-10-27 20:03:02', '2017-10-27 20:03:02', 'b61eb61a-89e7-4c00-947b-41a083996963'),
 ('78', '46', '31', '24', '0', '1', '2017-10-27 20:43:17', '2017-10-27 20:43:17', '1a0c72dc-1023-4d10-b3b3-1285e3e9db33'),
 ('104', '58', '39', '36', '0', '1', '2017-11-07 20:34:50', '2017-11-07 20:34:50', '077666d6-47c4-42b3-b663-c2bff1585882'),
 ('105', '58', '39', '37', '0', '2', '2017-11-07 20:34:50', '2017-11-07 20:34:50', '8e9e455f-a2a3-4c22-960c-7e844e9191f0'),
 ('117', '70', '46', '14', '0', '1', '2017-11-16 23:27:57', '2017-11-16 23:27:57', '6750bd54-cc57-4046-9c9a-8b18b5cf4d0b'),
 ('118', '70', '46', '15', '0', '2', '2017-11-16 23:27:57', '2017-11-16 23:27:57', '8e46b0d9-6f0c-467e-b668-471db911449a'),
 ('119', '70', '46', '24', '0', '3', '2017-11-16 23:27:57', '2017-11-16 23:27:57', '59da4734-d0a3-43be-a67a-91bcab452853'),
 ('140', '79', '52', '41', '0', '1', '2017-11-21 20:11:44', '2017-11-21 20:11:44', 'd94a99af-2731-4934-adc2-c030ac25b4ab'),
 ('141', '79', '52', '9', '0', '2', '2017-11-21 20:11:44', '2017-11-21 20:11:44', '4cdde155-67d0-4310-a8fa-2d8e858d6435'),
 ('142', '79', '52', '10', '0', '3', '2017-11-21 20:11:44', '2017-11-21 20:11:44', 'ed4739c0-0dd9-4077-8080-99aa82ab3bc2'),
 ('143', '79', '52', '1', '0', '4', '2017-11-21 20:11:44', '2017-11-21 20:11:44', '9bc962d9-c340-4bda-8a0f-978a6399acc7'),
 ('144', '80', '53', '41', '0', '1', '2017-11-21 20:11:52', '2017-11-21 20:11:52', '0d74e6cf-4b85-4374-be38-69c4918e042c'),
 ('145', '80', '53', '9', '0', '2', '2017-11-21 20:11:52', '2017-11-21 20:11:52', '1f5082ce-3283-4d47-aae6-d48ed78f123d'),
 ('146', '80', '53', '1', '0', '3', '2017-11-21 20:11:52', '2017-11-21 20:11:52', 'd22a55f9-23ac-4ca1-a9f5-2821d761dfe2'),
 ('147', '80', '53', '11', '0', '4', '2017-11-21 20:11:52', '2017-11-21 20:11:52', 'ba679b65-8f52-48c6-8f45-dbe8faef7828'),
 ('148', '80', '53', '24', '0', '5', '2017-11-21 20:11:52', '2017-11-21 20:11:52', '687a7d64-35bb-47f0-91ad-d9359600754d'),
 ('153', '83', '56', '41', '0', '1', '2017-11-21 20:12:19', '2017-11-21 20:12:19', '0eaa3451-00d5-4964-b4b5-149db7de2711'),
 ('154', '83', '56', '1', '0', '2', '2017-11-21 20:12:19', '2017-11-21 20:12:19', '0aa11aa0-4d93-420a-b6df-2fa94650eea6'),
 ('155', '84', '57', '44', '0', '1', '2017-11-21 20:15:59', '2017-11-21 20:15:59', '043edffe-06b4-49ee-9b46-26960b72a3e0'),
 ('156', '84', '57', '45', '0', '2', '2017-11-21 20:15:59', '2017-11-21 20:15:59', 'bb4c40e0-daec-46ce-b84f-d724a3834820'),
 ('157', '84', '57', '46', '0', '3', '2017-11-21 20:15:59', '2017-11-21 20:15:59', 'd829d14a-f49a-4605-b2bc-f65a6ff0f40a'),
 ('188', '103', '66', '50', '0', '1', '2017-11-28 19:44:11', '2017-11-28 19:44:11', '16fae109-a817-49f7-a34a-e5a4c7f45216'),
 ('189', '103', '66', '9', '0', '2', '2017-11-28 19:44:11', '2017-11-28 19:44:11', 'ea41d8e3-1193-459e-bbbb-39360307a33a'),
 ('190', '103', '66', '1', '0', '3', '2017-11-28 19:44:11', '2017-11-28 19:44:11', '34482ce0-b521-4221-bfe3-31363bb4f9b4'),
 ('191', '104', '67', '50', '0', '1', '2017-11-28 19:44:26', '2017-11-28 19:44:26', '537f1875-259a-462d-9a22-14e7448a5179'),
 ('192', '104', '67', '9', '0', '2', '2017-11-28 19:44:26', '2017-11-28 19:44:26', '40d56fb0-8204-4f44-a31a-79cc6d7683ac'),
 ('193', '104', '67', '1', '0', '3', '2017-11-28 19:44:26', '2017-11-28 19:44:26', 'cf363b09-c2f7-424d-8349-78bf801f5f3c'),
 ('194', '105', '68', '50', '0', '1', '2017-11-28 19:44:35', '2017-11-28 19:44:35', 'd096d991-b1f1-404c-aa97-a93059776594'),
 ('195', '105', '68', '9', '0', '2', '2017-11-28 19:44:35', '2017-11-28 19:44:35', '7ee7f9cd-316f-4eeb-ae88-f15aca68cdc4'),
 ('196', '105', '68', '1', '0', '3', '2017-11-28 19:44:35', '2017-11-28 19:44:35', '0db7a64b-ff4b-4c0d-807e-d95db9f8f85e'),
 ('209', '109', '72', '41', '0', '1', '2017-12-05 18:40:31', '2017-12-05 18:40:31', '81fc13ba-bcb3-49cc-8662-c4cd95b5d744'),
 ('210', '109', '72', '35', '0', '2', '2017-12-05 18:40:31', '2017-12-05 18:40:31', 'ed8d136b-c2ae-489c-963d-de2cb3071151'),
 ('212', '111', '73', '9', '0', '1', '2017-12-06 16:42:41', '2017-12-06 16:42:41', 'f8f9dced-2a8c-4bc8-a166-96c3c1c4f3b1'),
 ('213', '111', '73', '1', '0', '2', '2017-12-06 16:42:41', '2017-12-06 16:42:41', '79109df8-7c51-4805-b6c3-3bd4478ddd18'),
 ('214', '113', '74', '54', '0', '1', '2017-12-07 21:27:16', '2017-12-07 21:27:16', '36bddddf-807f-44b5-9bca-9fe227a77849'),
 ('215', '113', '74', '31', '0', '2', '2017-12-07 21:27:16', '2017-12-07 21:27:16', '69382d04-a763-496d-882b-db424f265b5e'),
 ('216', '113', '74', '32', '0', '3', '2017-12-07 21:27:16', '2017-12-07 21:27:16', '3d772583-4c51-47c4-8489-4458d7a8db94'),
 ('217', '113', '74', '30', '0', '4', '2017-12-07 21:27:16', '2017-12-07 21:27:16', '1b8e44df-7805-4eed-9951-cfbf90116fe3'),
 ('218', '113', '74', '28', '0', '5', '2017-12-07 21:27:16', '2017-12-07 21:27:16', 'c80e8503-8fa1-44f4-90d3-768bcef64d67'),
 ('219', '113', '74', '33', '0', '6', '2017-12-07 21:27:16', '2017-12-07 21:27:16', '0b4257d0-423c-4235-9964-1f376ed49cc0'),
 ('251', '120', '80', '50', '0', '1', '2017-12-15 21:04:35', '2017-12-15 21:04:35', 'a7d13e77-e11e-4769-9ff8-0c1c0b1f2fc0'),
 ('252', '120', '80', '9', '0', '2', '2017-12-15 21:04:35', '2017-12-15 21:04:35', 'aa253b7d-f03d-4c4c-a2af-9c23cbfb7803'),
 ('253', '120', '80', '1', '0', '3', '2017-12-15 21:04:35', '2017-12-15 21:04:35', '58027475-41a2-449b-a1f9-4cd5c9418262'),
 ('254', '120', '80', '24', '0', '4', '2017-12-15 21:04:35', '2017-12-15 21:04:35', '05ed380d-55ea-4fce-b1e7-348336b94055'),
 ('255', '120', '80', '51', '0', '5', '2017-12-15 21:04:35', '2017-12-15 21:04:35', '7eb97864-745c-423c-a95f-a9f739dab988'),
 ('256', '120', '80', '61', '0', '6', '2017-12-15 21:04:35', '2017-12-15 21:04:35', '8932cc1d-6812-4a0f-b3bd-da8b542ef72c'),
 ('262', '122', '82', '41', '0', '1', '2017-12-15 21:16:39', '2017-12-15 21:16:39', '52b5d83f-191c-4a5d-b85b-1034507d5d18'),
 ('263', '122', '82', '58', '0', '2', '2017-12-15 21:16:39', '2017-12-15 21:16:39', '4e183fc7-3311-45f2-b92a-a6c15437ad84'),
 ('264', '122', '82', '59', '0', '3', '2017-12-15 21:16:39', '2017-12-15 21:16:39', 'd1f4992f-285f-476a-9030-a81cd14257f6'),
 ('265', '122', '82', '60', '0', '4', '2017-12-15 21:16:39', '2017-12-15 21:16:39', '45581d41-0634-4456-9c20-f9411bfc8336'),
 ('266', '122', '82', '1', '1', '5', '2017-12-15 21:16:39', '2017-12-15 21:16:39', '8a0f6f76-ed6d-493a-b960-5bff60e57449'),
 ('267', '122', '82', '43', '0', '6', '2017-12-15 21:16:39', '2017-12-15 21:16:39', 'e72e4f13-ebf0-467d-b4db-2a44ba03ccde'),
 ('272', '124', '84', '41', '0', '1', '2017-12-15 21:24:03', '2017-12-15 21:24:03', 'e0592159-fe0e-47b8-b8d7-1605c4d125be'),
 ('273', '124', '84', '62', '0', '2', '2017-12-15 21:24:03', '2017-12-15 21:24:03', '1eb14892-153f-439c-9b60-a0719a7af812'),
 ('274', '124', '84', '14', '0', '3', '2017-12-15 21:24:03', '2017-12-15 21:24:03', '47db4655-b240-4743-9251-5408ad29887c'),
 ('275', '124', '84', '15', '0', '4', '2017-12-15 21:24:03', '2017-12-15 21:24:03', 'ecba11dd-a552-4d22-a3fe-b1de4c51b455'),
 ('276', '124', '84', '24', '0', '5', '2017-12-15 21:24:03', '2017-12-15 21:24:03', '8d2f8995-acc7-4cc9-a9d3-28e6d7a71e3d'),
 ('277', '125', '85', '1', '0', '1', '2017-12-15 21:24:52', '2017-12-15 21:24:52', '1a6d3106-64fd-480c-b132-5f7678cb98ac'),
 ('278', '125', '85', '38', '0', '2', '2017-12-15 21:24:52', '2017-12-15 21:24:52', 'ac9959f1-8714-46fe-a078-89e695f79dd8'),
 ('279', '125', '85', '48', '0', '3', '2017-12-15 21:24:52', '2017-12-15 21:24:52', '92fcf7ee-49b2-4a8d-8716-322a26a017bd'),
 ('280', '125', '85', '49', '0', '4', '2017-12-15 21:24:52', '2017-12-15 21:24:52', '36645ce2-4cd6-4a18-b909-926bf3d4e356'),
 ('281', '125', '85', '50', '0', '5', '2017-12-15 21:24:52', '2017-12-15 21:24:52', 'b4b97f78-1319-4c70-9ee9-9e4d37f30bf5'),
 ('282', '125', '85', '61', '0', '6', '2017-12-15 21:24:52', '2017-12-15 21:24:52', 'eea1c75c-1f23-4b89-a2dc-930654ad44fc'),
 ('283', '126', '86', '48', '0', '1', '2017-12-15 21:25:03', '2017-12-15 21:25:03', '23621a86-a68c-414e-bfc9-ed6386d3960d'),
 ('284', '126', '86', '1', '0', '2', '2017-12-15 21:25:03', '2017-12-15 21:25:03', '7daa9c7d-ea78-4f7f-8d5f-beb2f6047cc5'),
 ('285', '126', '86', '50', '0', '3', '2017-12-15 21:25:03', '2017-12-15 21:25:03', 'abe2a625-5602-4551-8e34-8c38f9b85f2d'),
 ('286', '126', '86', '49', '0', '4', '2017-12-15 21:25:03', '2017-12-15 21:25:03', '06947704-5d22-4f98-adfb-c28a044af6c5'),
 ('287', '126', '86', '61', '0', '5', '2017-12-15 21:25:03', '2017-12-15 21:25:03', 'b9702c76-2025-4e57-b090-1c79bac4b06c'),
 ('288', '127', '87', '41', '0', '1', '2017-12-15 21:32:19', '2017-12-15 21:32:19', '8a422ae0-c776-409f-a62a-a5e725c5d77a'),
 ('289', '127', '87', '1', '0', '2', '2017-12-15 21:32:19', '2017-12-15 21:32:19', '8143a053-d581-4407-92d7-165d6e5b4e2e'),
 ('290', '128', '88', '19', '0', '1', '2018-01-17 18:28:01', '2018-01-17 18:28:01', 'e991fe79-e83a-49b9-bee1-769845e47185'),
 ('291', '128', '88', '17', '0', '2', '2018-01-17 18:28:01', '2018-01-17 18:28:01', '4c162405-f0fe-4056-8149-ee28f7a6199a'),
 ('292', '128', '88', '63', '0', '3', '2018-01-17 18:28:01', '2018-01-17 18:28:01', 'cce28679-aee0-4329-857b-214d0f2820d9'),
 ('293', '128', '88', '25', '0', '4', '2018-01-17 18:28:01', '2018-01-17 18:28:01', '768ecbc5-d08f-42b5-997d-c83c6e9885f4'),
 ('294', '128', '88', '27', '0', '5', '2018-01-17 18:28:01', '2018-01-17 18:28:01', '1abcf5d8-f31f-49bc-b7bf-6bcf53752331'),
 ('295', '128', '88', '26', '0', '6', '2018-01-17 18:28:01', '2018-01-17 18:28:01', '0392d790-0aff-440c-aec2-774c630e992e'),
 ('296', '128', '88', '18', '0', '7', '2018-01-17 18:28:01', '2018-01-17 18:28:01', '1056befd-7479-4154-9a0b-66babf386c7e'),
 ('297', '128', '88', '21', '0', '8', '2018-01-17 18:28:01', '2018-01-17 18:28:01', 'ae206f72-8354-44c0-add2-8ef6b106911f'),
 ('298', '128', '88', '20', '0', '9', '2018-01-17 18:28:01', '2018-01-17 18:28:01', 'c407e134-5b6b-4907-8ce7-023ed83c98d8'),
 ('299', '128', '88', '39', '0', '10', '2018-01-17 18:28:01', '2018-01-17 18:28:01', '1e3f67ee-42e4-488b-ac96-7088007dcc79'),
 ('300', '128', '88', '56', '0', '11', '2018-01-17 18:28:01', '2018-01-17 18:28:01', 'd49bdb44-951c-4c41-ac8a-9ed5f55fb640'),
 ('301', '129', '89', '64', '0', '1', '2018-01-19 19:26:49', '2018-01-19 19:26:49', '84178ac2-9213-40a5-9c51-ceeba34a6c45'),
 ('302', '129', '89', '19', '0', '2', '2018-01-19 19:26:49', '2018-01-19 19:26:49', '04164af8-dcdd-4eda-b16f-c6eab3687209'),
 ('303', '129', '89', '18', '0', '3', '2018-01-19 19:26:49', '2018-01-19 19:26:49', 'ea271d08-9afd-4e9b-b5ea-76623af19977'),
 ('304', '129', '89', '55', '0', '4', '2018-01-19 19:26:49', '2018-01-19 19:26:49', 'b1e873f7-f45d-4fb5-9780-9098c895419d'),
 ('305', '130', '90', '66', '0', '1', '2018-01-22 19:12:19', '2018-01-22 19:12:19', '28e5333c-6aed-419d-9f93-344f25146bd9'),
 ('306', '131', '91', '67', '0', '1', '2018-01-22 19:12:19', '2018-01-22 19:12:19', '25132d11-8d12-4148-bc72-2a4735a62a84'),
 ('307', '132', '92', '68', '0', '1', '2018-01-22 19:12:20', '2018-01-22 19:12:20', '3723552a-6c00-4fcb-9b3a-05f91d1beff5'),
 ('308', '132', '92', '69', '0', '2', '2018-01-22 19:12:20', '2018-01-22 19:12:20', '484fec80-d5fc-4dda-84fb-a6c9dcee261a'),
 ('309', '133', '93', '70', '0', '1', '2018-01-22 19:12:20', '2018-01-22 19:12:20', '74121b7b-edae-4c16-b338-cb2d35789751'),
 ('310', '133', '93', '71', '0', '2', '2018-01-22 19:12:20', '2018-01-22 19:12:20', 'b616fd4f-2e26-4b60-9813-42dd895b4ac8'),
 ('317', '135', '95', '1', '0', '1', '2018-01-22 22:06:36', '2018-01-22 22:06:36', '28316576-d56f-47ef-9a42-55b639d6de06'),
 ('318', '136', '96', '72', '0', '1', '2018-01-24 16:05:22', '2018-01-24 16:05:22', '428dd273-e555-4333-9413-b0589dc73f2f'),
 ('319', '136', '96', '73', '0', '2', '2018-01-24 16:05:22', '2018-01-24 16:05:22', '9af0ee28-868b-43b0-8741-ce27760accad');
INSERT INTO `craft_fieldlayoutfields` (`id`, `layoutId`, `tabId`, `fieldId`, `required`, `sortOrder`, `dateCreated`, `dateUpdated`, `uid`) VALUES
 ('327', '138', '98', '11', '0', '1', '2018-01-24 19:31:41', '2018-01-24 19:31:41', 'ba204270-c20a-4614-a60a-5be1753b0ea2'),
 ('328', '138', '98', '74', '0', '2', '2018-01-24 19:31:41', '2018-01-24 19:31:41', 'f6ee07cb-2a16-4d0c-b433-0592b7eefb0a'),
 ('329', '138', '98', '6', '0', '3', '2018-01-24 19:31:41', '2018-01-24 19:31:41', '846ddaff-8f70-419d-bcc2-1d5818be622c'),
 ('330', '138', '98', '7', '0', '4', '2018-01-24 19:31:41', '2018-01-24 19:31:41', '76e47b3d-d929-4e86-a4f5-4351a82069ce'),
 ('331', '138', '98', '8', '0', '5', '2018-01-24 19:31:41', '2018-01-24 19:31:41', '3441869e-d0d8-485e-b66d-3800449ba72d'),
 ('332', '138', '98', '40', '0', '6', '2018-01-24 19:31:41', '2018-01-24 19:31:41', '0ea0fbbc-a2c0-4888-ab7b-b01eda0193b3'),
 ('333', '138', '98', '1', '0', '7', '2018-01-24 19:31:41', '2018-01-24 19:31:41', '67d0842c-25fa-4f12-a3b7-4f1fcb2f4784'),
 ('334', '138', '98', '57', '0', '8', '2018-01-24 19:31:41', '2018-01-24 19:31:41', '6815b73d-d69b-4502-a1f6-8cf7f5d6eb0d'),
 ('342', '140', '100', '50', '0', '1', '2018-01-24 19:38:14', '2018-01-24 19:38:14', 'e74e2010-3d2c-4ba0-b1b1-627bbf9adf27'),
 ('343', '140', '100', '65', '0', '2', '2018-01-24 19:38:14', '2018-01-24 19:38:14', '78907bc5-8354-4260-b8a7-c56427f615b2'),
 ('344', '140', '100', '38', '0', '3', '2018-01-24 19:38:14', '2018-01-24 19:38:14', '4b9ef21c-6fcc-4217-8d72-f3edf025a177'),
 ('345', '140', '100', '48', '0', '4', '2018-01-24 19:38:14', '2018-01-24 19:38:14', '0cff551a-e535-4502-9050-e5ef7199caa8'),
 ('346', '140', '100', '49', '0', '5', '2018-01-24 19:38:14', '2018-01-24 19:38:14', '8bd161b4-9d13-42e3-b61d-e7dd0b68679a'),
 ('347', '140', '100', '75', '0', '6', '2018-01-24 19:38:14', '2018-01-24 19:38:14', '268dd8ad-6f04-4e11-ada6-fe89457531de'),
 ('348', '140', '100', '61', '0', '7', '2018-01-24 19:38:14', '2018-01-24 19:38:14', 'd63b566c-fd32-4bf4-b228-a02b46a2b429');



DROP TABLE IF EXISTS `craft_fieldlayouts`;


--
-- Schema for table `craft_fieldlayouts`
--
CREATE TABLE `craft_fieldlayouts` (
  `id` int(11) NOT NULL AUTO_INCREMENT,
  `type` varchar(150) COLLATE utf8_unicode_ci NOT NULL,
  `dateCreated` datetime NOT NULL,
  `dateUpdated` datetime NOT NULL,
  `uid` char(36) COLLATE utf8_unicode_ci NOT NULL DEFAULT '0',
  PRIMARY KEY (`id`),
  KEY `craft_fieldlayouts_type_idx` (`type`)
) ENGINE=InnoDB AUTO_INCREMENT=141 DEFAULT CHARSET=utf8 COLLATE=utf8_unicode_ci;

--
-- Data for table `craft_fieldlayouts`
--

INSERT INTO `craft_fieldlayouts` (`id`, `type`, `dateCreated`, `dateUpdated`, `uid`) VALUES
 ('1', 'Tag', '2017-09-05 17:18:02', '2017-09-05 17:18:02', 'a8372830-8c0c-41be-a8fe-60af1a9beedc'),
 ('5', 'Entry', '2017-09-05 17:18:02', '2017-09-05 17:18:02', 'd23d3b41-6aef-4b34-adb5-c31c90e51482'),
 ('18', 'Category', '2017-09-08 20:34:03', '2017-09-08 20:34:03', 'ee221a3e-fde0-42c8-9104-5056777ea825'),
 ('20', 'Category', '2017-09-08 20:38:41', '2017-09-08 20:38:41', '445400a5-9e8f-4edc-97c1-9c6559895380'),
 ('22', 'Category', '2017-09-14 19:24:09', '2017-09-14 19:24:09', '15977db9-bc74-46a5-b9fd-15c323ea88b3'),
 ('34', 'MatrixBlock', '2017-10-24 20:15:45', '2017-10-24 20:15:45', '5ea42b57-b3bc-4fac-9ce2-620e4fb449c6'),
 ('44', 'MatrixBlock', '2017-10-27 20:03:02', '2017-10-27 20:03:02', 'e4248796-cfde-4aef-aa69-4bc516b7c233'),
 ('46', 'Entry', '2017-10-27 20:43:17', '2017-10-27 20:43:17', 'c14232d9-cb14-4a1a-aa39-cbc968612702'),
 ('51', 'Category', '2017-11-01 18:06:36', '2017-11-01 18:06:36', 'a641bf9f-0328-467e-bd7b-f8bf32f96bb9'),
 ('58', 'MatrixBlock', '2017-11-07 20:34:50', '2017-11-07 20:34:50', '77042bd7-265c-4313-a92e-bd350a398eb4'),
 ('67', 'Entry', '2017-11-13 17:25:18', '2017-11-13 17:25:18', 'dbfd0186-b273-4d96-9fad-76b0d41a5b87'),
 ('68', 'Category', '2017-11-14 18:45:55', '2017-11-14 18:45:55', '559eaa5c-61e2-496e-8cec-4c08dd361575'),
 ('70', 'Entry', '2017-11-16 23:27:57', '2017-11-16 23:27:57', '84cb963e-0624-4523-9ab7-e9edd948d943'),
 ('77', 'Asset', '2017-11-21 20:04:40', '2017-11-21 20:04:40', 'c02647b6-fe8c-4530-9559-2afc47bb8e12'),
 ('78', 'Asset', '2017-11-21 20:04:58', '2017-11-21 20:04:58', 'e5fe334f-7b2b-4515-848f-b7758dc75dc6'),
 ('79', 'Entry', '2017-11-21 20:11:44', '2017-11-21 20:11:44', '09972baf-77ab-4ed5-afd8-e7ac7f611e36'),
 ('80', 'Entry', '2017-11-21 20:11:52', '2017-11-21 20:11:52', 'f1dfaa15-58c7-49ef-b7a0-4e5bde82e20f'),
 ('83', 'Entry', '2017-11-21 20:12:19', '2017-11-21 20:12:19', 'a7158aa2-604b-477f-8f54-33b8e6a38125'),
 ('84', 'MatrixBlock', '2017-11-21 20:15:59', '2017-11-21 20:15:59', 'f0fc6bfa-2378-4651-8838-c0bc9ad877ac'),
 ('87', 'Entry', '2017-11-27 17:46:27', '2017-11-27 17:46:27', '7a354d01-c084-4278-aa1e-c2c05b759ca5'),
 ('88', 'Category', '2017-11-27 19:36:52', '2017-11-27 19:36:52', '9c1f2266-bb1e-4641-9c2a-deee47fcc047'),
 ('89', 'Category', '2017-11-27 19:36:57', '2017-11-27 19:36:57', '0a3c35a6-9289-46f9-8f9c-43a0eb1c78af'),
 ('103', 'Entry', '2017-11-28 19:44:11', '2017-11-28 19:44:11', 'b5268e16-5386-4ce7-8845-4cd4ca8b8060'),
 ('104', 'Entry', '2017-11-28 19:44:26', '2017-11-28 19:44:26', '6bf50e5e-a876-4ef5-8af4-694001f74296'),
 ('105', 'Entry', '2017-11-28 19:44:35', '2017-11-28 19:44:35', '44a9553c-6cd2-4c20-8385-1fe4a0140f96'),
 ('109', 'Entry', '2017-12-05 18:40:31', '2017-12-05 18:40:31', 'c020cff2-aaed-459c-a467-904b90ca27cc'),
 ('110', 'Category', '2017-12-05 18:57:48', '2017-12-05 18:57:48', '3f1d20f2-51cb-4125-b5ff-4a719337e2c8'),
 ('111', 'Entry', '2017-12-06 16:42:41', '2017-12-06 16:42:41', 'aeedcde6-3264-46a7-9f60-07f35a68c4be'),
 ('113', 'Entry', '2017-12-07 21:27:16', '2017-12-07 21:27:16', '517f99ab-1839-443a-b724-bac29f5e8269'),
 ('114', 'Category', '2017-12-07 21:30:46', '2017-12-07 21:30:46', '0f701364-6dec-4f2b-9802-8bf7c1fc79a4'),
 ('120', 'Entry', '2017-12-15 21:04:35', '2017-12-15 21:04:35', '7e730d5a-a17c-40ae-bed1-2e3eba16260b'),
 ('122', 'Entry', '2017-12-15 21:16:39', '2017-12-15 21:16:39', '2029f557-b16a-49cc-948c-f2176069257b'),
 ('124', 'Entry', '2017-12-15 21:24:03', '2017-12-15 21:24:03', 'db8ed340-cceb-4d28-b304-bf844c16ef12'),
 ('125', 'Entry', '2017-12-15 21:24:52', '2017-12-15 21:24:52', '2ebfd67f-d983-4dae-8870-195fa5097985'),
 ('126', 'Entry', '2017-12-15 21:25:03', '2017-12-15 21:25:03', '0a99d0ae-6d2b-4d1c-aa18-4a1beec10e9a'),
 ('127', 'Entry', '2017-12-15 21:32:19', '2017-12-15 21:32:19', 'fc8a3730-2822-4918-bd49-4a34d4798f68'),
 ('128', 'GlobalSet', '2018-01-17 18:28:01', '2018-01-17 18:28:01', '8bf8a71a-9721-4b67-90eb-c4fdd58f6f45'),
 ('129', 'GlobalSet', '2018-01-19 19:26:49', '2018-01-19 19:26:49', '51f546b7-9efb-4321-9116-163b2f318e47'),
 ('130', 'MatrixBlock', '2018-01-22 19:12:19', '2018-01-22 19:12:19', '40231512-c95a-4db2-a279-14c092ca39f2'),
 ('131', 'MatrixBlock', '2018-01-22 19:12:19', '2018-01-22 19:12:19', 'ce87d9d9-8c47-4f70-8f8f-f28e8d5ec9e4'),
 ('132', 'MatrixBlock', '2018-01-22 19:12:20', '2018-01-22 19:12:20', '25299bbd-9a3a-418f-898e-d02de52490c6'),
 ('133', 'MatrixBlock', '2018-01-22 19:12:20', '2018-01-22 19:12:20', 'da635059-7f95-4985-9181-db6aec11f1f5'),
 ('135', 'Category', '2018-01-22 22:06:36', '2018-01-22 22:06:36', 'f798476a-cb31-4316-8721-32b393a9fec7'),
 ('136', 'MatrixBlock', '2018-01-24 16:05:22', '2018-01-24 16:05:22', '47ddf48a-0ee8-4d4f-9551-722769bcedc2'),
 ('138', 'Entry', '2018-01-24 19:31:41', '2018-01-24 19:31:41', '1a93b892-a74f-4df7-a825-590162317187'),
 ('140', 'Entry', '2018-01-24 19:38:14', '2018-01-24 19:38:14', '014a6ad7-6ceb-40b7-87f1-70c6624db401');



DROP TABLE IF EXISTS `craft_fieldlayouttabs`;


--
-- Schema for table `craft_fieldlayouttabs`
--
CREATE TABLE `craft_fieldlayouttabs` (
  `id` int(11) NOT NULL AUTO_INCREMENT,
  `layoutId` int(11) NOT NULL,
  `name` varchar(255) COLLATE utf8_unicode_ci NOT NULL,
  `sortOrder` smallint(6) unsigned DEFAULT NULL,
  `dateCreated` datetime NOT NULL,
  `dateUpdated` datetime NOT NULL,
  `uid` char(36) COLLATE utf8_unicode_ci NOT NULL DEFAULT '0',
  PRIMARY KEY (`id`),
  KEY `craft_fieldlayouttabs_sortOrder_idx` (`sortOrder`),
  KEY `craft_fieldlayouttabs_layoutId_fk` (`layoutId`)
) ENGINE=InnoDB AUTO_INCREMENT=101 DEFAULT CHARSET=utf8 COLLATE=utf8_unicode_ci;

--
-- Data for table `craft_fieldlayouttabs`
--

INSERT INTO `craft_fieldlayouttabs` (`id`, `layoutId`, `name`, `sortOrder`, `dateCreated`, `dateUpdated`, `uid`) VALUES
 ('2', '5', 'Content', '1', '2017-09-05 17:18:02', '2017-09-05 17:18:02', '291ee137-70c1-45b9-885e-8b01f0199927'),
 ('14', '18', 'Tab 1', '1', '2017-09-08 20:34:03', '2017-09-08 20:34:03', '381e388b-416e-4af3-8f26-1aeb59efde58'),
 ('24', '34', 'Content', '1', '2017-10-24 20:15:45', '2017-10-24 20:15:45', '26a2b691-22e8-4757-a04a-7f0e67afc55d'),
 ('30', '44', 'Content', '1', '2017-10-27 20:03:02', '2017-10-27 20:03:02', '5db00ac0-a164-4a64-a00a-5bffd8ccafce'),
 ('31', '46', 'Tab 1', '1', '2017-10-27 20:43:17', '2017-10-27 20:43:17', 'a30b9f24-5140-4a6e-a1b6-39694e24bfcd'),
 ('39', '58', 'Content', '1', '2017-11-07 20:34:50', '2017-11-07 20:34:50', '49271862-e591-453e-b45a-3bd9b9aeb3ee'),
 ('46', '70', 'Tab 1', '1', '2017-11-16 23:27:57', '2017-11-16 23:27:57', '03bfb45a-0122-41e9-9c60-d4ee8bdbfd9b'),
 ('52', '79', 'Tab 1', '1', '2017-11-21 20:11:44', '2017-11-21 20:11:44', 'b7b7944a-822b-468e-bf5a-dc3524dfed11'),
 ('53', '80', 'Tab 1', '1', '2017-11-21 20:11:52', '2017-11-21 20:11:52', 'ae7f6b11-7383-43f9-b77d-d71e849ac25b'),
 ('56', '83', 'Tab 1', '1', '2017-11-21 20:12:19', '2017-11-21 20:12:19', '604e9853-defd-45b7-ab30-9a0aedba7987'),
 ('57', '84', 'Content', '1', '2017-11-21 20:15:59', '2017-11-21 20:15:59', '4fe4b99a-9a31-4909-911b-c4f471cf92f8'),
 ('66', '103', 'Tab 1', '1', '2017-11-28 19:44:11', '2017-11-28 19:44:11', 'b217f7a8-c7b3-4ec3-ac1e-ab75da0bbeac'),
 ('67', '104', 'Tab 1', '1', '2017-11-28 19:44:26', '2017-11-28 19:44:26', 'b154d6b7-074d-403b-8eda-782fd6af79b2'),
 ('68', '105', 'Tab 1', '1', '2017-11-28 19:44:35', '2017-11-28 19:44:35', '0a83b97c-1427-42b0-97f6-efe0f0117b8c'),
 ('72', '109', 'Tab 1', '1', '2017-12-05 18:40:31', '2017-12-05 18:40:31', '6e267721-8cd1-4012-b950-59bba151893c'),
 ('73', '111', 'Tab 1', '1', '2017-12-06 16:42:41', '2017-12-06 16:42:41', '98921474-3849-435a-8bcc-967720d0fc34'),
 ('74', '113', 'Tab 1', '1', '2017-12-07 21:27:16', '2017-12-07 21:27:16', 'bb7d4b8c-fd7b-4c10-8f02-189c8f0ddd6e'),
 ('80', '120', 'Tab 1', '1', '2017-12-15 21:04:35', '2017-12-15 21:04:35', 'd8b96a46-3000-4322-9e52-746e82c038ed'),
 ('82', '122', 'Content', '1', '2017-12-15 21:16:39', '2017-12-15 21:16:39', '85c48a07-68a4-48a4-9d9d-b3bd52d78a2f'),
 ('84', '124', 'Tab 1', '1', '2017-12-15 21:24:03', '2017-12-15 21:24:03', 'be73bac3-3a2a-4829-90a4-6c1cd8fb738c'),
 ('85', '125', 'Tab 1', '1', '2017-12-15 21:24:52', '2017-12-15 21:24:52', 'b0f188e5-d3f4-44cb-a73c-e29042908679'),
 ('86', '126', 'Tab 1', '1', '2017-12-15 21:25:03', '2017-12-15 21:25:03', '32c040cb-fdea-43f0-8903-de92fb5b1398'),
 ('87', '127', 'Tab 1', '1', '2017-12-15 21:32:19', '2017-12-15 21:32:19', '0cb941d0-a66a-4123-b054-694e69d94663'),
 ('88', '128', 'Content', '1', '2018-01-17 18:28:01', '2018-01-17 18:28:01', '380d253f-4c45-42d7-b120-2a9165f0f708'),
 ('89', '129', 'Content', '1', '2018-01-19 19:26:49', '2018-01-19 19:26:49', '074f6192-ea4f-47a1-b6fc-6f8f655be20c'),
 ('90', '130', 'Content', '1', '2018-01-22 19:12:19', '2018-01-22 19:12:19', 'f23787ce-dbbb-4701-80ef-0e3957e939c6'),
 ('91', '131', 'Content', '1', '2018-01-22 19:12:19', '2018-01-22 19:12:19', '669f1e20-8019-42fd-ad6d-8702fa7443e2'),
 ('92', '132', 'Content', '1', '2018-01-22 19:12:20', '2018-01-22 19:12:20', '5d1655ed-6013-4d7f-a568-3552f62159e3'),
 ('93', '133', 'Content', '1', '2018-01-22 19:12:20', '2018-01-22 19:12:20', '0c06167d-cb1a-4e9c-9425-266eedcf2fff'),
 ('95', '135', 'Tab 1', '1', '2018-01-22 22:06:36', '2018-01-22 22:06:36', '61288479-465a-4306-8c99-024266878ded'),
 ('96', '136', 'Content', '1', '2018-01-24 16:05:22', '2018-01-24 16:05:22', '02362869-1736-4992-b806-520661423e04'),
 ('98', '138', 'Tab 1', '1', '2018-01-24 19:31:41', '2018-01-24 19:31:41', 'ea99ca37-66a5-4476-b6b5-608344e92866'),
 ('100', '140', 'Tab 1', '1', '2018-01-24 19:38:14', '2018-01-24 19:38:14', 'e8a656fe-087b-468f-95cf-4ef694c0a60f');



DROP TABLE IF EXISTS `craft_fields`;


--
-- Schema for table `craft_fields`
--
CREATE TABLE `craft_fields` (
  `id` int(11) NOT NULL AUTO_INCREMENT,
  `groupId` int(11) DEFAULT NULL,
  `name` varchar(255) COLLATE utf8_unicode_ci NOT NULL,
  `handle` varchar(58) COLLATE utf8_unicode_ci NOT NULL,
  `context` varchar(255) COLLATE utf8_unicode_ci NOT NULL DEFAULT 'global',
  `instructions` text COLLATE utf8_unicode_ci,
  `translatable` tinyint(1) unsigned NOT NULL DEFAULT '0',
  `type` varchar(150) COLLATE utf8_unicode_ci NOT NULL,
  `settings` text COLLATE utf8_unicode_ci,
  `dateCreated` datetime NOT NULL,
  `dateUpdated` datetime NOT NULL,
  `uid` char(36) COLLATE utf8_unicode_ci NOT NULL DEFAULT '0',
  PRIMARY KEY (`id`),
  UNIQUE KEY `craft_fields_handle_context_unq_idx` (`handle`,`context`),
  KEY `craft_fields_context_idx` (`context`),
  KEY `craft_fields_groupId_fk` (`groupId`)
) ENGINE=InnoDB AUTO_INCREMENT=77 DEFAULT CHARSET=utf8 COLLATE=utf8_unicode_ci;

--
-- Data for table `craft_fields`
--

INSERT INTO `craft_fields` (`id`, `groupId`, `name`, `handle`, `context`, `instructions`, `translatable`, `type`, `settings`, `dateCreated`, `dateUpdated`, `uid`) VALUES
 ('1', '4', 'Body', 'body', 'global', '', '0', 'RichText', '{\"configFile\":\"Standard.json\",\"availableAssetSources\":\"*\",\"availableTransforms\":\"*\",\"cleanupHtml\":\"1\",\"purifyHtml\":\"1\",\"purifierConfig\":\"\",\"columnType\":\"text\"}', '2017-09-05 17:18:02', '2017-12-07 21:38:11', '172aef63-d26e-49ea-9324-767d922d2616'),
 ('2', '1', 'Tags', 'tags', 'global', NULL, '0', 'Tags', '{\"source\":\"taggroup:1\"}', '2017-09-05 17:18:02', '2017-09-05 17:18:02', '868a2a07-fbf7-4bf2-b0d1-83d4afe024e1'),
 ('3', '2', 'Maintenance Level', 'maintenanceLevel', 'global', '', '0', 'RadioButtons', '{\"options\":[{\"label\":\"Volunteer\",\"value\":\"volunteer\",\"default\":\"\"},{\"label\":\"Limited\",\"value\":\"limited\",\"default\":\"\"},{\"label\":\"Regular\",\"value\":\"regular\",\"default\":\"\"}]}', '2017-09-05 17:19:45', '2017-10-23 19:10:22', '43c05893-8371-481f-93a8-76369e2e6ed1'),
 ('4', '2', 'Water Access', 'waterAccess', 'global', '', '0', 'Lightswitch', '{\"default\":\"\"}', '2017-09-05 17:21:13', '2017-10-23 19:12:45', '5e7aeb53-87ef-4461-a24b-6adc6d586eb8'),
 ('5', '2', 'Level', 'profLevel', 'global', '', '0', 'RadioButtons', '{\"options\":[{\"label\":\"Recreational\",\"value\":\"recreational\",\"default\":\"\"},{\"label\":\"Intermediate\",\"value\":\"intermediate\",\"default\":\"\"},{\"label\":\"Professional\",\"value\":\"professional\",\"default\":\"\"}]}', '2017-09-05 17:26:12', '2017-10-23 19:09:44', '4e566eed-fc93-4f4b-a1df-68e293b1c7f3'),
 ('6', '2', 'Water Access Category', 'waterAccessCategory', 'global', '', '0', 'Categories', '{\"source\":\"group:2\",\"limit\":\"\",\"selectionLabel\":\"\"}', '2017-09-08 20:35:54', '2017-10-23 19:13:00', 'e11eb9a5-1086-4047-a336-061ce8ede353'),
 ('7', '2', 'Maintenance Level Category', 'maintenanceLevelCategory', 'global', '', '0', 'Categories', '{\"source\":\"group:3\",\"limit\":\"\",\"selectionLabel\":\"\"}', '2017-09-08 20:39:45', '2017-10-23 19:12:11', 'f6198b43-3566-4e9a-8ab9-712ab32d0f3a'),
 ('8', '2', 'New or Existing', 'newOrExisting', 'global', '', '0', 'Categories', '{\"source\":\"group:4\",\"limit\":\"\",\"selectionLabel\":\"\"}', '2017-09-14 19:28:01', '2017-10-23 19:12:30', '5f331b49-1747-44df-b6d3-aaef2300d1fb'),
 ('9', '4', 'Header', 'header', 'global', '', '0', 'PlainText', '{\"placeholder\":\"\",\"maxLength\":\"\",\"multiline\":\"\",\"initialRows\":\"4\"}', '2017-10-23 19:14:48', '2017-12-07 21:38:26', '051effc0-3ec6-4a51-a736-3fb7a643d928'),
 ('10', '1', 'DuraEdge Advantage', 'duraedgeadvantage', 'global', '', '0', 'PlainText', '{\"placeholder\":\"\",\"maxLength\":\"\",\"multiline\":\"\",\"initialRows\":\"4\"}', '2017-10-23 19:15:45', '2017-11-01 18:34:18', '6ddb37e8-1e52-42b6-9781-91228e1524fc'),
 ('11', '1', 'Marketing Materials', 'marketingMaterials', 'global', '', '0', 'Matrix', '{\"maxBlocks\":null}', '2017-10-24 20:14:57', '2017-10-24 20:15:45', '9b720ced-c44b-4f0b-bd72-6c977ec22209'),
 ('12', NULL, 'Material Name', 'materialName', 'matrixBlockType:1', '', '0', 'PlainText', '{\"placeholder\":\"\",\"maxLength\":\"\",\"multiline\":\"\",\"initialRows\":\"4\"}', '2017-10-24 20:14:57', '2017-10-24 20:15:45', '47415a2f-d778-4de8-8d20-6f5b7d8d2455'),
 ('13', NULL, 'File', 'file', 'matrixBlockType:1', '', '0', 'Assets', '{\"useSingleFolder\":\"1\",\"sources\":\"*\",\"defaultUploadLocationSource\":\"1\",\"defaultUploadLocationSubpath\":\"\",\"singleUploadLocationSource\":\"1\",\"singleUploadLocationSubpath\":\"\",\"restrictFiles\":\"\",\"limit\":\"\",\"viewMode\":\"list\",\"selectionLabel\":\"\"}', '2017-10-24 20:14:57', '2017-10-24 20:15:45', '9c840b53-3da2-4902-adcc-f821de3b9259'),
 ('14', '3', 'Email', 'email', 'global', '', '0', 'PlainText', '{\"placeholder\":\"\",\"maxLength\":\"\",\"multiline\":\"\",\"initialRows\":\"4\"}', '2017-10-24 20:45:26', '2017-10-24 20:45:26', '4b128737-a081-4e6f-a9e3-006c17fbc495'),
 ('15', '3', 'Phone Number', 'phoneNumber', 'global', '', '0', 'Number', '{\"min\":\"0\",\"max\":\"\",\"decimals\":\"0\"}', '2017-10-24 20:45:47', '2017-10-24 20:45:47', '8f7da1f7-06e3-4d9e-a85a-5510dea73d78'),
 ('17', '4', 'address', 'address', 'global', '', '0', 'PlainText', '{\"placeholder\":\"\",\"maxLength\":\"\",\"multiline\":\"\",\"initialRows\":\"4\"}', '2017-10-27 19:24:55', '2017-10-27 19:24:55', 'a02e80a4-caf6-455e-bd66-bdfe1bc93cdf'),
 ('18', '4', 'Header Title', 'headerTitle', 'global', '', '0', 'PlainText', '{\"placeholder\":\"\",\"maxLength\":\"\",\"multiline\":\"\",\"initialRows\":\"4\"}', '2017-10-27 19:25:05', '2017-10-27 19:25:05', 'f767d082-8426-46b9-af6a-83947ea79e2a'),
 ('19', '4', 'Logo', 'logo', 'global', '', '0', 'Assets', '{\"useSingleFolder\":\"\",\"sources\":\"*\",\"defaultUploadLocationSource\":\"1\",\"defaultUploadLocationSubpath\":\"\",\"singleUploadLocationSource\":\"1\",\"singleUploadLocationSubpath\":\"\",\"restrictFiles\":\"\",\"limit\":\"\",\"viewMode\":\"list\",\"selectionLabel\":\"\"}', '2017-10-27 19:25:13', '2017-10-27 19:25:13', '92a0ffe9-f16e-405f-bcd7-5ae5f343a01a'),
 ('20', '4', 'phone', 'phone', 'global', '', '0', 'PlainText', '{\"placeholder\":\"\",\"maxLength\":\"\",\"multiline\":\"\",\"initialRows\":\"4\"}', '2017-10-27 19:25:18', '2017-10-27 19:25:18', '6acb765d-3512-4b1f-b77e-58472ca77c57'),
 ('21', '4', 'Social Media', 'socialMedia', 'global', '', '0', 'Matrix', '{\"maxBlocks\":null}', '2017-10-27 19:25:51', '2017-10-27 20:03:02', '968a28b2-8cda-4e0d-bce7-ff56ba018d5a'),
 ('22', NULL, 'Social Name', 'socialName', 'matrixBlockType:2', '', '0', 'Dropdown', '{\"options\":[{\"label\":\"facebook\",\"value\":\"facebook\",\"default\":\"\"},{\"label\":\"twitter\",\"value\":\"twitter\",\"default\":\"\"},{\"label\":\"instagram\",\"value\":\"instagram\",\"default\":\"\"},{\"label\":\"Linkedin\",\"value\":\"linkedin\",\"default\":\"\"},{\"label\":\"Flickr\",\"value\":\"flickr\",\"default\":\"\"},{\"label\":\"YouTube\",\"value\":\"youtube\",\"default\":\"\"},{\"label\":\"Snapchat\",\"value\":\"snapchat\",\"default\":\"\"},{\"label\":\"Tumblr\",\"value\":\"tumblr\",\"default\":\"\"},{\"label\":\"Other\",\"value\":\"other\",\"default\":\"\"}]}', '2017-10-27 19:25:51', '2017-10-27 20:03:02', '1bc96d5c-492b-4407-a793-15bbd75328c2'),
 ('23', NULL, 'address', 'address', 'matrixBlockType:2', '', '0', 'PlainText', '{\"placeholder\":\"https:\\/\\/\",\"maxLength\":\"\",\"multiline\":\"\",\"initialRows\":\"4\"}', '2017-10-27 19:27:23', '2017-10-27 20:03:02', 'fef8d9f1-1cc0-49d8-8ca1-8faf4a8b5d59'),
 ('24', '3', 'Location Plug', 'locationPlug', 'global', '', '0', 'SmartMap_Address', '{\"layout\":{\"street1\":{\"width\":100,\"enable\":1},\"street2\":{\"width\":100,\"enable\":1},\"city\":{\"width\":50,\"enable\":1},\"state\":{\"width\":15,\"enable\":1},\"zip\":{\"width\":35,\"enable\":1},\"country\":{\"width\":100,\"enable\":1},\"lat\":{\"width\":50,\"enable\":1},\"lng\":{\"width\":50,\"enable\":1}},\"dragPinDefault\":\"\",\"dragPinLatitude\":\"0\",\"dragPinLongitude\":\"0\",\"dragPinZoom\":\"4\"}', '2017-10-27 20:42:58', '2017-10-27 20:42:58', 'ec745c8e-4670-4b03-b07e-5ce95c9fe7da'),
 ('25', '4', 'Customer Service', 'customerService', 'global', '', '0', 'PlainText', '{\"placeholder\":\"\",\"maxLength\":\"\",\"multiline\":\"\",\"initialRows\":\"4\"}', '2017-11-01 18:01:32', '2017-11-01 18:01:32', 'b15401f9-e825-4f3b-b650-2e406c7684e6'),
 ('26', '4', 'Customer Service Hours', 'customerServiceHours', 'global', '', '0', 'PlainText', '{\"placeholder\":\"\",\"maxLength\":\"\",\"multiline\":\"\",\"initialRows\":\"4\"}', '2017-11-01 18:01:40', '2017-11-01 18:01:40', 'bacfc9a9-e710-4297-ba6c-96077c18a94e'),
 ('27', '4', 'Fax', 'fax', 'global', '', '0', 'PlainText', '{\"placeholder\":\"\",\"maxLength\":\"\",\"multiline\":\"\",\"initialRows\":\"4\"}', '2017-11-01 18:01:45', '2017-11-01 18:01:45', '9b11b97e-7ec2-48eb-805b-de79ef6b3bab'),
 ('28', '5', 'Staff Email', 'staffEmail', 'global', '', '0', 'PlainText', '{\"placeholder\":\"\",\"maxLength\":\"\",\"multiline\":\"\",\"initialRows\":\"4\"}', '2017-11-01 18:05:51', '2017-11-01 18:05:51', '38962e6c-2088-49b0-9dd0-a77d46abc64f'),
 ('29', '5', 'Staff Name', 'staffName', 'global', '', '0', 'PlainText', '{\"placeholder\":\"\",\"maxLength\":\"\",\"multiline\":\"\",\"initialRows\":\"4\"}', '2017-11-01 18:05:56', '2017-11-01 18:05:56', 'c9a97673-1e87-4df1-a0d2-9fb2ff2b0455'),
 ('30', '5', 'Staff Phone', 'staffPhone', 'global', '', '0', 'PlainText', '{\"placeholder\":\"\",\"maxLength\":\"\",\"multiline\":\"\",\"initialRows\":\"4\"}', '2017-11-01 18:06:01', '2017-11-01 18:06:01', '4428c2a3-afe5-4a37-87cb-621d3f9c41f7'),
 ('31', '5', 'Staff Photo', 'staffPhoto', 'global', '', '0', 'Assets', '{\"useSingleFolder\":\"\",\"sources\":\"*\",\"defaultUploadLocationSource\":\"1\",\"defaultUploadLocationSubpath\":\"\",\"singleUploadLocationSource\":\"1\",\"singleUploadLocationSubpath\":\"\",\"restrictFiles\":\"\",\"limit\":\"\",\"viewMode\":\"list\",\"selectionLabel\":\"\"}', '2017-11-01 18:06:12', '2017-11-01 18:06:12', '9c7bb4de-d881-4348-826d-b99d064c6f06'),
 ('32', '5', 'Staff Position', 'staffPosition', 'global', '', '0', 'PlainText', '{\"placeholder\":\"\",\"maxLength\":\"\",\"multiline\":\"\",\"initialRows\":\"4\"}', '2017-11-01 18:06:17', '2017-11-01 18:06:17', 'affad5b8-c2b6-4165-8149-81ce1e1ace2e'),
 ('33', '5', 'Staff Category', 'staffCategory', 'global', '', '0', 'Categories', '{\"source\":\"group:5\",\"limit\":\"\",\"selectionLabel\":\"\"}', '2017-11-01 18:07:11', '2017-11-01 18:07:11', 'e08ad688-880c-47c0-8080-56286c65400f'),
 ('35', '6', 'Process', 'process', 'global', '', '0', 'Matrix', '{\"maxBlocks\":null}', '2017-11-07 20:34:50', '2017-11-07 20:34:50', '397256f1-5205-48fb-a697-15b78f6c22c9'),
 ('36', NULL, 'Process Title', 'processTitle', 'matrixBlockType:3', '', '0', 'PlainText', '{\"placeholder\":\"\",\"maxLength\":\"\",\"multiline\":\"\",\"initialRows\":\"4\"}', '2017-11-07 20:34:50', '2017-11-07 20:34:50', 'f2927258-a612-45cd-8f28-155cf407df5a'),
 ('37', NULL, 'Process Information', 'processInformation', 'matrixBlockType:3', '', '0', 'RichText', '{\"configFile\":\"\",\"availableAssetSources\":\"*\",\"availableTransforms\":\"*\",\"cleanupHtml\":\"1\",\"purifyHtml\":\"1\",\"purifierConfig\":\"\",\"columnType\":\"text\"}', '2017-11-07 20:34:50', '2017-11-07 20:34:50', '25ae0bb4-4e3b-4c95-96b7-4edbc9b816f0'),
 ('38', '9', 'Knowledge Level', 'knowledgeLevel', 'global', '', '0', 'Categories', '{\"source\":\"group:6\",\"limit\":\"\",\"selectionLabel\":\"\"}', '2017-11-14 18:46:41', '2017-12-07 21:37:32', '62ad37a8-c11b-44c0-8db3-444bb45bbf21'),
 ('39', '4', 'Take the Next Step', 'takeTheNextStep', 'global', '', '0', 'PlainText', '{\"placeholder\":\"\",\"maxLength\":\"\",\"multiline\":\"\",\"initialRows\":\"4\"}', '2017-11-20 18:05:24', '2017-11-21 17:39:17', 'f73f741f-75f2-4ce0-a9ad-c3530c333d87'),
 ('40', '2', 'Product Type', 'productType', 'global', '', '0', 'Categories', '{\"source\":\"group:7\",\"limit\":\"\",\"selectionLabel\":\"\"}', '2017-11-21 17:32:05', '2017-11-21 17:32:05', 'fe59a5e8-d15b-4933-bea7-68c15a9f6a7c'),
 ('41', '4', 'Image', 'image', 'global', '', '0', 'Assets', '{\"useSingleFolder\":\"\",\"sources\":[\"folder:2\"],\"defaultUploadLocationSource\":\"2\",\"defaultUploadLocationSubpath\":\"\",\"singleUploadLocationSource\":\"1\",\"singleUploadLocationSubpath\":\"\",\"restrictFiles\":\"\",\"limit\":\"\",\"viewMode\":\"list\",\"selectionLabel\":\"\"}', '2017-11-21 20:06:47', '2017-12-15 21:22:17', '9a7d231e-5f05-4978-ab95-df8d605d2943'),
 ('42', '4', 'Files', 'files', 'global', '', '0', 'Assets', '{\"useSingleFolder\":\"\",\"sources\":[\"folder:1\"],\"defaultUploadLocationSource\":\"1\",\"defaultUploadLocationSubpath\":\"\",\"singleUploadLocationSource\":\"1\",\"singleUploadLocationSubpath\":\"\",\"restrictFiles\":\"\",\"limit\":\"\",\"viewMode\":\"list\",\"selectionLabel\":\"\"}', '2017-11-21 20:07:03', '2017-11-21 20:07:03', 'af7c6a2d-9682-466f-b44d-db72fa17f810'),
 ('43', '1', 'Interactive Field Map', 'interactiveFieldMap', 'global', '', '0', 'Matrix', '{\"maxBlocks\":null}', '2017-11-21 20:15:59', '2017-11-21 20:15:59', 'ce17e3ba-73a3-4ca2-828b-c1cff99bf6dc'),
 ('44', NULL, 'Name of', 'nameOf', 'matrixBlockType:4', '', '0', 'PlainText', '{\"placeholder\":\"\",\"maxLength\":\"\",\"multiline\":\"\",\"initialRows\":\"4\"}', '2017-11-21 20:15:59', '2017-11-21 20:15:59', '5a427a71-2ab0-4d3e-a112-07634c3aa76c'),
 ('45', NULL, 'Description', 'description', 'matrixBlockType:4', '', '0', 'RichText', '{\"configFile\":\"\",\"availableAssetSources\":\"*\",\"availableTransforms\":\"*\",\"cleanupHtml\":\"1\",\"purifyHtml\":\"1\",\"purifierConfig\":\"\",\"columnType\":\"text\"}', '2017-11-21 20:15:59', '2017-11-21 20:15:59', '588c6dd8-0cc0-4d2f-b9fb-b775bd254a96'),
 ('46', NULL, 'Link To', 'linkTo', 'matrixBlockType:4', '', '0', 'PlainText', '{\"placeholder\":\"\",\"maxLength\":\"\",\"multiline\":\"\",\"initialRows\":\"4\"}', '2017-11-21 20:15:59', '2017-11-21 20:15:59', '5a8e2aae-bd6c-4e70-a939-4f42ee10276f'),
 ('47', '7', 'FAQ Title', 'faqTitle', 'global', '', '0', 'PlainText', '{\"placeholder\":\"\",\"maxLength\":\"\",\"multiline\":\"\",\"initialRows\":\"4\"}', '2017-11-27 17:42:43', '2017-11-27 17:43:08', '83104919-f5f6-468e-a097-4191222684db'),
 ('48', '7', 'Audience', 'audience', 'global', '', '0', 'Categories', '{\"source\":\"group:8\",\"limit\":\"\",\"selectionLabel\":\"\"}', '2017-11-27 19:39:13', '2017-11-27 19:39:13', '3e00b096-fa8f-4c71-95a3-d32941051a69'),
 ('49', '7', 'Video Link', 'videoLink', 'global', '', '0', 'PlainText', '{\"placeholder\":\"\",\"maxLength\":\"\",\"multiline\":\"\",\"initialRows\":\"4\"}', '2017-11-27 19:39:22', '2017-11-27 19:39:22', '511e6d68-15e0-47ee-a739-6b02c8c5e426'),
 ('50', '4', 'Feature Image', 'featureImage', 'global', '', '0', 'Assets', '{\"useSingleFolder\":\"\",\"sources\":\"*\",\"defaultUploadLocationSource\":\"1\",\"defaultUploadLocationSubpath\":\"\",\"singleUploadLocationSource\":\"1\",\"singleUploadLocationSubpath\":\"\",\"restrictFiles\":\"\",\"limit\":\"\",\"viewMode\":\"list\",\"selectionLabel\":\"\"}', '2017-11-27 19:40:43', '2017-12-07 21:38:00', '7f610eac-e886-4955-892b-5de09e541bdb'),
 ('51', '5', 'Event Date', 'eventDate', 'global', '', '0', 'Date', '{\"minuteIncrement\":\"30\",\"showDate\":1,\"showTime\":0}', '2017-12-04 17:53:43', '2017-12-04 17:53:43', '745103f2-9877-4994-8b93-d45afce1857b'),
 ('53', '2', 'Problem Area', 'problemArea', 'global', '', '0', 'Categories', '{\"source\":\"group:10\",\"limit\":\"\",\"selectionLabel\":\"\"}', '2017-12-05 18:59:13', '2017-12-05 18:59:13', '5f51c4c2-f662-4e07-923c-5ae9eac77be9'),
 ('54', '8', 'Employee Type', 'employeeType', 'global', '', '0', 'Categories', '{\"source\":\"group:11\",\"limit\":\"\",\"selectionLabel\":\"\"}', '2017-12-07 21:26:22', '2017-12-07 21:26:22', '5fc03c7e-d213-40fd-be12-619b62e63b23'),
 ('55', '5', 'header baseball', 'headerBaseball', 'global', '', '0', 'Assets', '{\"useSingleFolder\":\"\",\"sources\":\"*\",\"defaultUploadLocationSource\":\"1\",\"defaultUploadLocationSubpath\":\"\",\"singleUploadLocationSource\":\"1\",\"singleUploadLocationSubpath\":\"\",\"restrictFiles\":\"\",\"limit\":\"\",\"viewMode\":\"list\",\"selectionLabel\":\"\"}', '2017-12-13 19:09:25', '2017-12-13 19:09:25', '65714668-55ed-420c-a258-a4ea7b570f4c'),
 ('56', '4', 'Footer Contact', 'footerContact', 'global', '', '0', 'Matrix', '{\"maxBlocks\":null}', '2017-12-14 20:40:17', '2018-01-24 16:05:21', '27d65664-bd7d-4efb-a967-cedce8088e87'),
 ('57', '1', 'Gallery', 'gallery', 'global', '', '0', 'Assets', '{\"useSingleFolder\":\"\",\"sources\":\"*\",\"defaultUploadLocationSource\":\"1\",\"defaultUploadLocationSubpath\":\"\",\"singleUploadLocationSource\":\"1\",\"singleUploadLocationSubpath\":\"\",\"restrictFiles\":\"\",\"limit\":\"\",\"viewMode\":\"list\",\"selectionLabel\":\"\"}', '2017-12-15 20:44:14', '2017-12-15 20:44:14', 'b4b509c8-03ea-441c-ad01-f0b712d7dfd5'),
 ('58', '1', 'Headline', 'headline', 'global', '', '0', 'PlainText', '{\"placeholder\":\"\",\"maxLength\":\"\",\"multiline\":\"\",\"initialRows\":\"4\"}', '2017-12-15 21:01:09', '2017-12-15 21:01:09', '5a1a3709-f100-4aa9-888d-2400541e5d43'),
 ('59', '1', 'Subheadline', 'subheadline', 'global', '', '0', 'PlainText', '{\"placeholder\":\"\",\"maxLength\":\"\",\"multiline\":\"\",\"initialRows\":\"4\"}', '2017-12-15 21:01:17', '2017-12-15 21:01:17', 'f83df89b-a431-4bfd-a08a-eaa12c806aaf'),
 ('60', '1', 'Call to Action', 'callToAction', 'global', '', '0', 'PlainText', '{\"placeholder\":\"\",\"maxLength\":\"\",\"multiline\":\"\",\"initialRows\":\"4\"}', '2017-12-15 21:01:23', '2018-01-17 17:42:18', '38458a4a-0fe1-49fb-a38b-9447a1741ad4'),
 ('61', '1', 'Featured Content', 'featuredContent', 'global', '', '0', 'Lightswitch', '{\"default\":\"\"}', '2017-12-15 21:01:47', '2018-01-17 17:46:28', '0e26d610-130d-41f2-bedb-2dbe975ec00d'),
 ('62', '1', 'Field Type', 'fieldType', 'global', '', '0', 'Categories', '{\"source\":\"group:9\",\"limit\":\"\",\"selectionLabel\":\"\"}', '2017-12-15 21:20:48', '2017-12-15 21:20:48', '2edaddaa-94fb-4c20-a6b9-e14f1f12a4b7'),
 ('63', '1', 'Address 2', 'address2', 'global', '', '0', 'PlainText', '{\"placeholder\":\"\",\"maxLength\":\"\",\"multiline\":\"\",\"initialRows\":\"4\"}', '2018-01-17 18:27:50', '2018-01-17 18:27:50', '470ddb29-8060-4110-9fbd-1f5ef1cc022f'),
 ('64', '4', 'Logo Large', 'logoLarge', 'global', '', '0', 'Assets', '{\"useSingleFolder\":\"\",\"sources\":\"*\",\"defaultUploadLocationSource\":\"1\",\"defaultUploadLocationSubpath\":\"\",\"singleUploadLocationSource\":\"1\",\"singleUploadLocationSubpath\":\"\",\"restrictFiles\":\"\",\"limit\":\"\",\"viewMode\":\"list\",\"selectionLabel\":\"\"}', '2018-01-19 19:26:29', '2018-01-19 19:26:29', 'e0b0c7be-b838-4bec-b92f-3c9515811112'),
 ('65', '4', 'Blog Post Content', 'blogPostContent', 'global', '', '0', 'Matrix', '{\"maxBlocks\":null}', '2018-01-22 19:12:19', '2018-01-22 19:12:19', 'c9106791-0f0a-40e0-9033-7d3538398e18'),
 ('66', NULL, 'Text', 'text', 'matrixBlockType:5', '', '0', 'RichText', '{\"configFile\":\"\",\"availableAssetSources\":\"*\",\"availableTransforms\":\"*\",\"cleanupHtml\":\"1\",\"purifyHtml\":\"1\",\"purifierConfig\":\"\",\"columnType\":\"text\"}', '2018-01-22 19:12:19', '2018-01-22 19:12:19', 'd993879d-5fc3-4c57-8030-6e3618fb0091'),
 ('67', NULL, 'Image', 'image', 'matrixBlockType:6', '', '0', 'Assets', '{\"useSingleFolder\":\"\",\"sources\":\"*\",\"defaultUploadLocationSource\":\"1\",\"defaultUploadLocationSubpath\":\"\",\"singleUploadLocationSource\":\"1\",\"singleUploadLocationSubpath\":\"\",\"restrictFiles\":\"\",\"limit\":\"1\",\"viewMode\":\"list\",\"selectionLabel\":\"\"}', '2018-01-22 19:12:19', '2018-01-22 19:12:19', '44db5ce3-bf17-4293-8c3a-df617a7cf3bb'),
 ('68', NULL, 'Video Url', 'videoUrl', 'matrixBlockType:7', '', '0', 'PlainText', '{\"placeholder\":\"\",\"maxLength\":\"\",\"multiline\":\"\",\"initialRows\":\"4\"}', '2018-01-22 19:12:19', '2018-01-22 19:12:19', 'b06d2752-c7da-4dd2-a6de-11fc4efbcb59'),
 ('69', NULL, 'Video Caption', 'videoCaption', 'matrixBlockType:7', '', '0', 'PlainText', '{\"placeholder\":\"\",\"maxLength\":\"\",\"multiline\":\"\",\"initialRows\":\"4\"}', '2018-01-22 19:12:20', '2018-01-22 19:12:20', 'db25ed43-be4c-4469-b833-adbd9bee9dcf'),
 ('70', NULL, 'Pull Quote', 'pullQuote', 'matrixBlockType:8', '', '0', 'PlainText', '{\"placeholder\":\"\",\"maxLength\":\"\",\"multiline\":\"\",\"initialRows\":\"4\"}', '2018-01-22 19:12:20', '2018-01-22 19:12:20', '67a17b8f-b95c-4e3f-97fe-19145bb683c9'),
 ('71', NULL, 'Pull Quote Author (optional)', 'pullQuoteAuthor', 'matrixBlockType:8', '', '0', 'PlainText', '{\"placeholder\":\"\",\"maxLength\":\"\",\"multiline\":\"\",\"initialRows\":\"4\"}', '2018-01-22 19:12:20', '2018-01-22 19:12:20', '3adc4740-32cd-4ba7-b029-dc490ba57d0a'),
 ('72', NULL, 'Contact Name', 'contactName', 'matrixBlockType:9', '', '0', 'Dropdown', '{\"options\":[{\"label\":\"Hours\",\"value\":\"Hours\",\"default\":\"\"},{\"label\":\"Call\",\"value\":\"Call\",\"default\":\"\"},{\"label\":\"Fax \",\"value\":\"Fax\",\"default\":\"\"}]}', '2018-01-24 16:05:22', '2018-01-24 16:05:22', '3cb11e5b-b9a3-42e8-95e4-79fe52db6f5a'),
 ('73', NULL, 'Contact Info', 'contactInfo', 'matrixBlockType:9', '', '0', 'PlainText', '{\"placeholder\":\"\",\"maxLength\":\"\",\"multiline\":\"\",\"initialRows\":\"4\"}', '2018-01-24 16:05:22', '2018-01-24 16:05:22', 'bed2cc73-b803-482b-8794-fb41121038ee'),
 ('74', '1', 'Field Composition', 'fieldComposition', 'global', '', '0', 'Table', '{\"columns\":{\"col1\":{\"heading\":\"Total Sand\",\"handle\":\"totalSand\",\"width\":\"\",\"type\":\"singleline\"},\"col2\":{\"heading\":\"Silt\\/Clay\",\"handle\":\"siltClay\",\"width\":\"\",\"type\":\"singleline\"},\"col3\":{\"heading\":\"Medium Sand\",\"handle\":\"mediumSand\",\"width\":\"\",\"type\":\"singleline\"},\"col4\":{\"heading\":\"SCR\",\"handle\":\"scr\",\"width\":\"\",\"type\":\"singleline\"}},\"defaults\":{\"row1\":{\"col1\":\"\",\"col2\":\"\",\"col3\":\"\",\"col4\":\"\"}}}', '2018-01-24 19:30:55', '2018-01-24 19:30:55', '8ca2d6b6-0dfd-4f03-b653-973cf3d53a4a'),
 ('75', '1', 'Related Products', 'relatedProducts', 'global', '', '0', 'Entries', '{\"sources\":[\"section:3\"],\"limit\":\"\",\"selectionLabel\":\"\"}', '2018-01-24 19:37:51', '2018-01-24 19:37:51', 'a0c7e458-7285-448d-95ea-8c3f0e2b4fe4'),
 ('76', '1', 'Location (FIXME)', 'location', 'global', '', '0', 'PlainText', '{\"placeholder\":\"\",\"maxLength\":\"\",\"multiline\":\"\",\"initialRows\":\"4\"}', '2018-01-29 20:16:41', '2018-01-29 20:16:41', '72541dbc-8c3c-49e0-90d4-43fa30273653');



DROP TABLE IF EXISTS `craft_globalsets`;


--
-- Schema for table `craft_globalsets`
--
CREATE TABLE `craft_globalsets` (
  `id` int(11) NOT NULL,
  `name` varchar(255) COLLATE utf8_unicode_ci NOT NULL,
  `handle` varchar(255) COLLATE utf8_unicode_ci NOT NULL,
  `fieldLayoutId` int(10) DEFAULT NULL,
  `dateCreated` datetime NOT NULL,
  `dateUpdated` datetime NOT NULL,
  `uid` char(36) COLLATE utf8_unicode_ci NOT NULL DEFAULT '0',
  PRIMARY KEY (`id`),
  UNIQUE KEY `craft_globalsets_name_unq_idx` (`name`),
  UNIQUE KEY `craft_globalsets_handle_unq_idx` (`handle`),
  KEY `craft_globalsets_fieldLayoutId_fk` (`fieldLayoutId`)
) ENGINE=InnoDB DEFAULT CHARSET=utf8 COLLATE=utf8_unicode_ci;

--
-- Data for table `craft_globalsets`
--

INSERT INTO `craft_globalsets` (`id`, `name`, `handle`, `fieldLayoutId`, `dateCreated`, `dateUpdated`, `uid`) VALUES
 ('31', 'Header', 'header', '129', '2017-11-01 18:02:06', '2018-01-19 19:26:49', '64e91dd1-465d-4a5c-a4c0-3e9cb036c043'),
 ('32', 'Footer', 'footer', '128', '2017-11-01 18:02:38', '2018-01-17 18:28:01', '5f4517d3-eea5-44cf-903a-aef8d99a5682');



DROP TABLE IF EXISTS `craft_info`;


--
-- Schema for table `craft_info`
--
CREATE TABLE `craft_info` (
  `id` int(11) NOT NULL AUTO_INCREMENT,
  `version` varchar(50) COLLATE utf8_unicode_ci NOT NULL,
  `schemaVersion` varchar(15) COLLATE utf8_unicode_ci NOT NULL,
  `edition` tinyint(1) unsigned NOT NULL DEFAULT '0',
  `siteName` varchar(100) COLLATE utf8_unicode_ci NOT NULL,
  `siteUrl` varchar(255) COLLATE utf8_unicode_ci NOT NULL,
  `timezone` varchar(30) COLLATE utf8_unicode_ci DEFAULT NULL,
  `on` tinyint(1) unsigned NOT NULL DEFAULT '0',
  `maintenance` tinyint(1) unsigned NOT NULL DEFAULT '0',
  `dateCreated` datetime NOT NULL,
  `dateUpdated` datetime NOT NULL,
  `uid` char(36) COLLATE utf8_unicode_ci NOT NULL DEFAULT '0',
  PRIMARY KEY (`id`)
) ENGINE=InnoDB AUTO_INCREMENT=2 DEFAULT CHARSET=utf8 COLLATE=utf8_unicode_ci;

--
-- Data for table `craft_info`
--

INSERT INTO `craft_info` (`id`, `version`, `schemaVersion`, `edition`, `siteName`, `siteUrl`, `timezone`, `on`, `maintenance`, `dateCreated`, `dateUpdated`, `uid`) VALUES
 ('1', '2.6.2989', '2.6.10', '2', 'Duraedge', 'http://duraedge.web', 'UTC', '1', '1', '2017-09-05 17:17:58', '2018-02-02 14:35:52', 'b2aed044-ba56-46fa-8226-fef787357c60');



DROP TABLE IF EXISTS `craft_locales`;


--
-- Schema for table `craft_locales`
--
CREATE TABLE `craft_locales` (
  `locale` char(12) COLLATE utf8_unicode_ci NOT NULL,
  `sortOrder` smallint(6) unsigned DEFAULT NULL,
  `dateCreated` datetime NOT NULL,
  `dateUpdated` datetime NOT NULL,
  `uid` char(36) COLLATE utf8_unicode_ci NOT NULL DEFAULT '0',
  PRIMARY KEY (`locale`),
  KEY `craft_locales_sortOrder_idx` (`sortOrder`)
) ENGINE=InnoDB DEFAULT CHARSET=utf8 COLLATE=utf8_unicode_ci;

--
-- Data for table `craft_locales`
--

INSERT INTO `craft_locales` (`locale`, `sortOrder`, `dateCreated`, `dateUpdated`, `uid`) VALUES
 ('en_us', '1', '2017-09-05 17:17:59', '2017-09-05 17:17:59', '29912523-29c5-49c1-8fac-9bb8fdcd06d4');



DROP TABLE IF EXISTS `craft_matrixblocks`;


--
-- Schema for table `craft_matrixblocks`
--
CREATE TABLE `craft_matrixblocks` (
  `id` int(11) NOT NULL,
  `ownerId` int(11) NOT NULL,
  `fieldId` int(11) NOT NULL,
  `typeId` int(11) DEFAULT NULL,
  `sortOrder` smallint(6) unsigned DEFAULT NULL,
  `ownerLocale` char(12) COLLATE utf8_unicode_ci DEFAULT NULL,
  `dateCreated` datetime NOT NULL,
  `dateUpdated` datetime NOT NULL,
  `uid` char(36) COLLATE utf8_unicode_ci NOT NULL DEFAULT '0',
  PRIMARY KEY (`id`),
  KEY `craft_matrixblocks_ownerId_idx` (`ownerId`),
  KEY `craft_matrixblocks_fieldId_idx` (`fieldId`),
  KEY `craft_matrixblocks_typeId_idx` (`typeId`),
  KEY `craft_matrixblocks_sortOrder_idx` (`sortOrder`),
  KEY `craft_matrixblocks_ownerLocale_fk` (`ownerLocale`)
) ENGINE=InnoDB DEFAULT CHARSET=utf8 COLLATE=utf8_unicode_ci;

--
-- Data for table `craft_matrixblocks`
--

INSERT INTO `craft_matrixblocks` (`id`, `ownerId`, `fieldId`, `typeId`, `sortOrder`, `ownerLocale`, `dateCreated`, `dateUpdated`, `uid`) VALUES
 ('25', '23', '11', '1', '1', NULL, '2017-10-24 20:21:38', '2017-11-16 23:58:47', '13020c1e-08c0-44f1-9d66-3096501b5d55'),
 ('33', '32', '21', '2', '1', NULL, '2017-11-01 18:04:17', '2018-01-24 16:06:19', '5bef7219-a91c-46f0-bfdd-4250694f1b68'),
 ('37', '36', '35', '3', '1', NULL, '2017-11-07 20:36:35', '2017-11-07 20:36:35', '7b497792-8826-4f14-bd33-2d82beb3ec2a'),
 ('38', '36', '35', '3', '2', NULL, '2017-11-07 20:36:35', '2017-11-07 20:36:35', '150cb16e-ac84-4748-a515-644e96ec3343'),
 ('49', '2', '43', '4', '1', NULL, '2017-11-21 20:24:53', '2018-01-22 20:06:23', 'e71db39a-70cf-4a86-8f40-4cd69344e4c7'),
 ('79', '78', '65', '5', '1', NULL, '2018-01-22 19:17:08', '2018-01-29 20:15:07', '7fda74d1-5ffe-414f-a307-d50f2777da68'),
 ('80', '78', '65', '6', '2', NULL, '2018-01-22 19:17:08', '2018-01-29 20:15:08', '0c84c4ed-1dac-4175-8e97-6a7eb2e9f1c4'),
 ('81', '78', '65', '8', '3', NULL, '2018-01-22 19:17:08', '2018-01-29 20:15:08', '6a698629-e627-4db6-9aa4-ec00650530c9'),
 ('82', '78', '65', '7', '4', NULL, '2018-01-22 19:21:49', '2018-01-29 20:15:08', '42454d85-568c-4999-b158-21e01779f65a'),
 ('85', '32', '56', '9', '1', NULL, '2018-01-24 16:06:08', '2018-01-24 16:06:19', '2598838f-f60a-4cd9-be81-afa7a15e8ca5'),
 ('86', '32', '56', '9', '2', NULL, '2018-01-24 16:06:08', '2018-01-24 16:06:19', 'bb480381-2d4e-4614-93be-2a75ebca0077'),
 ('87', '32', '56', '9', '3', NULL, '2018-01-24 16:06:08', '2018-01-24 16:06:19', '7ab0f860-fdef-4076-b9b9-259db4f261c1'),
 ('89', '88', '11', '1', '1', NULL, '2018-01-29 20:17:56', '2018-01-29 20:17:56', '13db60d8-de20-4192-b42a-93240b79de7f');



DROP TABLE IF EXISTS `craft_matrixblocktypes`;


--
-- Schema for table `craft_matrixblocktypes`
--
CREATE TABLE `craft_matrixblocktypes` (
  `id` int(11) NOT NULL AUTO_INCREMENT,
  `fieldId` int(11) NOT NULL,
  `fieldLayoutId` int(11) DEFAULT NULL,
  `name` varchar(255) COLLATE utf8_unicode_ci NOT NULL,
  `handle` varchar(255) COLLATE utf8_unicode_ci NOT NULL,
  `sortOrder` smallint(6) unsigned DEFAULT NULL,
  `dateCreated` datetime NOT NULL,
  `dateUpdated` datetime NOT NULL,
  `uid` char(36) COLLATE utf8_unicode_ci NOT NULL DEFAULT '0',
  PRIMARY KEY (`id`),
  UNIQUE KEY `craft_matrixblocktypes_name_fieldId_unq_idx` (`name`,`fieldId`),
  UNIQUE KEY `craft_matrixblocktypes_handle_fieldId_unq_idx` (`handle`,`fieldId`),
  KEY `craft_matrixblocktypes_fieldId_fk` (`fieldId`),
  KEY `craft_matrixblocktypes_fieldLayoutId_fk` (`fieldLayoutId`)
) ENGINE=InnoDB AUTO_INCREMENT=10 DEFAULT CHARSET=utf8 COLLATE=utf8_unicode_ci;

--
-- Data for table `craft_matrixblocktypes`
--

INSERT INTO `craft_matrixblocktypes` (`id`, `fieldId`, `fieldLayoutId`, `name`, `handle`, `sortOrder`, `dateCreated`, `dateUpdated`, `uid`) VALUES
 ('1', '11', '34', 'Materials', 'materials', '1', '2017-10-24 20:14:57', '2017-10-24 20:15:45', '9216ce65-8d4b-4603-b657-b67082181991'),
 ('2', '21', '44', 'Social Media Block', 'socialMediaBlock', '1', '2017-10-27 19:25:51', '2017-10-27 20:03:02', '906d0638-d123-4420-a39f-53483c6dabfb'),
 ('3', '35', '58', 'Process Information', 'processInformation', '1', '2017-11-07 20:34:50', '2017-11-07 20:34:50', '1cce55c4-3528-49e9-99a9-dde99db88ea9'),
 ('4', '43', '84', 'Details', 'details', '1', '2017-11-21 20:15:59', '2017-11-21 20:15:59', '705feb18-f193-4e4d-b993-4cac074f8ffc'),
 ('5', '65', '130', 'Text', 'text', '1', '2018-01-22 19:12:19', '2018-01-22 19:12:19', '5595399f-a8c1-4eb2-8d3d-b62376229236'),
 ('6', '65', '131', 'Image', 'image', '2', '2018-01-22 19:12:19', '2018-01-22 19:12:19', '160089b7-ee45-4c2f-9a3e-b6324cab6977'),
 ('7', '65', '132', 'Video', 'video', '3', '2018-01-22 19:12:19', '2018-01-22 19:12:20', '2c3f6e6d-ad56-49bc-8c16-8886bfa88d0e'),
 ('8', '65', '133', 'Pull Quote', 'pullQuote', '4', '2018-01-22 19:12:20', '2018-01-22 19:12:20', 'b82541b5-5069-417b-8da1-8220510730e6'),
 ('9', '56', '136', 'Contact Block', 'contactBlock', '1', '2018-01-24 16:05:22', '2018-01-24 16:05:22', 'fc05b341-68d7-4e34-86a9-4703585518a1');



DROP TABLE IF EXISTS `craft_matrixcontent_blogpostcontent`;


--
-- Schema for table `craft_matrixcontent_blogpostcontent`
--
CREATE TABLE `craft_matrixcontent_blogpostcontent` (
  `id` int(11) NOT NULL AUTO_INCREMENT,
  `elementId` int(11) NOT NULL,
  `locale` char(12) COLLATE utf8_unicode_ci NOT NULL,
  `field_text_text` text COLLATE utf8_unicode_ci,
  `field_video_videoUrl` text COLLATE utf8_unicode_ci,
  `field_video_videoCaption` text COLLATE utf8_unicode_ci,
  `field_pullQuote_pullQuote` text COLLATE utf8_unicode_ci,
  `field_pullQuote_pullQuoteAuthor` text COLLATE utf8_unicode_ci,
  `dateCreated` datetime NOT NULL,
  `dateUpdated` datetime NOT NULL,
  `uid` char(36) COLLATE utf8_unicode_ci NOT NULL DEFAULT '0',
  PRIMARY KEY (`id`),
  UNIQUE KEY `craft_matrixcontent_blogpostcontent_elementId_locale_unq_idx` (`elementId`,`locale`),
  KEY `craft_matrixcontent_blogpostcontent_locale_fk` (`locale`)
) ENGINE=InnoDB AUTO_INCREMENT=5 DEFAULT CHARSET=utf8 COLLATE=utf8_unicode_ci;

--
-- Data for table `craft_matrixcontent_blogpostcontent`
--

INSERT INTO `craft_matrixcontent_blogpostcontent` (`id`, `elementId`, `locale`, `field_text_text`, `field_video_videoUrl`, `field_video_videoCaption`, `field_pullQuote_pullQuote`, `field_pullQuote_pullQuoteAuthor`, `dateCreated`, `dateUpdated`, `uid`) VALUES
 ('1', '79', 'en_us', '<p>Nick is very tired today</p>', NULL, NULL, NULL, NULL, '2018-01-22 19:17:08', '2018-01-29 20:15:07', '395e2b4e-e63b-466f-851c-026da4f2612f'),
 ('2', '80', 'en_us', NULL, NULL, NULL, NULL, NULL, '2018-01-22 19:17:08', '2018-01-29 20:15:07', '4decaabb-4234-4a57-928f-d6ac57c645a0'),
 ('3', '81', 'en_us', NULL, NULL, NULL, 'D*mn I\'m tired', '', '2018-01-22 19:17:08', '2018-01-29 20:15:08', 'dc259247-9822-43fa-aaec-01a0c516ed48'),
 ('4', '82', 'en_us', NULL, 'https://www.youtube.com/watch?v=YnaEoCY_vzc', '', NULL, NULL, '2018-01-22 19:21:49', '2018-01-29 20:15:08', '58a27e85-6f89-4737-ab77-b533c7fdd9f9');



DROP TABLE IF EXISTS `craft_matrixcontent_footercontact`;


--
-- Schema for table `craft_matrixcontent_footercontact`
--
CREATE TABLE `craft_matrixcontent_footercontact` (
  `id` int(11) NOT NULL AUTO_INCREMENT,
  `elementId` int(11) NOT NULL,
  `locale` char(12) COLLATE utf8_unicode_ci NOT NULL,
  `field_contactBlock_contactName` varchar(255) COLLATE utf8_unicode_ci DEFAULT NULL,
  `field_contactBlock_contactInfo` text COLLATE utf8_unicode_ci,
  `dateCreated` datetime NOT NULL,
  `dateUpdated` datetime NOT NULL,
  `uid` char(36) COLLATE utf8_unicode_ci NOT NULL DEFAULT '0',
  PRIMARY KEY (`id`),
  UNIQUE KEY `craft_matrixcontent_footercontact_elementId_locale_unq_idx` (`elementId`,`locale`),
  KEY `craft_matrixcontent_footercontact_locale_fk` (`locale`)
) ENGINE=InnoDB AUTO_INCREMENT=4 DEFAULT CHARSET=utf8 COLLATE=utf8_unicode_ci;

--
-- Data for table `craft_matrixcontent_footercontact`
--

INSERT INTO `craft_matrixcontent_footercontact` (`id`, `elementId`, `locale`, `field_contactBlock_contactName`, `field_contactBlock_contactInfo`, `dateCreated`, `dateUpdated`, `uid`) VALUES
 ('1', '85', 'en_us', 'Hours', '7:00 am - 4:30 pm (CST)', '2018-01-24 16:06:08', '2018-01-24 16:06:19', '71ee3093-ffd1-413d-bec8-5d66505c65e7'),
 ('2', '86', 'en_us', 'Call', '(866) 867-0052', '2018-01-24 16:06:08', '2018-01-24 16:06:19', 'e9bb618a-6a08-459f-b5a3-f0a3a1c1e58c'),
 ('3', '87', 'en_us', 'Fax', '608-836-072', '2018-01-24 16:06:08', '2018-01-24 16:06:19', 'ee89a594-d75f-4f98-a250-357b48ab97ab');



DROP TABLE IF EXISTS `craft_matrixcontent_interactivefieldmap`;


--
-- Schema for table `craft_matrixcontent_interactivefieldmap`
--
CREATE TABLE `craft_matrixcontent_interactivefieldmap` (
  `id` int(11) NOT NULL AUTO_INCREMENT,
  `elementId` int(11) NOT NULL,
  `locale` char(12) COLLATE utf8_unicode_ci NOT NULL,
  `field_details_nameOf` text COLLATE utf8_unicode_ci,
  `field_details_description` text COLLATE utf8_unicode_ci,
  `field_details_linkTo` text COLLATE utf8_unicode_ci,
  `dateCreated` datetime NOT NULL,
  `dateUpdated` datetime NOT NULL,
  `uid` char(36) COLLATE utf8_unicode_ci NOT NULL DEFAULT '0',
  PRIMARY KEY (`id`),
  UNIQUE KEY `craft_matrixcontent_interactivefieldmap_elementId_locale_unq_idx` (`elementId`,`locale`),
  KEY `craft_matrixcontent_interactivefieldmap_locale_fk` (`locale`)
) ENGINE=InnoDB AUTO_INCREMENT=2 DEFAULT CHARSET=utf8 COLLATE=utf8_unicode_ci;

--
-- Data for table `craft_matrixcontent_interactivefieldmap`
--

INSERT INTO `craft_matrixcontent_interactivefieldmap` (`id`, `elementId`, `locale`, `field_details_nameOf`, `field_details_description`, `field_details_linkTo`, `dateCreated`, `dateUpdated`, `uid`) VALUES
 ('1', '49', 'en_us', 'First Base', '<p>Pitchers bound</p>', 'pitchers mound', '2017-11-21 20:24:53', '2018-01-22 20:06:23', '0050a746-ce74-44cf-9dec-9aefe0b54319');



DROP TABLE IF EXISTS `craft_matrixcontent_marketingmaterials`;


--
-- Schema for table `craft_matrixcontent_marketingmaterials`
--
CREATE TABLE `craft_matrixcontent_marketingmaterials` (
  `id` int(11) NOT NULL AUTO_INCREMENT,
  `elementId` int(11) NOT NULL,
  `locale` char(12) COLLATE utf8_unicode_ci NOT NULL,
  `field_materials_materialName` text COLLATE utf8_unicode_ci,
  `dateCreated` datetime NOT NULL,
  `dateUpdated` datetime NOT NULL,
  `uid` char(36) COLLATE utf8_unicode_ci NOT NULL DEFAULT '0',
  PRIMARY KEY (`id`),
  UNIQUE KEY `craft_matrixcontent_marketingmaterials_elementId_locale_unq_idx` (`elementId`,`locale`),
  KEY `craft_matrixcontent_marketingmaterials_locale_fk` (`locale`)
) ENGINE=InnoDB AUTO_INCREMENT=3 DEFAULT CHARSET=utf8 COLLATE=utf8_unicode_ci;

--
-- Data for table `craft_matrixcontent_marketingmaterials`
--

INSERT INTO `craft_matrixcontent_marketingmaterials` (`id`, `elementId`, `locale`, `field_materials_materialName`, `dateCreated`, `dateUpdated`, `uid`) VALUES
 ('1', '25', 'en_us', 'Test', '2017-10-24 20:21:38', '2017-11-16 23:58:47', 'd08f9693-ac6f-44b3-aa7e-398b208409a7'),
 ('2', '89', 'en_us', 'Example Spec Sheet', '2018-01-29 20:17:56', '2018-01-29 20:17:56', '742b98c9-3513-4897-840b-97ffac9fe13f');



DROP TABLE IF EXISTS `craft_matrixcontent_process`;


--
-- Schema for table `craft_matrixcontent_process`
--
CREATE TABLE `craft_matrixcontent_process` (
  `id` int(11) NOT NULL AUTO_INCREMENT,
  `elementId` int(11) NOT NULL,
  `locale` char(12) COLLATE utf8_unicode_ci NOT NULL,
  `field_processInformation_processTitle` text COLLATE utf8_unicode_ci,
  `field_processInformation_processInformation` text COLLATE utf8_unicode_ci,
  `dateCreated` datetime NOT NULL,
  `dateUpdated` datetime NOT NULL,
  `uid` char(36) COLLATE utf8_unicode_ci NOT NULL DEFAULT '0',
  PRIMARY KEY (`id`),
  UNIQUE KEY `craft_matrixcontent_process_elementId_locale_unq_idx` (`elementId`,`locale`),
  KEY `craft_matrixcontent_process_locale_fk` (`locale`)
) ENGINE=InnoDB AUTO_INCREMENT=3 DEFAULT CHARSET=utf8 COLLATE=utf8_unicode_ci;

--
-- Data for table `craft_matrixcontent_process`
--

INSERT INTO `craft_matrixcontent_process` (`id`, `elementId`, `locale`, `field_processInformation_processTitle`, `field_processInformation_processInformation`, `dateCreated`, `dateUpdated`, `uid`) VALUES
 ('1', '37', 'en_us', 'Process Title', '<p>Process Info</p>', '2017-11-07 20:36:35', '2017-11-07 20:36:35', '408bfdf7-9af7-4926-bbaa-00fc9b84a6a0'),
 ('2', '38', 'en_us', 'Process Title 2', '<p>Process info 2</p>', '2017-11-07 20:36:35', '2017-11-07 20:36:35', '0b512994-05a9-480d-a2d8-c649eaa2cbd9');



DROP TABLE IF EXISTS `craft_matrixcontent_socialmedia`;


--
-- Schema for table `craft_matrixcontent_socialmedia`
--
CREATE TABLE `craft_matrixcontent_socialmedia` (
  `id` int(11) NOT NULL AUTO_INCREMENT,
  `elementId` int(11) NOT NULL,
  `locale` char(12) COLLATE utf8_unicode_ci NOT NULL,
  `field_socialMediaBlock_socialName` varchar(255) COLLATE utf8_unicode_ci DEFAULT NULL,
  `field_socialMediaBlock_address` text COLLATE utf8_unicode_ci,
  `dateCreated` datetime NOT NULL,
  `dateUpdated` datetime NOT NULL,
  `uid` char(36) COLLATE utf8_unicode_ci NOT NULL DEFAULT '0',
  PRIMARY KEY (`id`),
  UNIQUE KEY `craft_matrixcontent_socialmedia_elementId_locale_unq_idx` (`elementId`,`locale`),
  KEY `craft_matrixcontent_socialmedia_locale_fk` (`locale`)
) ENGINE=InnoDB AUTO_INCREMENT=2 DEFAULT CHARSET=utf8 COLLATE=utf8_unicode_ci;

--
-- Data for table `craft_matrixcontent_socialmedia`
--

INSERT INTO `craft_matrixcontent_socialmedia` (`id`, `elementId`, `locale`, `field_socialMediaBlock_socialName`, `field_socialMediaBlock_address`, `dateCreated`, `dateUpdated`, `uid`) VALUES
 ('1', '33', 'en_us', 'facebook', 'http://www.facebook.com', '2017-11-01 18:04:17', '2018-01-24 16:06:19', '8e02fd78-8b76-4539-80ed-2c229a2c0926');



DROP TABLE IF EXISTS `craft_migrations`;


--
-- Schema for table `craft_migrations`
--
CREATE TABLE `craft_migrations` (
  `id` int(11) NOT NULL AUTO_INCREMENT,
  `pluginId` int(11) DEFAULT NULL,
  `version` varchar(255) COLLATE utf8_unicode_ci NOT NULL,
  `applyTime` datetime NOT NULL,
  `dateCreated` datetime NOT NULL,
  `dateUpdated` datetime NOT NULL,
  `uid` char(36) COLLATE utf8_unicode_ci NOT NULL DEFAULT '0',
  PRIMARY KEY (`id`),
  UNIQUE KEY `craft_migrations_version_unq_idx` (`version`),
  KEY `craft_migrations_pluginId_fk` (`pluginId`)
) ENGINE=InnoDB AUTO_INCREMENT=49 DEFAULT CHARSET=utf8 COLLATE=utf8_unicode_ci;

--
-- Data for table `craft_migrations`
--

INSERT INTO `craft_migrations` (`id`, `pluginId`, `version`, `applyTime`, `dateCreated`, `dateUpdated`, `uid`) VALUES
 ('1', NULL, 'm000000_000000_base', '2017-09-05 17:17:59', '2017-09-05 17:17:59', '2017-09-05 17:17:59', 'c42ee237-e0ab-49e6-9fea-1e927c2e6ada'),
 ('2', NULL, 'm140730_000001_add_filename_and_format_to_transformindex', '2017-09-05 17:17:59', '2017-09-05 17:17:59', '2017-09-05 17:17:59', '455865b1-632b-4c7d-b6b0-4aca326b8921'),
 ('3', NULL, 'm140815_000001_add_format_to_transforms', '2017-09-05 17:17:59', '2017-09-05 17:17:59', '2017-09-05 17:17:59', '0bc727e7-e989-4075-95d4-38d69957d808'),
 ('4', NULL, 'm140822_000001_allow_more_than_128_items_per_field', '2017-09-05 17:17:59', '2017-09-05 17:17:59', '2017-09-05 17:17:59', '745c4f91-194f-4c44-a766-b2a6d07c22b9'),
 ('5', NULL, 'm140829_000001_single_title_formats', '2017-09-05 17:17:59', '2017-09-05 17:17:59', '2017-09-05 17:17:59', 'e9157afd-a8b0-4187-995e-0f6b7375cc69'),
 ('6', NULL, 'm140831_000001_extended_cache_keys', '2017-09-05 17:17:59', '2017-09-05 17:17:59', '2017-09-05 17:17:59', '054c0501-f1de-436d-990f-dbde48767481'),
 ('7', NULL, 'm140922_000001_delete_orphaned_matrix_blocks', '2017-09-05 17:17:59', '2017-09-05 17:17:59', '2017-09-05 17:17:59', '2386449e-e3d6-4b08-bcab-efdd480b5c70'),
 ('8', NULL, 'm141008_000001_elements_index_tune', '2017-09-05 17:17:59', '2017-09-05 17:17:59', '2017-09-05 17:17:59', '8f69ac8d-4712-480a-8f21-185f759c7cf7'),
 ('9', NULL, 'm141009_000001_assets_source_handle', '2017-09-05 17:17:59', '2017-09-05 17:17:59', '2017-09-05 17:17:59', 'c38854ed-b437-4ca7-9e25-29e37f247ea2'),
 ('10', NULL, 'm141024_000001_field_layout_tabs', '2017-09-05 17:17:59', '2017-09-05 17:17:59', '2017-09-05 17:17:59', 'ce18838d-ef0b-4c07-a282-f038fcccf57a'),
 ('11', NULL, 'm141030_000000_plugin_schema_versions', '2017-09-05 17:17:59', '2017-09-05 17:17:59', '2017-09-05 17:17:59', 'c3d86135-3478-4f2f-a854-6f265a560418'),
 ('12', NULL, 'm141030_000001_drop_structure_move_permission', '2017-09-05 17:17:59', '2017-09-05 17:17:59', '2017-09-05 17:17:59', '10fc9d34-969d-4f2f-bdc0-8bc0a6bc9201'),
 ('13', NULL, 'm141103_000001_tag_titles', '2017-09-05 17:17:59', '2017-09-05 17:17:59', '2017-09-05 17:17:59', '84078917-4f2b-4b49-911b-bf4cc2ae9fb1'),
 ('14', NULL, 'm141109_000001_user_status_shuffle', '2017-09-05 17:17:59', '2017-09-05 17:17:59', '2017-09-05 17:17:59', '6cb1d3f4-aba4-4370-9c25-3449bb4945d4'),
 ('15', NULL, 'm141126_000001_user_week_start_day', '2017-09-05 17:17:59', '2017-09-05 17:17:59', '2017-09-05 17:17:59', 'aba96dc2-b962-4be7-98b9-d6461363992a'),
 ('16', NULL, 'm150210_000001_adjust_user_photo_size', '2017-09-05 17:17:59', '2017-09-05 17:17:59', '2017-09-05 17:17:59', '27d3f783-101b-4372-b101-df4cb4bb676e'),
 ('17', NULL, 'm150724_000001_adjust_quality_settings', '2017-09-05 17:17:59', '2017-09-05 17:17:59', '2017-09-05 17:17:59', '55766d9e-d3f8-4b70-b207-b2a5dd39bf28'),
 ('18', NULL, 'm150827_000000_element_index_settings', '2017-09-05 17:17:59', '2017-09-05 17:17:59', '2017-09-05 17:17:59', 'e736d137-8b03-4f96-8c87-cd7f4c4ea0a3'),
 ('19', NULL, 'm150918_000001_add_colspan_to_widgets', '2017-09-05 17:17:59', '2017-09-05 17:17:59', '2017-09-05 17:17:59', '7157c3fb-49bc-43ce-87f7-c11f0d75ac82'),
 ('20', NULL, 'm151007_000000_clear_asset_caches', '2017-09-05 17:17:59', '2017-09-05 17:17:59', '2017-09-05 17:17:59', '6608759c-fe73-4372-b341-895452cb6b64'),
 ('21', NULL, 'm151109_000000_text_url_formats', '2017-09-05 17:17:59', '2017-09-05 17:17:59', '2017-09-05 17:17:59', 'ffcc7733-f195-40fa-b2a1-950e491bb90c'),
 ('22', NULL, 'm151110_000000_move_logo', '2017-09-05 17:17:59', '2017-09-05 17:17:59', '2017-09-05 17:17:59', 'c8114de9-8c59-440c-8785-2e8245b84f86'),
 ('23', NULL, 'm151117_000000_adjust_image_widthheight', '2017-09-05 17:17:59', '2017-09-05 17:17:59', '2017-09-05 17:17:59', 'ec9eaedc-bea9-44c6-b815-1459abfbd35e'),
 ('24', NULL, 'm151127_000000_clear_license_key_status', '2017-09-05 17:17:59', '2017-09-05 17:17:59', '2017-09-05 17:17:59', '30e048bb-4e65-407e-a4ff-49339c0c9232'),
 ('25', NULL, 'm151127_000000_plugin_license_keys', '2017-09-05 17:17:59', '2017-09-05 17:17:59', '2017-09-05 17:17:59', '27db9fdc-2067-4194-9af5-b20bb450d8ab'),
 ('26', NULL, 'm151130_000000_update_pt_widget_feeds', '2017-09-05 17:17:59', '2017-09-05 17:17:59', '2017-09-05 17:17:59', '193b4e5c-99c7-48cc-a2d1-5503b0950684'),
 ('27', NULL, 'm160114_000000_asset_sources_public_url_default_true', '2017-09-05 17:17:59', '2017-09-05 17:17:59', '2017-09-05 17:17:59', '5d2e942a-7cd3-43d7-b3a9-72bf21a69ee7'),
 ('28', NULL, 'm160223_000000_sortorder_to_smallint', '2017-09-05 17:17:59', '2017-09-05 17:17:59', '2017-09-05 17:17:59', '57d62c51-108d-460a-b811-b08dd3e6a8a4'),
 ('29', NULL, 'm160229_000000_set_default_entry_statuses', '2017-09-05 17:17:59', '2017-09-05 17:17:59', '2017-09-05 17:17:59', '7429035f-8ece-4879-a27b-f1860293a86f'),
 ('30', NULL, 'm160304_000000_client_permissions', '2017-09-05 17:17:59', '2017-09-05 17:17:59', '2017-09-05 17:17:59', '74d7d0e8-258c-4b8d-88b0-44ea988ec29b'),
 ('31', NULL, 'm160322_000000_asset_filesize', '2017-09-05 17:17:59', '2017-09-05 17:17:59', '2017-09-05 17:17:59', '4927f8fb-7e9c-4c57-b0d6-9ccaf92cbbd2'),
 ('32', NULL, 'm160503_000000_orphaned_fieldlayouts', '2017-09-05 17:17:59', '2017-09-05 17:17:59', '2017-09-05 17:17:59', '6b94a5f9-7798-4b4b-a12e-d9591b5f1f92'),
 ('33', NULL, 'm160510_000000_tasksettings', '2017-09-05 17:17:59', '2017-09-05 17:17:59', '2017-09-05 17:17:59', '01ff0e79-ca2a-4dfc-a00a-c7d703c46128'),
 ('34', NULL, 'm160829_000000_pending_user_content_cleanup', '2017-09-05 17:17:59', '2017-09-05 17:17:59', '2017-09-05 17:17:59', '6dddc2ab-df96-4b62-b39c-6f0d235006fc'),
 ('35', NULL, 'm160830_000000_asset_index_uri_increase', '2017-09-05 17:17:59', '2017-09-05 17:17:59', '2017-09-05 17:17:59', 'c80ca2c0-22c2-4625-ab5d-4d7ec583afd1'),
 ('36', NULL, 'm160919_000000_usergroup_handle_title_unique', '2017-09-05 17:17:59', '2017-09-05 17:17:59', '2017-09-05 17:17:59', '0c0c2f14-7bb7-48c6-99f0-88f162f7d9bf'),
 ('37', NULL, 'm161108_000000_new_version_format', '2017-09-05 17:17:59', '2017-09-05 17:17:59', '2017-09-05 17:17:59', '972ab83d-bd88-42a3-b758-436988f2a01b'),
 ('38', NULL, 'm161109_000000_index_shuffle', '2017-09-05 17:17:59', '2017-09-05 17:17:59', '2017-09-05 17:17:59', '32f9991b-cf16-414e-acd2-2820f84d7904'),
 ('39', NULL, 'm170612_000000_route_index_shuffle', '2017-09-05 17:18:22', '2017-09-05 17:18:22', '2017-09-05 17:18:22', '73260c74-1359-4574-92ba-f79ee820ca57'),
 ('40', '2', 'm150212_145000_AmNav_renamePagesToNodes', '2017-09-19 19:09:08', '2017-09-19 19:09:08', '2017-09-19 19:09:08', '2d7b7bce-86ab-4717-a856-0ddaee7c4816'),
 ('41', '2', 'm150217_112800_AmNav_expandPageData', '2017-09-19 19:09:08', '2017-09-19 19:09:08', '2017-09-19 19:09:08', 'eb0d5553-5281-43fa-9d54-1aacc3323f44'),
 ('42', '2', 'm150403_093000_AmNav_nodesWithElements', '2017-09-19 19:09:08', '2017-09-19 19:09:08', '2017-09-19 19:09:08', '3d42a969-1077-4452-8fa0-0ea68a794c2d'),
 ('43', '2', 'm150512_105600_AmNav_addOptionalClass', '2017-09-19 19:09:08', '2017-09-19 19:09:08', '2017-09-19 19:09:08', 'daaa0866-20e3-4238-a6c0-75d56a1dca90'),
 ('44', '4', 'm140330_000000_smartMap_addCountrySubfield', '2017-10-27 20:40:50', '2017-10-27 20:40:50', '2017-10-27 20:40:50', '1befe78e-ad51-41fa-8932-9a9740fb0b8f'),
 ('45', '4', 'm140330_000001_smartMap_autofillCountryForExistingAddresses', '2017-10-27 20:40:50', '2017-10-27 20:40:50', '2017-10-27 20:40:50', '6795af15-8656-4d1e-845e-4003945155da'),
 ('46', '4', 'm140811_000001_smartMap_changeHandleToFieldId', '2017-10-27 20:40:50', '2017-10-27 20:40:50', '2017-10-27 20:40:50', '61a406d6-3c9a-4a31-9e70-a4230a72dbb8'),
 ('47', '4', 'm150329_000000_smartMap_splitGoogleApiKeys', '2017-10-27 20:40:50', '2017-10-27 20:40:50', '2017-10-27 20:40:50', '11092578-3d14-489d-a92c-073a91a561a2'),
 ('48', '4', 'm150331_000000_smartMap_reorganizeGeolocationOptions', '2017-10-27 20:40:50', '2017-10-27 20:40:50', '2017-10-27 20:40:50', 'a761a8c4-8286-49f5-a0b6-429646ceb97e');



DROP TABLE IF EXISTS `craft_plugins`;


--
-- Schema for table `craft_plugins`
--
CREATE TABLE `craft_plugins` (
  `id` int(11) NOT NULL AUTO_INCREMENT,
  `class` varchar(150) COLLATE utf8_unicode_ci NOT NULL,
  `version` varchar(15) COLLATE utf8_unicode_ci NOT NULL,
  `schemaVersion` varchar(15) COLLATE utf8_unicode_ci DEFAULT NULL,
  `licenseKey` char(24) COLLATE utf8_unicode_ci DEFAULT NULL,
  `licenseKeyStatus` enum('valid','invalid','mismatched','unknown') COLLATE utf8_unicode_ci NOT NULL DEFAULT 'unknown',
  `enabled` tinyint(1) unsigned NOT NULL DEFAULT '0',
  `settings` text COLLATE utf8_unicode_ci,
  `installDate` datetime NOT NULL,
  `dateCreated` datetime NOT NULL,
  `dateUpdated` datetime NOT NULL,
  `uid` char(36) COLLATE utf8_unicode_ci NOT NULL DEFAULT '0',
  PRIMARY KEY (`id`)
) ENGINE=InnoDB AUTO_INCREMENT=6 DEFAULT CHARSET=utf8 COLLATE=utf8_unicode_ci;

--
-- Data for table `craft_plugins`
--

INSERT INTO `craft_plugins` (`id`, `class`, `version`, `schemaVersion`, `licenseKey`, `licenseKeyStatus`, `enabled`, `settings`, `installDate`, `dateCreated`, `dateUpdated`, `uid`) VALUES
 ('1', 'Adminbar', '2.1.1', '2.0.0', NULL, 'unknown', '1', NULL, '2017-09-19 19:04:54', '2017-09-19 19:04:54', '2018-02-02 14:35:35', '6dfa4a77-8a32-4e56-a78c-ac0032323214'),
 ('2', 'AmNav', '1.8.0', '1.7.4', NULL, 'unknown', '1', '{\"pluginName\":\"Navigation\",\"canDoActions\":\"\",\"quietErrors\":\"\"}', '2017-09-19 19:09:08', '2017-09-19 19:09:08', '2018-02-02 14:35:35', '31f9a006-ac12-4f1e-bf92-73e83bf407bb'),
 ('3', 'CpFieldLinks', '1.2.2', '1.0', NULL, 'unknown', '1', NULL, '2017-09-19 19:09:12', '2017-09-19 19:09:12', '2018-02-02 14:35:35', '2e2fee34-84bc-4990-8910-d81418ac1155'),
 ('4', 'SmartMap', '2.4.1', '2.3.0', NULL, 'unknown', '1', '{\"googleServerKey\":\"AIzaSyAIrapC9vX2flkyOQsR39L_GTBFc8vpnGI\",\"googleBrowserKey\":\"AIzaSyDCXcOASgpbN3ZB9Xjzq-G-Ny56W9tF0w8\",\"geolocation\":\"none\",\"maxmindService\":\"\",\"maxmindUserId\":\"\",\"maxmindLicenseKey\":\"\",\"debugRoute\":\"map\\/debug\"}', '2017-10-27 20:40:50', '2017-10-27 20:40:50', '2018-02-02 14:35:35', '1693f067-d6eb-4740-8d7d-270c10535d16'),
 ('5', 'VideoEmbedUtility', '1.0.0', NULL, NULL, 'unknown', '1', NULL, '2018-01-22 19:19:39', '2018-01-22 19:19:39', '2018-02-02 14:35:35', 'e115b705-99e3-464c-93e1-52f3298305e7');



DROP TABLE IF EXISTS `craft_rackspaceaccess`;


--
-- Schema for table `craft_rackspaceaccess`
--
CREATE TABLE `craft_rackspaceaccess` (
  `id` int(11) NOT NULL AUTO_INCREMENT,
  `connectionKey` varchar(255) COLLATE utf8_unicode_ci NOT NULL,
  `token` varchar(255) COLLATE utf8_unicode_ci NOT NULL,
  `storageUrl` varchar(255) COLLATE utf8_unicode_ci NOT NULL,
  `cdnUrl` varchar(255) COLLATE utf8_unicode_ci NOT NULL,
  `dateCreated` datetime NOT NULL,
  `dateUpdated` datetime NOT NULL,
  `uid` char(36) COLLATE utf8_unicode_ci NOT NULL DEFAULT '0',
  PRIMARY KEY (`id`),
  UNIQUE KEY `craft_rackspaceaccess_connectionKey_unq_idx` (`connectionKey`)
) ENGINE=InnoDB DEFAULT CHARSET=utf8 COLLATE=utf8_unicode_ci;

DROP TABLE IF EXISTS `craft_relations`;


--
-- Schema for table `craft_relations`
--
CREATE TABLE `craft_relations` (
  `id` int(11) NOT NULL AUTO_INCREMENT,
  `fieldId` int(11) NOT NULL,
  `sourceId` int(11) NOT NULL,
  `sourceLocale` char(12) COLLATE utf8_unicode_ci DEFAULT NULL,
  `targetId` int(11) NOT NULL,
  `sortOrder` smallint(6) DEFAULT NULL,
  `dateCreated` datetime NOT NULL,
  `dateUpdated` datetime NOT NULL,
  `uid` char(36) COLLATE utf8_unicode_ci NOT NULL DEFAULT '0',
  PRIMARY KEY (`id`),
  UNIQUE KEY `craft_relations_fieldId_sourceId_sourceLocale_targetId_unq_idx` (`fieldId`,`sourceId`,`sourceLocale`,`targetId`),
  KEY `craft_relations_sourceId_fk` (`sourceId`),
  KEY `craft_relations_sourceLocale_fk` (`sourceLocale`),
  KEY `craft_relations_targetId_fk` (`targetId`)
) ENGINE=InnoDB AUTO_INCREMENT=62 DEFAULT CHARSET=utf8 COLLATE=utf8_unicode_ci;

--
-- Data for table `craft_relations`
--

INSERT INTO `craft_relations` (`id`, `fieldId`, `sourceId`, `sourceLocale`, `targetId`, `sortOrder`, `dateCreated`, `dateUpdated`, `uid`) VALUES
 ('31', '13', '25', NULL, '24', '1', '2017-11-16 23:58:47', '2017-11-16 23:58:47', 'b2c43b87-10e0-4735-9d77-4118cf2a1e3e'),
 ('32', '6', '47', NULL, '10', '1', '2017-11-21 17:33:48', '2017-11-21 17:33:48', 'a35d458b-cf54-40ab-8b6e-c27844944b21'),
 ('33', '7', '47', NULL, '14', '1', '2017-11-21 17:33:48', '2017-11-21 17:33:48', 'f8ae3a2b-3205-4b00-b77c-f7fb667f6bbc'),
 ('34', '8', '47', NULL, '16', '1', '2017-11-21 17:33:48', '2017-11-21 17:33:48', '73fc0df7-24cb-495e-bb6c-53e89e988fbd'),
 ('35', '40', '47', NULL, '44', '1', '2017-11-21 17:33:48', '2017-11-21 17:33:48', '3031443d-f2c0-4752-9c85-5163bcfdf1ea'),
 ('42', '50', '58', NULL, '48', '1', '2017-11-28 20:07:59', '2017-11-28 20:07:59', 'ce7c66d6-8435-4f2a-b68e-c9565788d826'),
 ('45', '54', '71', NULL, '69', '1', '2017-12-07 21:29:43', '2017-12-07 21:29:43', '2c32d325-fb10-4879-8816-5e133c0bc891'),
 ('49', '64', '31', NULL, '76', '1', '2018-01-19 19:31:21', '2018-01-19 19:31:21', '19f0a11e-f7c6-44f0-abde-2edae44df85e'),
 ('50', '19', '31', NULL, '75', '1', '2018-01-19 19:31:21', '2018-01-19 19:31:21', '8292f28c-62fd-4369-8f37-2d619c60a2c3'),
 ('51', '55', '31', NULL, '74', '1', '2018-01-19 19:31:21', '2018-01-19 19:31:21', 'c4a16804-42df-409f-bfe3-acc6f761ba30'),
 ('55', '41', '2', NULL, '83', '1', '2018-01-22 20:06:23', '2018-01-22 20:06:23', 'b757cf96-20ca-4611-84f7-1628ba202625'),
 ('56', '41', '36', NULL, '84', '1', '2018-01-22 20:08:59', '2018-01-22 20:08:59', '809a16a6-f727-46cd-90cc-44603e23b9d9'),
 ('57', '67', '80', NULL, '77', '1', '2018-01-29 20:15:07', '2018-01-29 20:15:07', '6ab7a5dd-e198-461b-8e35-77fb5abad238'),
 ('58', '75', '78', NULL, '47', '1', '2018-01-29 20:15:08', '2018-01-29 20:15:08', 'db72b5eb-cd0e-4cb4-a8a4-c73825917576'),
 ('59', '13', '89', NULL, '24', '1', '2018-01-29 20:17:56', '2018-01-29 20:17:56', '2e385001-394c-48dc-a725-aa532e6e9f38'),
 ('60', '40', '88', NULL, '45', '1', '2018-01-29 20:17:56', '2018-01-29 20:17:56', '4d57a27d-8128-4d79-aa79-56a76a2e9386'),
 ('61', '57', '88', NULL, '76', '1', '2018-01-29 20:17:56', '2018-01-29 20:17:56', '2d567968-e884-4efe-ba65-1a102f66c096');



DROP TABLE IF EXISTS `craft_routes`;


--
-- Schema for table `craft_routes`
--
CREATE TABLE `craft_routes` (
  `id` int(11) NOT NULL AUTO_INCREMENT,
  `locale` char(12) COLLATE utf8_unicode_ci DEFAULT NULL,
  `urlParts` varchar(255) COLLATE utf8_unicode_ci NOT NULL,
  `urlPattern` varchar(255) COLLATE utf8_unicode_ci NOT NULL,
  `template` varchar(255) COLLATE utf8_unicode_ci NOT NULL,
  `sortOrder` smallint(6) unsigned DEFAULT NULL,
  `dateCreated` datetime NOT NULL,
  `dateUpdated` datetime NOT NULL,
  `uid` char(36) COLLATE utf8_unicode_ci NOT NULL DEFAULT '0',
  PRIMARY KEY (`id`),
  KEY `craft_routes_locale_idx` (`locale`),
  KEY `craft_routes_urlPattern_idx` (`urlPattern`)
) ENGINE=InnoDB DEFAULT CHARSET=utf8 COLLATE=utf8_unicode_ci;

DROP TABLE IF EXISTS `craft_searchindex`;


--
-- Schema for table `craft_searchindex`
--
CREATE TABLE `craft_searchindex` (
  `elementId` int(11) NOT NULL,
  `attribute` varchar(25) COLLATE utf8_unicode_ci NOT NULL,
  `fieldId` int(11) NOT NULL,
  `locale` char(12) COLLATE utf8_unicode_ci NOT NULL,
  `keywords` text COLLATE utf8_unicode_ci NOT NULL,
  PRIMARY KEY (`elementId`,`attribute`,`fieldId`,`locale`),
  FULLTEXT KEY `craft_searchindex_keywords_idx` (`keywords`)
) ENGINE=MyISAM DEFAULT CHARSET=utf8 COLLATE=utf8_unicode_ci;

--
-- Data for table `craft_searchindex`
--

INSERT INTO `craft_searchindex` (`elementId`, `attribute`, `fieldId`, `locale`, `keywords`) VALUES
 ('1', 'username', '0', 'en_us', ' ideabase '),
 ('1', 'firstname', '0', 'en_us', ''),
 ('1', 'lastname', '0', 'en_us', ''),
 ('1', 'fullname', '0', 'en_us', ''),
 ('1', 'email', '0', 'en_us', ' info ideabasekent com '),
 ('1', 'slug', '0', 'en_us', ''),
 ('2', 'slug', '0', 'en_us', ' homepage '),
 ('2', 'title', '0', 'en_us', ' home '),
 ('2', 'field', '1', 'en_us', ' it s true this site doesn t have a whole lot of content yet but don t worry our web developers have just installed the cms and they re setting things up for the content editors this very moment soon duraedge web will be an oasis of fresh perspectives sharp analyses and astute opinions that will keep you coming back again and again '),
 ('3', 'field', '1', 'en_us', ' craft is the cms that s powering duraedge web it s beautiful powerful flexible and easy to use and it s made by pixel tonic we can t wait to dive in and see what it s capable of this is even more captivating content which you couldn t see on the news index page because it was entered after a page break and the news index template only likes to show the content on the first page craft a nice alternative to word if you re making a website '),
 ('3', 'field', '2', 'en_us', ''),
 ('3', 'slug', '0', 'en_us', ' we just installed craft '),
 ('3', 'title', '0', 'en_us', ' we just installed craft '),
 ('39', 'title', '0', 'en_us', ' bob the builder '),
 ('39', 'slug', '0', 'en_us', ' bob the builder '),
 ('39', 'field', '1', 'en_us', ' can we fix it '),
 ('37', 'field', '36', 'en_us', ' process title '),
 ('37', 'field', '37', 'en_us', ' process info '),
 ('37', 'slug', '0', 'en_us', ''),
 ('38', 'field', '36', 'en_us', ' process title 2 '),
 ('38', 'field', '37', 'en_us', ' process info 2 '),
 ('38', 'slug', '0', 'en_us', ''),
 ('16', 'slug', '0', 'en_us', ' new '),
 ('16', 'title', '0', 'en_us', ' new '),
 ('17', 'slug', '0', 'en_us', ' existing '),
 ('36', 'field', '35', 'en_us', ' process info process title process info 2 process title 2 '),
 ('7', 'field', '1', 'en_us', ' wefsdf '),
 ('7', 'field', '2', 'en_us', ''),
 ('7', 'slug', '0', 'en_us', ' ddd '),
 ('7', 'title', '0', 'en_us', ' ddd '),
 ('8', 'field', '1', 'en_us', ' 333 '),
 ('8', 'field', '2', 'en_us', ''),
 ('8', 'slug', '0', 'en_us', ' ddd '),
 ('8', 'title', '0', 'en_us', ' ddd '),
 ('36', 'field', '1', 'en_us', ' and scrambled it to make a type specimen book it has survived not only five centuries but also the leap into electronic typesetting remaining essentially unchanged it was popularised in the 1960s with the release of letraset sheets containing lorem ipsum passages and more recently with desktop publishing software like aldus pagemaker including versions of lorem ips '),
 ('36', 'title', '0', 'en_us', ' why duraedge '),
 ('33', 'slug', '0', 'en_us', ''),
 ('34', 'slug', '0', 'en_us', ' executive '),
 ('34', 'title', '0', 'en_us', ' executive '),
 ('35', 'slug', '0', 'en_us', ' regular '),
 ('35', 'title', '0', 'en_us', ' regular '),
 ('36', 'slug', '0', 'en_us', ' why duraedge '),
 ('33', 'field', '23', 'en_us', ' http www facebook com '),
 ('33', 'field', '22', 'en_us', ' facebook '),
 ('10', 'field', '4', 'en_us', ' 0 '),
 ('10', 'slug', '0', 'en_us', ' has water '),
 ('10', 'title', '0', 'en_us', ' has water '),
 ('11', 'field', '4', 'en_us', ' 0 '),
 ('11', 'slug', '0', 'en_us', ' no water '),
 ('11', 'title', '0', 'en_us', ' no water '),
 ('12', 'slug', '0', 'en_us', ' light '),
 ('12', 'title', '0', 'en_us', ' light '),
 ('13', 'slug', '0', 'en_us', ' moderate '),
 ('13', 'title', '0', 'en_us', ' moderate '),
 ('14', 'slug', '0', 'en_us', ' heavy '),
 ('14', 'title', '0', 'en_us', ' heavy '),
 ('31', 'field', '64', 'en_us', ' artboard 2 '),
 ('31', 'field', '18', 'en_us', ' duraedge '),
 ('32', 'slug', '0', 'en_us', ''),
 ('17', 'title', '0', 'en_us', ' existing '),
 ('32', 'field', '20', 'en_us', ' 866 867 0052 '),
 ('32', 'field', '21', 'en_us', ' http www facebook com facebook '),
 ('32', 'field', '18', 'en_us', ' duraedge '),
 ('32', 'field', '27', 'en_us', ' 608 836 072 '),
 ('32', 'field', '25', 'en_us', ' customer service center m f '),
 ('32', 'field', '17', 'en_us', ' 4783 harlansburg rd '),
 ('32', 'field', '19', 'en_us', ''),
 ('31', 'slug', '0', 'en_us', ''),
 ('19', 'field', '1', 'en_us', ' 1 '),
 ('19', 'slug', '0', 'en_us', ' my soil is dry '),
 ('19', 'title', '0', 'en_us', ' my soil is dry '),
 ('20', 'field', '1', 'en_us', ' 1 2 '),
 ('20', 'slug', '0', 'en_us', ' my soil sucks '),
 ('20', 'title', '0', 'en_us', ' my soil has rocks in it '),
 ('21', 'field', '1', 'en_us', ' 1 '),
 ('21', 'slug', '0', 'en_us', ' 1 '),
 ('21', 'title', '0', 'en_us', ' 1 '),
 ('22', 'slug', '0', 'en_us', ' about duraedge '),
 ('22', 'title', '0', 'en_us', ' about duraedge '),
 ('22', 'field', '9', 'en_us', ' lorem ipsum dolor sit amet consectetuer adipiscing elit aenean commodo ligula eget dolor aenean massa cum sociis natoque penatibus et magnis dis parturient montes nascetur ridiculus mus '),
 ('22', 'field', '10', 'en_us', ' lorem ipsum dolor sit amet consectetuer adipiscing elit aenean commodo ligula eget dolor aenean massa cum sociis natoque penatibus et magnis dis parturient montes nascetur ridiculus mus '),
 ('22', 'field', '1', 'en_us', ' lorem ipsum dolor sit amet consectetuer adipiscing elit aenean commodo ligula eget dolor aenean massa cum sociis natoque penatibus et magnis dis parturient montes nascetur ridiculus mus '),
 ('23', 'slug', '0', 'en_us', ' contact duraedge '),
 ('23', 'title', '0', 'en_us', ' contact duraedge '),
 ('23', 'field', '1', 'en_us', ' body '),
 ('23', 'field', '11', 'en_us', ' pdf sample test '),
 ('24', 'filename', '0', 'en_us', ' pdf sample pdf '),
 ('24', 'extension', '0', 'en_us', ' pdf '),
 ('24', 'kind', '0', 'en_us', ' pdf '),
 ('24', 'slug', '0', 'en_us', ' pdf sample '),
 ('24', 'title', '0', 'en_us', ' pdf sample '),
 ('25', 'field', '12', 'en_us', ' test '),
 ('25', 'field', '13', 'en_us', ' pdf sample '),
 ('25', 'slug', '0', 'en_us', ''),
 ('26', 'field', '14', 'en_us', ' jsnow gmail com '),
 ('26', 'field', '15', 'en_us', ' 330123456 '),
 ('26', 'slug', '0', 'en_us', ' jon snow '),
 ('26', 'title', '0', 'en_us', ' find a distributor '),
 ('27', 'field', '14', 'en_us', ' windians gmail com '),
 ('27', 'field', '15', 'en_us', ' 911 ');
INSERT INTO `craft_searchindex` (`elementId`, `attribute`, `fieldId`, `locale`, `keywords`) VALUES
 ('27', 'field', '16', 'en_us', ' cleveland '),
 ('27', 'slug', '0', 'en_us', ' cleveland indians '),
 ('27', 'title', '0', 'en_us', ' cleveland indians '),
 ('28', 'slug', '0', 'en_us', ' products '),
 ('28', 'title', '0', 'en_us', ' products '),
 ('29', 'field', '24', 'en_us', ' 4783 harlansburg rd slippery rock pa 16057 united states 41 0349862 80 1440284 41 0349862 80 1440284 5706 179012241 '),
 ('29', 'slug', '0', 'en_us', ' duraedge hq '),
 ('29', 'title', '0', 'en_us', ' duraedge hq '),
 ('30', 'field', '24', 'en_us', ' 2001 blake st denver co 80205 united states 39 7559779 104 9933491 39 7559779 104 9933491 7011 4637364146 '),
 ('30', 'slug', '0', 'en_us', ' colorado rockies field '),
 ('30', 'title', '0', 'en_us', ' colorado rockies field '),
 ('32', 'field', '26', 'en_us', ' 7 00 am 4 30 pm cst '),
 ('40', 'slug', '0', 'en_us', ' basic '),
 ('40', 'title', '0', 'en_us', ' basic '),
 ('41', 'slug', '0', 'en_us', ' intermediate '),
 ('41', 'title', '0', 'en_us', ' intermediate '),
 ('42', 'slug', '0', 'en_us', ' advanced '),
 ('42', 'title', '0', 'en_us', ' advanced '),
 ('23', 'field', '9', 'en_us', ' header '),
 ('23', 'field', '24', 'en_us', ' 23 24 '),
 ('43', 'field', '14', 'en_us', ' jsnow ww com '),
 ('43', 'field', '15', 'en_us', ' 0 '),
 ('43', 'field', '24', 'en_us', ' 40 6920928987952 81 91749572753906 40 6920928987952 81 91749572753906 5795 9278870503 '),
 ('43', 'slug', '0', 'en_us', ' jon snow '),
 ('43', 'title', '0', 'en_us', ' jon snow '),
 ('32', 'field', '39', 'en_us', ' https duraedge ideabasekent com httpdocs '),
 ('44', 'slug', '0', 'en_us', ' soil '),
 ('44', 'title', '0', 'en_us', ' soil '),
 ('45', 'slug', '0', 'en_us', ' dressing '),
 ('45', 'title', '0', 'en_us', ' dressing '),
 ('46', 'slug', '0', 'en_us', ' accessories '),
 ('46', 'title', '0', 'en_us', ' accessories '),
 ('47', 'field', '6', 'en_us', ' has water '),
 ('47', 'field', '7', 'en_us', ' heavy '),
 ('47', 'field', '8', 'en_us', ' new '),
 ('47', 'field', '40', 'en_us', ' soil '),
 ('47', 'field', '1', 'en_us', ' k it has survived not only five centuries but also the leap into electronic typesetting remaining essentially unchanged it was popularised in the 1960s with the release of letraset sheets containing lorem ipsum passages and more recently with desktop publishing software like aldus pagemaker including versions of lorem ipsum '),
 ('47', 'slug', '0', 'en_us', ' example field '),
 ('47', 'title', '0', 'en_us', ' example field '),
 ('48', 'filename', '0', 'en_us', ' pasta spaghetti noodle pasta nests 47306 jpeg '),
 ('48', 'extension', '0', 'en_us', ' jpeg '),
 ('48', 'kind', '0', 'en_us', ' image '),
 ('48', 'slug', '0', 'en_us', ' pasta spaghetti noodle pasta nests 47306 '),
 ('48', 'title', '0', 'en_us', ' pasta spaghetti noodle pasta nests 47306 '),
 ('36', 'field', '41', 'en_us', ' photo on 1 22 18 at 3 08 pm '),
 ('2', 'field', '41', 'en_us', ' photo on 1 22 18 at 3 06 pm '),
 ('2', 'field', '43', 'en_us', ' pitchers bound pitchers mound first base '),
 ('49', 'field', '44', 'en_us', ' first base '),
 ('49', 'field', '45', 'en_us', ' pitchers bound '),
 ('49', 'field', '46', 'en_us', ' pitchers mound '),
 ('49', 'slug', '0', 'en_us', ''),
 ('23', 'field', '41', 'en_us', ''),
 ('50', 'slug', '0', 'en_us', ' field maintenance '),
 ('50', 'title', '0', 'en_us', ' field maintenance '),
 ('51', 'slug', '0', 'en_us', ' groundskeeper '),
 ('51', 'title', '0', 'en_us', ' groundskeeper '),
 ('52', 'slug', '0', 'en_us', ' coach '),
 ('52', 'title', '0', 'en_us', ' coach '),
 ('53', 'slug', '0', 'en_us', ' athletic director '),
 ('53', 'title', '0', 'en_us', ' athletic director '),
 ('54', 'slug', '0', 'en_us', ' professional '),
 ('54', 'title', '0', 'en_us', ' professional '),
 ('55', 'slug', '0', 'en_us', ' collegiate '),
 ('55', 'title', '0', 'en_us', ' collegiate '),
 ('56', 'slug', '0', 'en_us', ' recreational '),
 ('56', 'title', '0', 'en_us', ' recreational '),
 ('19', 'field', '38', 'en_us', ''),
 ('19', 'field', '48', 'en_us', ''),
 ('19', 'field', '49', 'en_us', ''),
 ('19', 'field', '50', 'en_us', ''),
 ('20', 'field', '38', 'en_us', ''),
 ('20', 'field', '48', 'en_us', ''),
 ('20', 'field', '49', 'en_us', ''),
 ('20', 'field', '50', 'en_us', ''),
 ('21', 'field', '38', 'en_us', ''),
 ('21', 'field', '48', 'en_us', ''),
 ('21', 'field', '49', 'en_us', ''),
 ('21', 'field', '50', 'en_us', ''),
 ('57', 'slug', '0', 'en_us', ' architects '),
 ('57', 'title', '0', 'en_us', ' architects '),
 ('58', 'slug', '0', 'en_us', ' certified programs '),
 ('58', 'title', '0', 'en_us', ' certification programs '),
 ('59', 'slug', '0', 'en_us', ' become a certified installer '),
 ('59', 'title', '0', 'en_us', ' become a certified installer '),
 ('60', 'slug', '0', 'en_us', ' field assurance program '),
 ('60', 'title', '0', 'en_us', ' field assurance program '),
 ('58', 'field', '50', 'en_us', ' pasta spaghetti noodle pasta nests 47306 '),
 ('58', 'field', '9', 'en_us', ' yo '),
 ('58', 'field', '1', 'en_us', ' yo '),
 ('61', 'field', '50', 'en_us', ''),
 ('61', 'field', '9', 'en_us', ' this is a fun event '),
 ('61', 'field', '1', 'en_us', ' test test tets test eteasdjojsdakfj sdlkfjdsflkdsjflksd fksdlhgkdshnsdlkgj sdlkgjsdlkgjs dgsdlkbjsd blksdj glksdjf lksdgdsgdsf '),
 ('61', 'field', '24', 'en_us', ' 609 s lincoln st kent oh 44240 united states 41 14725030 81 35055550 41 14725030 81 35055550 5769 4788963921 '),
 ('61', 'slug', '0', 'en_us', ' fun event '),
 ('61', 'title', '0', 'en_us', ' fun event '),
 ('57', 'field', '9', 'en_us', ' lorem '),
 ('57', 'field', '1', 'en_us', ' ipsum '),
 ('61', 'field', '51', 'en_us', ' 2017 12 20 '),
 ('62', 'slug', '0', 'en_us', ' bad hops '),
 ('62', 'title', '0', 'en_us', ' bad hops ');
INSERT INTO `craft_searchindex` (`elementId`, `attribute`, `fieldId`, `locale`, `keywords`) VALUES
 ('63', 'slug', '0', 'en_us', ' lips forming '),
 ('63', 'title', '0', 'en_us', ' lips forming '),
 ('64', 'slug', '0', 'en_us', ' dusty dry infield '),
 ('64', 'title', '0', 'en_us', ' dusty dry infield '),
 ('65', 'slug', '0', 'en_us', ' wet mucky infield '),
 ('65', 'title', '0', 'en_us', ' wet mucky infield '),
 ('66', 'slug', '0', 'en_us', ' infield is holding water '),
 ('66', 'title', '0', 'en_us', ' infield is holding water '),
 ('67', 'slug', '0', 'en_us', ' plate chunking out '),
 ('67', 'title', '0', 'en_us', ' plate chunking out '),
 ('71', 'field', '54', 'en_us', ' distributor '),
 ('70', 'title', '0', 'en_us', ' installer '),
 ('70', 'slug', '0', 'en_us', ' installer '),
 ('69', 'title', '0', 'en_us', ' distributor '),
 ('69', 'slug', '0', 'en_us', ' distributor '),
 ('71', 'field', '31', 'en_us', ''),
 ('71', 'field', '32', 'en_us', ''),
 ('71', 'field', '30', 'en_us', ' 911 '),
 ('71', 'field', '28', 'en_us', ' email emai com '),
 ('71', 'field', '33', 'en_us', ''),
 ('71', 'slug', '0', 'en_us', ' bob bobson '),
 ('71', 'title', '0', 'en_us', ' bob bobson '),
 ('31', 'field', '19', 'en_us', ' dura edge wordmark '),
 ('31', 'field', '55', 'en_us', ' baseball '),
 ('75', 'extension', '0', 'en_us', ' svg '),
 ('75', 'filename', '0', 'en_us', ' duraedgewordmark svg '),
 ('74', 'slug', '0', 'en_us', ' baseball '),
 ('74', 'title', '0', 'en_us', ' baseball '),
 ('74', 'kind', '0', 'en_us', ' image '),
 ('74', 'extension', '0', 'en_us', ' svg '),
 ('74', 'filename', '0', 'en_us', ' baseball svg '),
 ('75', 'kind', '0', 'en_us', ' image '),
 ('75', 'slug', '0', 'en_us', ' dura edge wordmark '),
 ('75', 'title', '0', 'en_us', ' dura edge wordmark '),
 ('32', 'field', '56', 'en_us', ' 7 00 am 4 30 pm cst hours 866 867 0052 call 608 836 072 fax '),
 ('2', 'field', '58', 'en_us', ' headline '),
 ('2', 'field', '59', 'en_us', ' subheadline '),
 ('2', 'field', '60', 'en_us', ' cta '),
 ('32', 'field', '63', 'en_us', ' slippery rock pa 16057 '),
 ('76', 'filename', '0', 'en_us', ' artboard 2 svg '),
 ('76', 'extension', '0', 'en_us', ' svg '),
 ('76', 'kind', '0', 'en_us', ' image '),
 ('76', 'slug', '0', 'en_us', ' artboard 2 '),
 ('76', 'title', '0', 'en_us', ' artboard 2 '),
 ('77', 'filename', '0', 'en_us', ' photo on 1 22 18 at 2 16 pm jpg '),
 ('77', 'extension', '0', 'en_us', ' jpg '),
 ('77', 'kind', '0', 'en_us', ' image '),
 ('77', 'slug', '0', 'en_us', ' photo on 1 22 18 at 2 16 pm '),
 ('77', 'title', '0', 'en_us', ' photo on 1 22 18 at 2 16 pm '),
 ('78', 'field', '65', 'en_us', ' nick is very tired today photo on 1 22 18 at 2 16 pm d mn i m tired https www youtube com watch v=ynaeocy_vzc '),
 ('78', 'field', '38', 'en_us', ''),
 ('78', 'field', '48', 'en_us', ''),
 ('78', 'field', '49', 'en_us', ''),
 ('78', 'field', '50', 'en_us', ''),
 ('78', 'field', '61', 'en_us', ' 0 '),
 ('78', 'slug', '0', 'en_us', ' nick is tired '),
 ('78', 'title', '0', 'en_us', ' nick is tired '),
 ('79', 'field', '66', 'en_us', ' nick is very tired today '),
 ('79', 'slug', '0', 'en_us', ''),
 ('80', 'field', '67', 'en_us', ' photo on 1 22 18 at 2 16 pm '),
 ('80', 'slug', '0', 'en_us', ''),
 ('81', 'field', '70', 'en_us', ' d mn i m tired '),
 ('81', 'field', '71', 'en_us', ''),
 ('81', 'slug', '0', 'en_us', ''),
 ('82', 'field', '68', 'en_us', ' https www youtube com watch v=ynaeocy_vzc '),
 ('82', 'field', '69', 'en_us', ''),
 ('82', 'slug', '0', 'en_us', ''),
 ('83', 'filename', '0', 'en_us', ' photo on 1 22 18 at 3 06 pm jpg '),
 ('83', 'extension', '0', 'en_us', ' jpg '),
 ('83', 'kind', '0', 'en_us', ' image '),
 ('83', 'slug', '0', 'en_us', ' photo on 1 22 18 at 3 06 pm '),
 ('83', 'title', '0', 'en_us', ' photo on 1 22 18 at 3 06 pm '),
 ('84', 'filename', '0', 'en_us', ' photo on 1 22 18 at 3 08 pm jpg '),
 ('84', 'extension', '0', 'en_us', ' jpg '),
 ('84', 'kind', '0', 'en_us', ' image '),
 ('84', 'slug', '0', 'en_us', ' photo on 1 22 18 at 3 08 pm '),
 ('84', 'title', '0', 'en_us', ' photo on 1 22 18 at 3 08 pm '),
 ('85', 'field', '72', 'en_us', ' hours '),
 ('85', 'field', '73', 'en_us', ' 7 00 am 4 30 pm cst '),
 ('85', 'slug', '0', 'en_us', ''),
 ('86', 'field', '72', 'en_us', ' call '),
 ('86', 'field', '73', 'en_us', ' 866 867 0052 '),
 ('86', 'slug', '0', 'en_us', ''),
 ('87', 'field', '72', 'en_us', ' fax '),
 ('87', 'field', '73', 'en_us', ' 608 836 072 '),
 ('87', 'slug', '0', 'en_us', ''),
 ('78', 'field', '75', 'en_us', ' example field '),
 ('88', 'field', '11', 'en_us', ' pdf sample example spec sheet '),
 ('88', 'field', '74', 'en_us', ' 55% 99% 18% 21 55% 99% 18% 21 '),
 ('88', 'field', '6', 'en_us', ''),
 ('88', 'field', '7', 'en_us', ''),
 ('88', 'field', '8', 'en_us', ''),
 ('88', 'field', '40', 'en_us', ' dressing '),
 ('88', 'field', '1', 'en_us', ''),
 ('88', 'field', '57', 'en_us', ' artboard 2 '),
 ('88', 'slug', '0', 'en_us', ' example dressing '),
 ('88', 'title', '0', 'en_us', ' example dressing '),
 ('89', 'field', '12', 'en_us', ' example spec sheet '),
 ('89', 'field', '13', 'en_us', ' pdf sample '),
 ('89', 'slug', '0', 'en_us', '');



DROP TABLE IF EXISTS `craft_sections`;


--
-- Schema for table `craft_sections`
--
CREATE TABLE `craft_sections` (
  `id` int(11) NOT NULL AUTO_INCREMENT,
  `structureId` int(11) DEFAULT NULL,
  `name` varchar(255) COLLATE utf8_unicode_ci NOT NULL,
  `handle` varchar(255) COLLATE utf8_unicode_ci NOT NULL,
  `type` enum('single','channel','structure') COLLATE utf8_unicode_ci NOT NULL DEFAULT 'channel',
  `hasUrls` tinyint(1) unsigned NOT NULL DEFAULT '1',
  `template` varchar(500) COLLATE utf8_unicode_ci DEFAULT NULL,
  `enableVersioning` tinyint(1) unsigned NOT NULL DEFAULT '0',
  `dateCreated` datetime NOT NULL,
  `dateUpdated` datetime NOT NULL,
  `uid` char(36) COLLATE utf8_unicode_ci NOT NULL DEFAULT '0',
  PRIMARY KEY (`id`),
  UNIQUE KEY `craft_sections_name_unq_idx` (`name`),
  UNIQUE KEY `craft_sections_handle_unq_idx` (`handle`),
  KEY `craft_sections_structureId_fk` (`structureId`)
) ENGINE=InnoDB AUTO_INCREMENT=23 DEFAULT CHARSET=utf8 COLLATE=utf8_unicode_ci;

--
-- Data for table `craft_sections`
--

INSERT INTO `craft_sections` (`id`, `structureId`, `name`, `handle`, `type`, `hasUrls`, `template`, `enableVersioning`, `dateCreated`, `dateUpdated`, `uid`) VALUES
 ('1', NULL, 'Homepage', 'homepage', 'single', '1', 'index', '1', '2017-09-05 17:18:02', '2017-09-05 17:18:02', '6a34e5ff-605b-40b7-b3c0-55f44bc86eba'),
 ('2', NULL, 'News', 'news', 'channel', '1', 'news/_entry', '1', '2017-09-05 17:18:02', '2017-09-05 17:18:02', '4c799355-96ff-4f06-aaf6-7333270bbf66'),
 ('3', NULL, 'Our Products', 'ourProducts', 'channel', '1', 'our_products/_entry', '1', '2017-09-05 17:29:18', '2017-11-21 17:43:24', 'dce3229d-19c0-4ddf-9de6-33a75c81c55f'),
 ('4', NULL, 'FAQ', 'faq', 'channel', '1', 'posts/_entry', '1', '2017-09-19 19:33:34', '2017-11-27 19:41:40', '3036b701-2cd0-42f6-b595-89c7f43c2112'),
 ('5', NULL, 'About DuraEdge', 'aboutDuraedge', 'single', '1', 'about-duraedge', '1', '2017-10-23 19:16:05', '2017-10-23 19:53:39', '1e9bd1aa-08c3-442f-9570-8df1783cfe50'),
 ('6', NULL, 'Contact Duraedge', 'contactDuraedge', 'single', '1', 'contact-duraedge', '1', '2017-10-24 20:13:35', '2017-11-21 20:27:56', '37c5d357-0afd-4aca-879f-ae6ea7f35396'),
 ('7', NULL, 'Find A Distributor', 'findADistributor', 'single', '1', 'find-a-distributor', '1', '2017-10-24 20:44:40', '2017-11-13 17:22:45', 'd06943e2-6ca3-4043-a5be-1c645d93a131'),
 ('8', NULL, 'Current Customers', 'currentCustomers', 'channel', '1', 'current-customers/_entry', '1', '2017-10-24 21:02:05', '2017-10-24 21:02:05', '80d382f6-f7d8-44f5-93a0-4244036b6568'),
 ('9', NULL, 'Products', 'products', 'single', '1', 'our_products', '1', '2017-10-26 18:23:48', '2017-11-20 19:04:12', '1a256e9b-0a0e-454f-8fff-902c449da5e3'),
 ('10', NULL, 'Locations', 'locations', 'channel', '1', 'locations/_entry', '1', '2017-10-27 20:43:07', '2017-10-27 20:43:07', '0aeeb058-7876-4ccf-b058-9884dcfefd0b'),
 ('11', NULL, 'Staff', 'staff', 'channel', '1', 'staff/_entry', '1', '2017-11-01 18:07:54', '2017-11-01 18:07:54', '4dfc2ea8-031e-4411-8f3e-d8c242b408aa'),
 ('12', NULL, 'Why DuraEdge', 'whyDuraedge', 'single', '1', 'why-duraedge', '1', '2017-11-01 18:35:55', '2017-11-13 17:11:10', '08999d4d-8d95-442b-bb26-001b28cc1efe'),
 ('13', NULL, 'Testimonials', 'testimonials', 'channel', '1', 'testimonials/_entry', '1', '2017-11-07 20:39:17', '2017-11-07 20:39:17', '6c4f58b1-0394-4210-b25c-4e602a646ba7'),
 ('14', NULL, 'Distributors', 'distributors', 'channel', '1', 'distributors/_entry', '1', '2017-11-13 17:22:55', '2017-11-13 17:23:09', 'b841ea14-fefe-4160-8dcf-56e2d5486394'),
 ('15', NULL, 'Field Maintenance', 'fieldMaintenance', 'single', '1', 'field-maintenance', '1', '2017-11-27 17:46:27', '2017-11-27 17:46:27', 'aae8f464-f4e1-4041-bfde-7feb19e45a90'),
 ('16', NULL, 'Blog Posts', 'blogPosts', 'channel', '1', 'posts/_entry', '1', '2017-11-27 19:39:46', '2017-11-27 19:39:46', '6da359c0-051b-4808-bbc8-8e8f13674a69'),
 ('17', NULL, 'Videos', 'videos', 'channel', '1', 'posts/_entry', '1', '2017-11-27 19:41:46', '2017-11-27 19:42:09', '7fe76372-d666-4633-b52f-0a59016a55d9'),
 ('18', NULL, 'Architects', 'architects', 'single', '1', 'architects', '1', '2017-11-28 18:49:56', '2017-11-28 18:49:56', '894b19ec-ca1a-4a26-9141-449e59482808'),
 ('19', NULL, 'Events', 'events', 'channel', '1', 'events/_entry', '1', '2017-11-28 19:32:21', '2017-11-28 19:32:21', '040e6d81-a6cc-42c9-a682-e99e14f16793'),
 ('20', NULL, 'Certification Programs', 'certificationPrograms', 'single', '1', 'certification-programs', '1', '2017-11-28 19:41:30', '2017-11-28 20:09:08', 'e5297bf6-cd65-4f3d-8fde-976cee05adef'),
 ('21', NULL, 'Become a Certified Installer', 'becomeACertifiedInstaller', 'single', '1', 'certified-programs', '1', '2017-11-28 19:41:43', '2017-11-28 19:41:43', '7c3e71f6-ebdc-4922-8e05-d4cc624470c5'),
 ('22', NULL, 'Field Assurance Program', 'fieldAssuranceProgram', 'single', '1', 'certification-programs', '1', '2017-11-28 19:42:37', '2017-11-28 19:42:37', '6d26b3ae-10a9-434d-9949-4f0f301699f3');



DROP TABLE IF EXISTS `craft_sections_i18n`;


--
-- Schema for table `craft_sections_i18n`
--
CREATE TABLE `craft_sections_i18n` (
  `id` int(11) NOT NULL AUTO_INCREMENT,
  `sectionId` int(11) NOT NULL,
  `locale` char(12) COLLATE utf8_unicode_ci NOT NULL,
  `enabledByDefault` tinyint(1) unsigned NOT NULL DEFAULT '1',
  `urlFormat` text COLLATE utf8_unicode_ci,
  `nestedUrlFormat` text COLLATE utf8_unicode_ci,
  `dateCreated` datetime NOT NULL,
  `dateUpdated` datetime NOT NULL,
  `uid` char(36) COLLATE utf8_unicode_ci NOT NULL DEFAULT '0',
  PRIMARY KEY (`id`),
  UNIQUE KEY `craft_sections_i18n_sectionId_locale_unq_idx` (`sectionId`,`locale`),
  KEY `craft_sections_i18n_locale_fk` (`locale`)
) ENGINE=InnoDB AUTO_INCREMENT=23 DEFAULT CHARSET=utf8 COLLATE=utf8_unicode_ci;

--
-- Data for table `craft_sections_i18n`
--

INSERT INTO `craft_sections_i18n` (`id`, `sectionId`, `locale`, `enabledByDefault`, `urlFormat`, `nestedUrlFormat`, `dateCreated`, `dateUpdated`, `uid`) VALUES
 ('1', '1', 'en_us', '1', '__home__', NULL, '2017-09-05 17:18:02', '2017-09-05 17:18:02', '4f16b7d4-ef7c-4fa2-a8b1-a2b04e21da53'),
 ('2', '2', 'en_us', '1', 'news/{postDate.year}/{slug}', NULL, '2017-09-05 17:18:02', '2017-09-05 17:18:02', '88861079-9530-45a1-873b-df7e1da02658'),
 ('3', '3', 'en_us', '1', 'our-products/{slug}', NULL, '2017-09-05 17:29:18', '2017-10-26 18:23:37', '84363bfd-40f2-4c47-a39b-9bf36ecf4c89'),
 ('4', '4', 'en_us', '1', 'faq/{slug}', NULL, '2017-09-19 19:33:34', '2017-09-19 19:33:34', 'd7095c83-001d-4491-be22-8236a25a688f'),
 ('5', '5', 'en_us', '1', 'about-duraedge', NULL, '2017-10-23 19:16:05', '2017-10-23 19:16:05', '5848fa7d-ed6c-44e2-b8d3-6d9c9da472bd'),
 ('6', '6', 'en_us', '1', 'contact-duraedge', NULL, '2017-10-24 20:13:35', '2017-11-21 20:27:20', 'e40f079a-881d-4347-98d2-ceff14a70e40'),
 ('7', '7', 'en_us', '1', 'find-a-distributor', NULL, '2017-10-24 20:44:40', '2017-11-13 17:22:45', '7adeef3f-8be2-4197-9100-16dfaf1f7fb5'),
 ('8', '8', 'en_us', '1', 'current-customers/{slug}', NULL, '2017-10-24 21:02:05', '2017-10-24 21:02:05', '18fb4e2d-b0d5-4241-9a42-f03ec6e58da6'),
 ('9', '9', 'en_us', '1', 'our_products', NULL, '2017-10-26 18:23:48', '2017-11-20 18:02:03', 'e36fdf6b-db72-4e2d-b5b6-25e24dd5215e'),
 ('10', '10', 'en_us', '1', 'locations/{slug}', NULL, '2017-10-27 20:43:07', '2017-10-27 20:43:07', '90c8b88d-1465-43da-b506-fc8b9eed8076'),
 ('11', '11', 'en_us', '1', 'staff/{slug}', NULL, '2017-11-01 18:07:54', '2017-11-01 18:07:54', 'e4b31c0f-4533-46a6-ab2f-030ab2ae67e0'),
 ('12', '12', 'en_us', '1', 'why-duraedge', NULL, '2017-11-01 18:35:55', '2017-11-01 18:39:03', 'fa6dca5b-3953-44fa-8bf8-aa01004cd047'),
 ('13', '13', 'en_us', '1', 'testimonials/{slug}', NULL, '2017-11-07 20:39:17', '2017-11-07 20:39:17', '008fd5a5-1be2-4c09-94ee-68e5b7ce4e38'),
 ('14', '14', 'en_us', '1', 'distributors/{slug}', NULL, '2017-11-13 17:22:55', '2017-11-13 17:22:55', '370880cb-f06c-4b52-9c61-d63579b44f9b'),
 ('15', '15', 'en_us', '1', 'field-maintenance', NULL, '2017-11-27 17:46:27', '2017-11-27 17:46:27', '6a0b92b9-5134-40a9-bcb8-c5758ac7308d'),
 ('16', '16', 'en_us', '1', 'blog-posts/{slug}', NULL, '2017-11-27 19:39:46', '2017-11-27 19:39:46', 'ff71c233-1447-4a9c-a29e-9c69e197223f'),
 ('17', '17', 'en_us', '1', 'videos/{slug}', NULL, '2017-11-27 19:41:46', '2017-11-27 19:41:46', '43b36c28-ffa4-4c16-8b16-29ac46f1a2fe'),
 ('18', '18', 'en_us', '1', 'architects', NULL, '2017-11-28 18:49:56', '2017-11-28 18:49:56', 'b8b5374c-ba22-4e4d-a3ee-45a3afc5d27c'),
 ('19', '19', 'en_us', '1', 'events/{slug}', NULL, '2017-11-28 19:32:21', '2017-11-28 19:32:21', '3c80be0a-dd46-438f-9f84-cf40ece91d70'),
 ('20', '20', 'en_us', '1', 'certification-programs', NULL, '2017-11-28 19:41:30', '2017-11-28 19:42:15', 'a7c5093b-b2c9-45ad-b9e7-92c46a517e4a'),
 ('21', '21', 'en_us', '1', 'become-a-certified-installer', NULL, '2017-11-28 19:41:43', '2017-11-28 19:41:43', 'cda39a63-82c6-4f58-b191-1d146551c3bb'),
 ('22', '22', 'en_us', '1', 'field-assurance-program', NULL, '2017-11-28 19:42:37', '2017-11-28 19:42:37', 'b4acf699-fc41-49e3-9c99-0c49f2da0183');



DROP TABLE IF EXISTS `craft_sessions`;


--
-- Schema for table `craft_sessions`
--
CREATE TABLE `craft_sessions` (
  `id` int(11) NOT NULL AUTO_INCREMENT,
  `userId` int(11) NOT NULL,
  `token` char(100) COLLATE utf8_unicode_ci NOT NULL,
  `dateCreated` datetime NOT NULL,
  `dateUpdated` datetime NOT NULL,
  `uid` char(36) COLLATE utf8_unicode_ci NOT NULL DEFAULT '0',
  PRIMARY KEY (`id`),
  KEY `craft_sessions_uid_idx` (`uid`),
  KEY `craft_sessions_token_idx` (`token`),
  KEY `craft_sessions_dateUpdated_idx` (`dateUpdated`),
  KEY `craft_sessions_userId_fk` (`userId`)
) ENGINE=InnoDB AUTO_INCREMENT=64 DEFAULT CHARSET=utf8 COLLATE=utf8_unicode_ci;

DROP TABLE IF EXISTS `craft_shunnedmessages`;


--
-- Schema for table `craft_shunnedmessages`
--
CREATE TABLE `craft_shunnedmessages` (
  `id` int(11) NOT NULL AUTO_INCREMENT,
  `userId` int(11) NOT NULL,
  `message` varchar(255) COLLATE utf8_unicode_ci NOT NULL,
  `expiryDate` datetime DEFAULT NULL,
  `dateCreated` datetime NOT NULL,
  `dateUpdated` datetime NOT NULL,
  `uid` char(36) COLLATE utf8_unicode_ci NOT NULL DEFAULT '0',
  PRIMARY KEY (`id`),
  UNIQUE KEY `craft_shunnedmessages_userId_message_unq_idx` (`userId`,`message`)
) ENGINE=InnoDB DEFAULT CHARSET=utf8 COLLATE=utf8_unicode_ci;

DROP TABLE IF EXISTS `craft_smartmap_addresses`;


--
-- Schema for table `craft_smartmap_addresses`
--
CREATE TABLE `craft_smartmap_addresses` (
  `id` int(11) NOT NULL AUTO_INCREMENT,
  `elementId` int(11) NOT NULL,
  `fieldId` int(11) NOT NULL,
  `street1` varchar(255) COLLATE utf8_unicode_ci DEFAULT NULL,
  `street2` varchar(255) COLLATE utf8_unicode_ci DEFAULT NULL,
  `city` varchar(255) COLLATE utf8_unicode_ci DEFAULT NULL,
  `state` varchar(255) COLLATE utf8_unicode_ci DEFAULT NULL,
  `zip` varchar(255) COLLATE utf8_unicode_ci DEFAULT NULL,
  `country` varchar(255) COLLATE utf8_unicode_ci DEFAULT NULL,
  `lat` decimal(12,8) DEFAULT NULL,
  `lng` decimal(12,8) DEFAULT NULL,
  `dateCreated` datetime NOT NULL,
  `dateUpdated` datetime NOT NULL,
  `uid` char(36) COLLATE utf8_unicode_ci NOT NULL DEFAULT '0',
  PRIMARY KEY (`id`),
  KEY `craft_smartmap_addresses_elementId_fk` (`elementId`),
  KEY `craft_smartmap_addresses_fieldId_fk` (`fieldId`)
) ENGINE=InnoDB AUTO_INCREMENT=6 DEFAULT CHARSET=utf8 COLLATE=utf8_unicode_ci;

--
-- Data for table `craft_smartmap_addresses`
--

INSERT INTO `craft_smartmap_addresses` (`id`, `elementId`, `fieldId`, `street1`, `street2`, `city`, `state`, `zip`, `country`, `lat`, `lng`, `dateCreated`, `dateUpdated`, `uid`) VALUES
 ('1', '29', '24', '4783 Harlansburg Rd', NULL, 'Slippery Rock', 'PA', '16057', 'United States', '41.03498620', '-80.14402840', '2017-10-27 20:44:26', '2017-10-27 20:44:26', 'fbe99648-3f46-4f6d-aebc-6cf314a69173'),
 ('2', '30', '24', '2001 Blake St', NULL, 'Denver', 'CO', '80205', 'United States', '39.75597790', '-104.99334910', '2017-10-31 18:10:16', '2017-10-31 18:10:16', 'c680f473-1055-408f-8027-94dfbd15dc6c'),
 ('3', '23', '24', NULL, NULL, NULL, NULL, NULL, NULL, NULL, NULL, '2017-11-16 23:58:47', '2017-11-16 23:58:47', '8ed4202e-2bd7-419a-81a4-ecffe17f3bde'),
 ('4', '43', '24', NULL, NULL, NULL, NULL, NULL, NULL, '40.69209290', '-81.91749573', '2017-11-16 23:59:35', '2017-11-16 23:59:35', '0150ecd1-baaa-41cf-bf84-7e8d377e4336'),
 ('5', '61', '24', '609 S Lincoln St', NULL, 'Kent', 'OH', '44240', 'United States', '41.14725030', '-81.35055550', '2017-11-28 20:11:38', '2017-12-04 17:54:20', '04e363a8-3ee2-4e55-a50f-3a48ec1ac24e');



DROP TABLE IF EXISTS `craft_structureelements`;


--
-- Schema for table `craft_structureelements`
--
CREATE TABLE `craft_structureelements` (
  `id` int(11) NOT NULL AUTO_INCREMENT,
  `structureId` int(11) NOT NULL,
  `elementId` int(11) DEFAULT NULL,
  `root` int(11) unsigned DEFAULT NULL,
  `lft` int(11) unsigned NOT NULL,
  `rgt` int(11) unsigned NOT NULL,
  `level` smallint(6) unsigned NOT NULL,
  `dateCreated` datetime NOT NULL,
  `dateUpdated` datetime NOT NULL,
  `uid` char(36) COLLATE utf8_unicode_ci NOT NULL DEFAULT '0',
  PRIMARY KEY (`id`),
  UNIQUE KEY `craft_structureelements_structureId_elementId_unq_idx` (`structureId`,`elementId`),
  KEY `craft_structureelements_root_idx` (`root`),
  KEY `craft_structureelements_lft_idx` (`lft`),
  KEY `craft_structureelements_rgt_idx` (`rgt`),
  KEY `craft_structureelements_level_idx` (`level`),
  KEY `craft_structureelements_elementId_fk` (`elementId`)
) ENGINE=InnoDB AUTO_INCREMENT=43 DEFAULT CHARSET=utf8 COLLATE=utf8_unicode_ci;

--
-- Data for table `craft_structureelements`
--

INSERT INTO `craft_structureelements` (`id`, `structureId`, `elementId`, `root`, `lft`, `rgt`, `level`, `dateCreated`, `dateUpdated`, `uid`) VALUES
 ('1', '1', NULL, '1', '1', '2', '0', '2017-09-05 18:05:31', '2017-09-05 18:05:31', 'f07ab259-58ad-4a34-b624-c0a3ff93d413'),
 ('3', '2', NULL, '3', '1', '6', '0', '2017-09-08 20:34:43', '2017-09-08 20:34:43', '5eca37ec-b305-4283-8805-20c9aa337479'),
 ('4', '2', '10', '3', '2', '3', '1', '2017-09-08 20:34:43', '2017-09-08 20:34:43', 'c2d80cd5-573a-44f7-99f3-9c6245df5f09'),
 ('5', '2', '11', '3', '4', '5', '1', '2017-09-08 20:34:51', '2017-09-08 20:34:51', '50752eaf-fbd4-4d6f-8ae0-6e8a4969fca1'),
 ('6', '3', NULL, '6', '1', '8', '0', '2017-09-08 20:38:50', '2017-09-08 20:38:50', '899aa80d-aebc-4fb4-9549-a0a2db925aee'),
 ('7', '3', '12', '6', '2', '3', '1', '2017-09-08 20:38:50', '2017-09-08 20:38:50', '263367c7-1919-4d47-a4fb-d7137a9dcc12'),
 ('8', '3', '13', '6', '4', '5', '1', '2017-09-08 20:38:55', '2017-09-08 20:38:55', 'b8c6b68d-718f-47f5-a774-5edcacd16685'),
 ('9', '3', '14', '6', '6', '7', '1', '2017-09-08 20:39:00', '2017-09-08 20:39:00', '5baddfaf-d9ce-43c3-9fdb-ed5b2b84b0f9'),
 ('11', '4', NULL, '11', '1', '6', '0', '2017-09-14 19:24:19', '2017-09-14 19:24:19', 'c10dc9c6-8a8b-4ea6-ade8-e7aab7cd0326'),
 ('12', '4', '16', '11', '2', '3', '1', '2017-09-14 19:24:19', '2017-09-14 19:24:19', '6c37b8a5-648b-4acc-a8b8-79d7a7e50fd0'),
 ('13', '4', '17', '11', '4', '5', '1', '2017-09-14 19:24:25', '2017-09-14 19:24:25', '905f33e6-0988-4bdf-91ae-a11b2678e786'),
 ('14', '5', NULL, '14', '1', '6', '0', '2017-11-01 18:06:44', '2017-11-01 18:06:44', '933bf346-fdec-4642-8e09-d5fd810a2ff5'),
 ('15', '5', '34', '14', '2', '3', '1', '2017-11-01 18:06:44', '2017-11-01 18:06:44', '21a09b18-ae8d-4c1c-9b19-104cbbe6d407'),
 ('16', '5', '35', '14', '4', '5', '1', '2017-11-01 18:06:49', '2017-11-01 18:06:49', '53c8c72d-a615-46e9-a66e-1ec26c924727'),
 ('17', '6', NULL, '17', '1', '8', '0', '2017-11-14 18:46:03', '2017-11-14 18:46:03', 'b864bc0a-6e45-41cf-9302-c724e2854bff'),
 ('18', '6', '40', '17', '2', '3', '1', '2017-11-14 18:46:03', '2017-11-14 18:46:03', '8c4d8f50-557c-4bb5-a007-99e9f859d814'),
 ('19', '6', '41', '17', '4', '5', '1', '2017-11-14 18:46:09', '2017-11-14 18:46:09', 'e60bc547-5519-4a8e-aebd-d5d07591b213'),
 ('20', '6', '42', '17', '6', '7', '1', '2017-11-14 18:46:13', '2017-11-14 18:46:13', 'ca016518-edf6-429b-ab2c-1a1ed1b29184'),
 ('21', '7', NULL, '21', '1', '8', '0', '2017-11-21 17:30:52', '2017-11-21 17:30:52', '2af48b0d-3c87-4f95-9d07-f9a21cb14028'),
 ('22', '7', '44', '21', '2', '3', '1', '2017-11-21 17:30:52', '2017-11-21 17:30:52', '3a3cbdd1-9a5a-4aae-b408-f3a9caa09010'),
 ('23', '7', '45', '21', '4', '5', '1', '2017-11-21 17:31:00', '2017-11-21 17:31:00', 'a80332e6-f30e-46f0-ba49-ab3d483bfcd9'),
 ('24', '7', '46', '21', '6', '7', '1', '2017-11-21 17:31:04', '2017-11-21 17:31:04', 'c7d919d2-17a2-4829-b5cb-6a5087bc33e8'),
 ('25', '8', NULL, '25', '1', '8', '0', '2017-11-27 19:37:06', '2017-11-27 19:37:06', 'fa51e7a7-c5a3-44df-b65a-faf22acbf07b'),
 ('26', '8', '51', '25', '2', '3', '1', '2017-11-27 19:37:06', '2017-11-27 19:37:06', '128ec919-1982-4a96-95ed-e654203e8024'),
 ('27', '8', '52', '25', '4', '5', '1', '2017-11-27 19:37:12', '2017-11-27 19:37:12', '9674b11e-c2e8-441a-a8d5-c75a4dd5c4cd'),
 ('28', '8', '53', '25', '6', '7', '1', '2017-11-27 19:37:22', '2017-11-27 19:37:22', '81e24487-21e1-4e24-a8a7-94e09c56c37e'),
 ('29', '9', NULL, '29', '1', '8', '0', '2017-11-27 19:37:32', '2017-11-27 19:37:32', '1a390f0b-7261-4cc3-8e44-6cd04eebf474'),
 ('30', '9', '54', '29', '2', '3', '1', '2017-11-27 19:37:32', '2017-11-27 19:37:32', '4169853c-c858-45f3-837a-a14e4f068195'),
 ('31', '9', '55', '29', '4', '5', '1', '2017-11-27 19:37:37', '2017-11-27 19:37:37', 'edf050c6-6d06-45aa-ae4d-9fa6fbd9ee8d'),
 ('32', '9', '56', '29', '6', '7', '1', '2017-11-27 19:37:41', '2017-11-27 19:37:41', '29ce119b-856b-48c5-bcbc-6435950a778b'),
 ('33', '10', NULL, '33', '1', '14', '0', '2017-12-05 18:59:33', '2017-12-05 18:59:33', 'd5124361-258b-4c50-bdf5-7dee8b5e73b8'),
 ('34', '10', '62', '33', '2', '3', '1', '2017-12-05 18:59:33', '2017-12-05 18:59:33', '6f03108d-2cb1-4532-9499-59afbd8d03eb'),
 ('35', '10', '63', '33', '4', '5', '1', '2017-12-05 18:59:39', '2017-12-05 18:59:39', '93ce7d88-ff64-4638-9125-377348fd321e'),
 ('36', '10', '64', '33', '6', '7', '1', '2017-12-05 18:59:53', '2017-12-05 18:59:53', '5da9587c-68cc-46c8-b6bc-cf9e25f7473c'),
 ('37', '10', '65', '33', '8', '9', '1', '2017-12-05 19:00:02', '2017-12-05 19:00:02', 'd3741ed0-fcdc-478b-8560-a8eab3d1842f'),
 ('38', '10', '66', '33', '10', '11', '1', '2017-12-05 19:00:15', '2017-12-05 19:00:15', '92b07eca-61e6-4c2e-b1d3-4b8fc8bc4fcf'),
 ('39', '10', '67', '33', '12', '13', '1', '2017-12-05 19:00:21', '2017-12-05 19:00:21', 'e36e3cb5-8134-4593-9f86-9641f0b0daa0'),
 ('40', '11', NULL, '40', '1', '6', '0', '2017-12-07 21:27:34', '2017-12-07 21:27:34', 'bd8cf039-4e84-4eea-9bc8-1d2fef02a41f'),
 ('41', '11', '69', '40', '2', '3', '1', '2017-12-07 21:27:34', '2017-12-07 21:27:34', '9b00b2f9-18df-4e1f-be84-1b0991b5825d'),
 ('42', '11', '70', '40', '4', '5', '1', '2017-12-07 21:27:40', '2017-12-07 21:27:40', 'da1d2389-a582-4d6f-890b-278e6ea9fbd9');



DROP TABLE IF EXISTS `craft_structures`;


--
-- Schema for table `craft_structures`
--
CREATE TABLE `craft_structures` (
  `id` int(11) NOT NULL AUTO_INCREMENT,
  `maxLevels` smallint(6) unsigned DEFAULT NULL,
  `dateCreated` datetime NOT NULL,
  `dateUpdated` datetime NOT NULL,
  `uid` char(36) COLLATE utf8_unicode_ci NOT NULL DEFAULT '0',
  PRIMARY KEY (`id`)
) ENGINE=InnoDB AUTO_INCREMENT=12 DEFAULT CHARSET=utf8 COLLATE=utf8_unicode_ci;

--
-- Data for table `craft_structures`
--

INSERT INTO `craft_structures` (`id`, `maxLevels`, `dateCreated`, `dateUpdated`, `uid`) VALUES
 ('1', NULL, '2017-09-05 17:27:17', '2017-09-05 18:07:50', '0ec3bce9-139f-4b69-903f-02d6584e8e42'),
 ('2', NULL, '2017-09-08 20:34:03', '2017-09-08 20:34:03', 'b2a6c990-537f-4f28-992d-78c1e9ea425a'),
 ('3', NULL, '2017-09-08 20:38:41', '2017-09-08 20:38:41', '1313218a-ac60-4b21-b729-50ccf7367d28'),
 ('4', NULL, '2017-09-14 19:24:09', '2017-09-14 19:24:09', 'f0dd74ad-2320-4bf2-8b37-96b3d100fc44'),
 ('5', NULL, '2017-11-01 18:06:36', '2017-11-01 18:06:36', '426868ee-8457-487d-aeb1-cccb626eb914'),
 ('6', NULL, '2017-11-14 18:45:55', '2017-11-14 18:45:55', '970e86f1-8f8d-4f17-9c5e-b0c2516452d4'),
 ('7', NULL, '2017-11-21 17:30:40', '2018-01-22 22:06:36', 'bd969f10-9b4d-4af0-9203-266e43260232'),
 ('8', NULL, '2017-11-27 19:36:52', '2017-11-27 19:36:52', 'ce6e7d5c-f2e0-4417-98be-4bb841414d1b'),
 ('9', NULL, '2017-11-27 19:36:57', '2017-11-27 19:36:57', 'fe7239ff-dbd1-4a85-82df-d00feff7e3bb'),
 ('10', NULL, '2017-12-05 18:57:48', '2017-12-05 18:57:48', '036d917d-c41f-4eb5-b679-731a55936fd6'),
 ('11', NULL, '2017-12-07 21:25:07', '2017-12-07 21:30:46', '9e65a28d-1830-481e-9a9e-26d79a15965b');



DROP TABLE IF EXISTS `craft_systemsettings`;


--
-- Schema for table `craft_systemsettings`
--
CREATE TABLE `craft_systemsettings` (
  `id` int(11) NOT NULL AUTO_INCREMENT,
  `category` varchar(15) COLLATE utf8_unicode_ci NOT NULL,
  `settings` text COLLATE utf8_unicode_ci,
  `dateCreated` datetime NOT NULL,
  `dateUpdated` datetime NOT NULL,
  `uid` char(36) COLLATE utf8_unicode_ci NOT NULL DEFAULT '0',
  PRIMARY KEY (`id`),
  UNIQUE KEY `craft_systemsettings_category_unq_idx` (`category`)
) ENGINE=InnoDB AUTO_INCREMENT=2 DEFAULT CHARSET=utf8 COLLATE=utf8_unicode_ci;

--
-- Data for table `craft_systemsettings`
--

INSERT INTO `craft_systemsettings` (`id`, `category`, `settings`, `dateCreated`, `dateUpdated`, `uid`) VALUES
 ('1', 'email', '{\"protocol\":\"php\",\"emailAddress\":\"info@ideabasekent.com\",\"senderName\":\"Duraedge\"}', '2017-09-05 17:18:02', '2017-09-05 17:18:02', 'f15f2735-2df2-4128-8160-13b90a070619');



DROP TABLE IF EXISTS `craft_taggroups`;


--
-- Schema for table `craft_taggroups`
--
CREATE TABLE `craft_taggroups` (
  `id` int(11) NOT NULL AUTO_INCREMENT,
  `name` varchar(255) COLLATE utf8_unicode_ci NOT NULL,
  `handle` varchar(255) COLLATE utf8_unicode_ci NOT NULL,
  `fieldLayoutId` int(10) DEFAULT NULL,
  `dateCreated` datetime NOT NULL,
  `dateUpdated` datetime NOT NULL,
  `uid` char(36) COLLATE utf8_unicode_ci NOT NULL DEFAULT '0',
  PRIMARY KEY (`id`),
  UNIQUE KEY `craft_taggroups_name_unq_idx` (`name`),
  UNIQUE KEY `craft_taggroups_handle_unq_idx` (`handle`),
  KEY `craft_taggroups_fieldLayoutId_fk` (`fieldLayoutId`)
) ENGINE=InnoDB AUTO_INCREMENT=2 DEFAULT CHARSET=utf8 COLLATE=utf8_unicode_ci;

--
-- Data for table `craft_taggroups`
--

INSERT INTO `craft_taggroups` (`id`, `name`, `handle`, `fieldLayoutId`, `dateCreated`, `dateUpdated`, `uid`) VALUES
 ('1', 'Default', 'default', '1', '2017-09-05 17:18:02', '2017-09-05 17:18:02', 'c1dda824-8ac2-430b-ac9a-e7bfd656a23c');



DROP TABLE IF EXISTS `craft_tags`;


--
-- Schema for table `craft_tags`
--
CREATE TABLE `craft_tags` (
  `id` int(11) NOT NULL,
  `groupId` int(11) NOT NULL,
  `dateCreated` datetime NOT NULL,
  `dateUpdated` datetime NOT NULL,
  `uid` char(36) COLLATE utf8_unicode_ci NOT NULL DEFAULT '0',
  PRIMARY KEY (`id`),
  KEY `craft_tags_groupId_fk` (`groupId`)
) ENGINE=InnoDB DEFAULT CHARSET=utf8 COLLATE=utf8_unicode_ci;

DROP TABLE IF EXISTS `craft_tasks`;


--
-- Schema for table `craft_tasks`
--
CREATE TABLE `craft_tasks` (
  `id` int(11) NOT NULL AUTO_INCREMENT,
  `root` int(11) unsigned DEFAULT NULL,
  `lft` int(11) unsigned NOT NULL,
  `rgt` int(11) unsigned NOT NULL,
  `level` smallint(6) unsigned NOT NULL,
  `currentStep` int(11) unsigned DEFAULT NULL,
  `totalSteps` int(11) unsigned DEFAULT NULL,
  `status` enum('pending','error','running') COLLATE utf8_unicode_ci DEFAULT NULL,
  `type` varchar(150) COLLATE utf8_unicode_ci NOT NULL,
  `description` varchar(255) COLLATE utf8_unicode_ci DEFAULT NULL,
  `settings` mediumtext COLLATE utf8_unicode_ci,
  `dateCreated` datetime NOT NULL,
  `dateUpdated` datetime NOT NULL,
  `uid` char(36) COLLATE utf8_unicode_ci NOT NULL DEFAULT '0',
  PRIMARY KEY (`id`),
  KEY `craft_tasks_root_idx` (`root`),
  KEY `craft_tasks_lft_idx` (`lft`),
  KEY `craft_tasks_rgt_idx` (`rgt`),
  KEY `craft_tasks_level_idx` (`level`)
) ENGINE=InnoDB AUTO_INCREMENT=151 DEFAULT CHARSET=utf8 COLLATE=utf8_unicode_ci;

DROP TABLE IF EXISTS `craft_templatecachecriteria`;


--
-- Schema for table `craft_templatecachecriteria`
--
CREATE TABLE `craft_templatecachecriteria` (
  `id` int(11) NOT NULL AUTO_INCREMENT,
  `cacheId` int(11) NOT NULL,
  `type` varchar(150) COLLATE utf8_unicode_ci NOT NULL,
  `criteria` text COLLATE utf8_unicode_ci NOT NULL,
  PRIMARY KEY (`id`),
  KEY `craft_templatecachecriteria_cacheId_fk` (`cacheId`),
  KEY `craft_templatecachecriteria_type_idx` (`type`)
) ENGINE=InnoDB DEFAULT CHARSET=utf8 COLLATE=utf8_unicode_ci;

DROP TABLE IF EXISTS `craft_templatecacheelements`;


--
-- Schema for table `craft_templatecacheelements`
--
CREATE TABLE `craft_templatecacheelements` (
  `cacheId` int(11) NOT NULL,
  `elementId` int(11) NOT NULL,
  KEY `craft_templatecacheelements_cacheId_fk` (`cacheId`),
  KEY `craft_templatecacheelements_elementId_fk` (`elementId`)
) ENGINE=InnoDB DEFAULT CHARSET=utf8 COLLATE=utf8_unicode_ci;

DROP TABLE IF EXISTS `craft_templatecaches`;


--
-- Schema for table `craft_templatecaches`
--
CREATE TABLE `craft_templatecaches` (
  `id` int(11) NOT NULL AUTO_INCREMENT,
  `cacheKey` varchar(255) COLLATE utf8_unicode_ci NOT NULL,
  `locale` char(12) COLLATE utf8_unicode_ci NOT NULL,
  `path` varchar(255) COLLATE utf8_unicode_ci DEFAULT NULL,
  `expiryDate` datetime NOT NULL,
  `body` mediumtext COLLATE utf8_unicode_ci NOT NULL,
  PRIMARY KEY (`id`),
  KEY `craft_templatecaches_expiryDate_cacheKey_locale_path_idx` (`expiryDate`,`cacheKey`,`locale`,`path`),
  KEY `craft_templatecaches_locale_fk` (`locale`)
) ENGINE=InnoDB DEFAULT CHARSET=utf8 COLLATE=utf8_unicode_ci;

DROP TABLE IF EXISTS `craft_tokens`;


--
-- Schema for table `craft_tokens`
--
CREATE TABLE `craft_tokens` (
  `id` int(11) NOT NULL AUTO_INCREMENT,
  `token` char(32) COLLATE utf8_unicode_ci NOT NULL,
  `route` text COLLATE utf8_unicode_ci,
  `usageLimit` tinyint(3) unsigned DEFAULT NULL,
  `usageCount` tinyint(3) unsigned DEFAULT NULL,
  `expiryDate` datetime NOT NULL,
  `dateCreated` datetime NOT NULL,
  `dateUpdated` datetime NOT NULL,
  `uid` char(36) COLLATE utf8_unicode_ci NOT NULL DEFAULT '0',
  PRIMARY KEY (`id`),
  UNIQUE KEY `craft_tokens_token_unq_idx` (`token`),
  KEY `craft_tokens_expiryDate_idx` (`expiryDate`)
) ENGINE=InnoDB DEFAULT CHARSET=utf8 COLLATE=utf8_unicode_ci;

DROP TABLE IF EXISTS `craft_usergroups`;


--
-- Schema for table `craft_usergroups`
--
CREATE TABLE `craft_usergroups` (
  `id` int(11) NOT NULL AUTO_INCREMENT,
  `name` varchar(255) COLLATE utf8_unicode_ci NOT NULL,
  `handle` varchar(255) COLLATE utf8_unicode_ci NOT NULL,
  `dateCreated` datetime NOT NULL,
  `dateUpdated` datetime NOT NULL,
  `uid` char(36) COLLATE utf8_unicode_ci NOT NULL DEFAULT '0',
  PRIMARY KEY (`id`),
  UNIQUE KEY `craft_usergroups_name_unq_idx` (`name`),
  UNIQUE KEY `craft_usergroups_handle_unq_idx` (`handle`)
) ENGINE=InnoDB DEFAULT CHARSET=utf8 COLLATE=utf8_unicode_ci;

DROP TABLE IF EXISTS `craft_usergroups_users`;


--
-- Schema for table `craft_usergroups_users`
--
CREATE TABLE `craft_usergroups_users` (
  `id` int(11) NOT NULL AUTO_INCREMENT,
  `groupId` int(11) NOT NULL,
  `userId` int(11) NOT NULL,
  `dateCreated` datetime NOT NULL,
  `dateUpdated` datetime NOT NULL,
  `uid` char(36) COLLATE utf8_unicode_ci NOT NULL DEFAULT '0',
  PRIMARY KEY (`id`),
  UNIQUE KEY `craft_usergroups_users_groupId_userId_unq_idx` (`groupId`,`userId`),
  KEY `craft_usergroups_users_userId_fk` (`userId`)
) ENGINE=InnoDB DEFAULT CHARSET=utf8 COLLATE=utf8_unicode_ci;

DROP TABLE IF EXISTS `craft_userpermissions`;


--
-- Schema for table `craft_userpermissions`
--
CREATE TABLE `craft_userpermissions` (
  `id` int(11) NOT NULL AUTO_INCREMENT,
  `name` varchar(255) COLLATE utf8_unicode_ci NOT NULL,
  `dateCreated` datetime NOT NULL,
  `dateUpdated` datetime NOT NULL,
  `uid` char(36) COLLATE utf8_unicode_ci NOT NULL DEFAULT '0',
  PRIMARY KEY (`id`),
  UNIQUE KEY `craft_userpermissions_name_unq_idx` (`name`)
) ENGINE=InnoDB DEFAULT CHARSET=utf8 COLLATE=utf8_unicode_ci;

DROP TABLE IF EXISTS `craft_userpermissions_usergroups`;


--
-- Schema for table `craft_userpermissions_usergroups`
--
CREATE TABLE `craft_userpermissions_usergroups` (
  `id` int(11) NOT NULL AUTO_INCREMENT,
  `permissionId` int(11) NOT NULL,
  `groupId` int(11) NOT NULL,
  `dateCreated` datetime NOT NULL,
  `dateUpdated` datetime NOT NULL,
  `uid` char(36) COLLATE utf8_unicode_ci NOT NULL DEFAULT '0',
  PRIMARY KEY (`id`),
  UNIQUE KEY `craft_userpermissions_usergroups_permissionId_groupId_unq_idx` (`permissionId`,`groupId`),
  KEY `craft_userpermissions_usergroups_groupId_fk` (`groupId`)
) ENGINE=InnoDB DEFAULT CHARSET=utf8 COLLATE=utf8_unicode_ci;

DROP TABLE IF EXISTS `craft_userpermissions_users`;


--
-- Schema for table `craft_userpermissions_users`
--
CREATE TABLE `craft_userpermissions_users` (
  `id` int(11) NOT NULL AUTO_INCREMENT,
  `permissionId` int(11) NOT NULL,
  `userId` int(11) NOT NULL,
  `dateCreated` datetime NOT NULL,
  `dateUpdated` datetime NOT NULL,
  `uid` char(36) COLLATE utf8_unicode_ci NOT NULL DEFAULT '0',
  PRIMARY KEY (`id`),
  UNIQUE KEY `craft_userpermissions_users_permissionId_userId_unq_idx` (`permissionId`,`userId`),
  KEY `craft_userpermissions_users_userId_fk` (`userId`)
) ENGINE=InnoDB DEFAULT CHARSET=utf8 COLLATE=utf8_unicode_ci;

DROP TABLE IF EXISTS `craft_users`;


--
-- Schema for table `craft_users`
--
CREATE TABLE `craft_users` (
  `id` int(11) NOT NULL,
  `username` varchar(100) COLLATE utf8_unicode_ci NOT NULL,
  `photo` varchar(100) COLLATE utf8_unicode_ci DEFAULT NULL,
  `firstName` varchar(100) COLLATE utf8_unicode_ci DEFAULT NULL,
  `lastName` varchar(100) COLLATE utf8_unicode_ci DEFAULT NULL,
  `email` varchar(255) COLLATE utf8_unicode_ci NOT NULL,
  `password` char(255) COLLATE utf8_unicode_ci DEFAULT NULL,
  `preferredLocale` char(12) COLLATE utf8_unicode_ci DEFAULT NULL,
  `weekStartDay` tinyint(1) unsigned NOT NULL DEFAULT '0',
  `admin` tinyint(1) unsigned NOT NULL DEFAULT '0',
  `client` tinyint(1) unsigned NOT NULL DEFAULT '0',
  `locked` tinyint(1) unsigned NOT NULL DEFAULT '0',
  `suspended` tinyint(1) unsigned NOT NULL DEFAULT '0',
  `pending` tinyint(1) unsigned NOT NULL DEFAULT '0',
  `archived` tinyint(1) unsigned NOT NULL DEFAULT '0',
  `lastLoginDate` datetime DEFAULT NULL,
  `lastLoginAttemptIPAddress` varchar(45) COLLATE utf8_unicode_ci DEFAULT NULL,
  `invalidLoginWindowStart` datetime DEFAULT NULL,
  `invalidLoginCount` tinyint(4) unsigned DEFAULT NULL,
  `lastInvalidLoginDate` datetime DEFAULT NULL,
  `lockoutDate` datetime DEFAULT NULL,
  `verificationCode` char(100) COLLATE utf8_unicode_ci DEFAULT NULL,
  `verificationCodeIssuedDate` datetime DEFAULT NULL,
  `unverifiedEmail` varchar(255) COLLATE utf8_unicode_ci DEFAULT NULL,
  `passwordResetRequired` tinyint(1) unsigned NOT NULL DEFAULT '0',
  `lastPasswordChangeDate` datetime DEFAULT NULL,
  `dateCreated` datetime NOT NULL,
  `dateUpdated` datetime NOT NULL,
  `uid` char(36) COLLATE utf8_unicode_ci NOT NULL DEFAULT '0',
  PRIMARY KEY (`id`),
  UNIQUE KEY `craft_users_username_unq_idx` (`username`),
  UNIQUE KEY `craft_users_email_unq_idx` (`email`),
  KEY `craft_users_verificationCode_idx` (`verificationCode`),
  KEY `craft_users_uid_idx` (`uid`),
  KEY `craft_users_preferredLocale_fk` (`preferredLocale`)
) ENGINE=InnoDB DEFAULT CHARSET=utf8 COLLATE=utf8_unicode_ci;

--
-- Data for table `craft_users`
--

INSERT INTO `craft_users` (`id`, `username`, `photo`, `firstName`, `lastName`, `email`, `password`, `preferredLocale`, `weekStartDay`, `admin`, `client`, `locked`, `suspended`, `pending`, `archived`, `lastLoginDate`, `lastLoginAttemptIPAddress`, `invalidLoginWindowStart`, `invalidLoginCount`, `lastInvalidLoginDate`, `lockoutDate`, `verificationCode`, `verificationCodeIssuedDate`, `unverifiedEmail`, `passwordResetRequired`, `lastPasswordChangeDate`, `dateCreated`, `dateUpdated`, `uid`) VALUES
 ('1', 'ideabase', NULL, NULL, NULL, 'info@ideabasekent.com', '$2y$13$OViK4wk5zeuFGIkXns/oI.BpFq71gN9fiWM9chpQDHQiYtbjFPlKu', NULL, '0', '1', '0', '0', '0', '0', '0', '2018-02-02 14:25:23', '::1', NULL, NULL, '2018-02-02 14:25:02', NULL, NULL, NULL, NULL, '0', '2017-09-05 17:18:00', '2017-09-05 17:18:00', '2018-02-02 14:25:23', '519e647d-bc0f-48f0-8784-caa91e7cc7dc');



DROP TABLE IF EXISTS `craft_widgets`;


--
-- Schema for table `craft_widgets`
--
CREATE TABLE `craft_widgets` (
  `id` int(11) NOT NULL AUTO_INCREMENT,
  `userId` int(11) NOT NULL,
  `type` varchar(150) COLLATE utf8_unicode_ci NOT NULL,
  `sortOrder` smallint(6) unsigned DEFAULT NULL,
  `colspan` tinyint(4) unsigned DEFAULT NULL,
  `settings` text COLLATE utf8_unicode_ci,
  `enabled` tinyint(1) unsigned NOT NULL DEFAULT '1',
  `dateCreated` datetime NOT NULL,
  `dateUpdated` datetime NOT NULL,
  `uid` char(36) COLLATE utf8_unicode_ci NOT NULL DEFAULT '0',
  PRIMARY KEY (`id`),
  KEY `craft_widgets_userId_fk` (`userId`)
) ENGINE=InnoDB AUTO_INCREMENT=5 DEFAULT CHARSET=utf8 COLLATE=utf8_unicode_ci;

--
-- Data for table `craft_widgets`
--

INSERT INTO `craft_widgets` (`id`, `userId`, `type`, `sortOrder`, `colspan`, `settings`, `enabled`, `dateCreated`, `dateUpdated`, `uid`) VALUES
 ('1', '1', 'RecentEntries', '1', NULL, NULL, '1', '2017-09-05 17:18:05', '2017-09-05 17:18:05', '00402afd-9bd4-4fe9-8f42-bcff9d4268e2'),
 ('2', '1', 'GetHelp', '2', NULL, NULL, '1', '2017-09-05 17:18:05', '2017-09-05 17:18:05', '4b014473-4528-4fcf-8e73-de37d73bf414'),
 ('3', '1', 'Updates', '3', NULL, NULL, '1', '2017-09-05 17:18:05', '2017-09-05 17:18:05', 'dd47b487-81e1-4e98-938a-a0ca61bca380'),
 ('4', '1', 'Feed', '4', NULL, '{\"url\":\"https:\\/\\/craftcms.com\\/news.rss\",\"title\":\"Craft News\"}', '1', '2017-09-05 17:18:05', '2017-09-05 17:18:05', '6e52ae7e-09d0-4b99-bee8-f2bac4d34f0e');


--
-- Constraints for tables
--


--
-- Constraints for table `craft_assetfiles`
--
ALTER TABLE `craft_assetfiles`
	ADD CONSTRAINT `craft_assetfiles_folderId_fk` FOREIGN KEY (`folderId`) REFERENCES `craft_assetfolders` (`id`) ON DELETE CASCADE,
	ADD CONSTRAINT `craft_assetfiles_id_fk` FOREIGN KEY (`id`) REFERENCES `craft_elements` (`id`) ON DELETE CASCADE,
	ADD CONSTRAINT `craft_assetfiles_sourceId_fk` FOREIGN KEY (`sourceId`) REFERENCES `craft_assetsources` (`id`) ON DELETE CASCADE;

--
-- Constraints for table `craft_assetfolders`
--
ALTER TABLE `craft_assetfolders`
	ADD CONSTRAINT `craft_assetfolders_parentId_fk` FOREIGN KEY (`parentId`) REFERENCES `craft_assetfolders` (`id`) ON DELETE CASCADE,
	ADD CONSTRAINT `craft_assetfolders_sourceId_fk` FOREIGN KEY (`sourceId`) REFERENCES `craft_assetsources` (`id`) ON DELETE CASCADE;

--
-- Constraints for table `craft_assetindexdata`
--
ALTER TABLE `craft_assetindexdata`
	ADD CONSTRAINT `craft_assetindexdata_sourceId_fk` FOREIGN KEY (`sourceId`) REFERENCES `craft_assetsources` (`id`) ON DELETE CASCADE;

--
-- Constraints for table `craft_assetsources`
--
ALTER TABLE `craft_assetsources`
	ADD CONSTRAINT `craft_assetsources_fieldLayoutId_fk` FOREIGN KEY (`fieldLayoutId`) REFERENCES `craft_fieldlayouts` (`id`) ON DELETE SET NULL;

--
-- Constraints for table `craft_categories`
--
ALTER TABLE `craft_categories`
	ADD CONSTRAINT `craft_categories_groupId_fk` FOREIGN KEY (`groupId`) REFERENCES `craft_categorygroups` (`id`) ON DELETE CASCADE,
	ADD CONSTRAINT `craft_categories_id_fk` FOREIGN KEY (`id`) REFERENCES `craft_elements` (`id`) ON DELETE CASCADE;

--
-- Constraints for table `craft_categorygroups`
--
ALTER TABLE `craft_categorygroups`
	ADD CONSTRAINT `craft_categorygroups_fieldLayoutId_fk` FOREIGN KEY (`fieldLayoutId`) REFERENCES `craft_fieldlayouts` (`id`) ON DELETE SET NULL,
	ADD CONSTRAINT `craft_categorygroups_structureId_fk` FOREIGN KEY (`structureId`) REFERENCES `craft_structures` (`id`) ON DELETE CASCADE;

--
-- Constraints for table `craft_categorygroups_i18n`
--
ALTER TABLE `craft_categorygroups_i18n`
	ADD CONSTRAINT `craft_categorygroups_i18n_groupId_fk` FOREIGN KEY (`groupId`) REFERENCES `craft_categorygroups` (`id`) ON DELETE CASCADE,
	ADD CONSTRAINT `craft_categorygroups_i18n_locale_fk` FOREIGN KEY (`locale`) REFERENCES `craft_locales` (`locale`) ON DELETE CASCADE ON UPDATE CASCADE;

--
-- Constraints for table `craft_content`
--
ALTER TABLE `craft_content`
	ADD CONSTRAINT `craft_content_elementId_fk` FOREIGN KEY (`elementId`) REFERENCES `craft_elements` (`id`) ON DELETE CASCADE,
	ADD CONSTRAINT `craft_content_locale_fk` FOREIGN KEY (`locale`) REFERENCES `craft_locales` (`locale`) ON DELETE CASCADE ON UPDATE CASCADE;

--
-- Constraints for table `craft_elements_i18n`
--
ALTER TABLE `craft_elements_i18n`
	ADD CONSTRAINT `craft_elements_i18n_elementId_fk` FOREIGN KEY (`elementId`) REFERENCES `craft_elements` (`id`) ON DELETE CASCADE,
	ADD CONSTRAINT `craft_elements_i18n_locale_fk` FOREIGN KEY (`locale`) REFERENCES `craft_locales` (`locale`) ON DELETE CASCADE ON UPDATE CASCADE;

--
-- Constraints for table `craft_emailmessages`
--
ALTER TABLE `craft_emailmessages`
	ADD CONSTRAINT `craft_emailmessages_locale_fk` FOREIGN KEY (`locale`) REFERENCES `craft_locales` (`locale`) ON DELETE CASCADE ON UPDATE CASCADE;

--
-- Constraints for table `craft_entries`
--
ALTER TABLE `craft_entries`
	ADD CONSTRAINT `craft_entries_authorId_fk` FOREIGN KEY (`authorId`) REFERENCES `craft_users` (`id`) ON DELETE CASCADE,
	ADD CONSTRAINT `craft_entries_id_fk` FOREIGN KEY (`id`) REFERENCES `craft_elements` (`id`) ON DELETE CASCADE,
	ADD CONSTRAINT `craft_entries_sectionId_fk` FOREIGN KEY (`sectionId`) REFERENCES `craft_sections` (`id`) ON DELETE CASCADE,
	ADD CONSTRAINT `craft_entries_typeId_fk` FOREIGN KEY (`typeId`) REFERENCES `craft_entrytypes` (`id`) ON DELETE CASCADE;

--
-- Constraints for table `craft_entrydrafts`
--
ALTER TABLE `craft_entrydrafts`
	ADD CONSTRAINT `craft_entrydrafts_creatorId_fk` FOREIGN KEY (`creatorId`) REFERENCES `craft_users` (`id`) ON DELETE CASCADE,
	ADD CONSTRAINT `craft_entrydrafts_entryId_fk` FOREIGN KEY (`entryId`) REFERENCES `craft_entries` (`id`) ON DELETE CASCADE,
	ADD CONSTRAINT `craft_entrydrafts_locale_fk` FOREIGN KEY (`locale`) REFERENCES `craft_locales` (`locale`) ON DELETE CASCADE ON UPDATE CASCADE,
	ADD CONSTRAINT `craft_entrydrafts_sectionId_fk` FOREIGN KEY (`sectionId`) REFERENCES `craft_sections` (`id`) ON DELETE CASCADE;

--
-- Constraints for table `craft_entrytypes`
--
ALTER TABLE `craft_entrytypes`
	ADD CONSTRAINT `craft_entrytypes_fieldLayoutId_fk` FOREIGN KEY (`fieldLayoutId`) REFERENCES `craft_fieldlayouts` (`id`) ON DELETE SET NULL,
	ADD CONSTRAINT `craft_entrytypes_sectionId_fk` FOREIGN KEY (`sectionId`) REFERENCES `craft_sections` (`id`) ON DELETE CASCADE;

--
-- Constraints for table `craft_entryversions`
--
ALTER TABLE `craft_entryversions`
	ADD CONSTRAINT `craft_entryversions_creatorId_fk` FOREIGN KEY (`creatorId`) REFERENCES `craft_users` (`id`) ON DELETE SET NULL,
	ADD CONSTRAINT `craft_entryversions_entryId_fk` FOREIGN KEY (`entryId`) REFERENCES `craft_entries` (`id`) ON DELETE CASCADE,
	ADD CONSTRAINT `craft_entryversions_locale_fk` FOREIGN KEY (`locale`) REFERENCES `craft_locales` (`locale`) ON DELETE CASCADE ON UPDATE CASCADE,
	ADD CONSTRAINT `craft_entryversions_sectionId_fk` FOREIGN KEY (`sectionId`) REFERENCES `craft_sections` (`id`) ON DELETE CASCADE;

--
-- Constraints for table `craft_fieldlayoutfields`
--
ALTER TABLE `craft_fieldlayoutfields`
	ADD CONSTRAINT `craft_fieldlayoutfields_fieldId_fk` FOREIGN KEY (`fieldId`) REFERENCES `craft_fields` (`id`) ON DELETE CASCADE,
	ADD CONSTRAINT `craft_fieldlayoutfields_layoutId_fk` FOREIGN KEY (`layoutId`) REFERENCES `craft_fieldlayouts` (`id`) ON DELETE CASCADE,
	ADD CONSTRAINT `craft_fieldlayoutfields_tabId_fk` FOREIGN KEY (`tabId`) REFERENCES `craft_fieldlayouttabs` (`id`) ON DELETE CASCADE;

--
-- Constraints for table `craft_fieldlayouttabs`
--
ALTER TABLE `craft_fieldlayouttabs`
	ADD CONSTRAINT `craft_fieldlayouttabs_layoutId_fk` FOREIGN KEY (`layoutId`) REFERENCES `craft_fieldlayouts` (`id`) ON DELETE CASCADE;

--
-- Constraints for table `craft_fields`
--
ALTER TABLE `craft_fields`
	ADD CONSTRAINT `craft_fields_groupId_fk` FOREIGN KEY (`groupId`) REFERENCES `craft_fieldgroups` (`id`) ON DELETE CASCADE;

--
-- Constraints for table `craft_globalsets`
--
ALTER TABLE `craft_globalsets`
	ADD CONSTRAINT `craft_globalsets_fieldLayoutId_fk` FOREIGN KEY (`fieldLayoutId`) REFERENCES `craft_fieldlayouts` (`id`) ON DELETE SET NULL,
	ADD CONSTRAINT `craft_globalsets_id_fk` FOREIGN KEY (`id`) REFERENCES `craft_elements` (`id`) ON DELETE CASCADE;

--
-- Constraints for table `craft_matrixblocks`
--
ALTER TABLE `craft_matrixblocks`
	ADD CONSTRAINT `craft_matrixblocks_fieldId_fk` FOREIGN KEY (`fieldId`) REFERENCES `craft_fields` (`id`) ON DELETE CASCADE,
	ADD CONSTRAINT `craft_matrixblocks_id_fk` FOREIGN KEY (`id`) REFERENCES `craft_elements` (`id`) ON DELETE CASCADE,
	ADD CONSTRAINT `craft_matrixblocks_ownerId_fk` FOREIGN KEY (`ownerId`) REFERENCES `craft_elements` (`id`) ON DELETE CASCADE,
	ADD CONSTRAINT `craft_matrixblocks_ownerLocale_fk` FOREIGN KEY (`ownerLocale`) REFERENCES `craft_locales` (`locale`) ON DELETE CASCADE ON UPDATE CASCADE,
	ADD CONSTRAINT `craft_matrixblocks_typeId_fk` FOREIGN KEY (`typeId`) REFERENCES `craft_matrixblocktypes` (`id`) ON DELETE CASCADE;

--
-- Constraints for table `craft_matrixblocktypes`
--
ALTER TABLE `craft_matrixblocktypes`
	ADD CONSTRAINT `craft_matrixblocktypes_fieldId_fk` FOREIGN KEY (`fieldId`) REFERENCES `craft_fields` (`id`) ON DELETE CASCADE,
	ADD CONSTRAINT `craft_matrixblocktypes_fieldLayoutId_fk` FOREIGN KEY (`fieldLayoutId`) REFERENCES `craft_fieldlayouts` (`id`) ON DELETE SET NULL;

--
-- Constraints for table `craft_matrixcontent_blogpostcontent`
--
ALTER TABLE `craft_matrixcontent_blogpostcontent`
	ADD CONSTRAINT `craft_matrixcontent_blogpostcontent_elementId_fk` FOREIGN KEY (`elementId`) REFERENCES `craft_elements` (`id`) ON DELETE CASCADE,
	ADD CONSTRAINT `craft_matrixcontent_blogpostcontent_locale_fk` FOREIGN KEY (`locale`) REFERENCES `craft_locales` (`locale`) ON DELETE CASCADE ON UPDATE CASCADE;

--
-- Constraints for table `craft_matrixcontent_footercontact`
--
ALTER TABLE `craft_matrixcontent_footercontact`
	ADD CONSTRAINT `craft_matrixcontent_footercontact_elementId_fk` FOREIGN KEY (`elementId`) REFERENCES `craft_elements` (`id`) ON DELETE CASCADE,
	ADD CONSTRAINT `craft_matrixcontent_footercontact_locale_fk` FOREIGN KEY (`locale`) REFERENCES `craft_locales` (`locale`) ON DELETE CASCADE ON UPDATE CASCADE;

--
-- Constraints for table `craft_matrixcontent_interactivefieldmap`
--
ALTER TABLE `craft_matrixcontent_interactivefieldmap`
	ADD CONSTRAINT `craft_matrixcontent_interactivefieldmap_elementId_fk` FOREIGN KEY (`elementId`) REFERENCES `craft_elements` (`id`) ON DELETE CASCADE,
	ADD CONSTRAINT `craft_matrixcontent_interactivefieldmap_locale_fk` FOREIGN KEY (`locale`) REFERENCES `craft_locales` (`locale`) ON DELETE CASCADE ON UPDATE CASCADE;

--
-- Constraints for table `craft_matrixcontent_marketingmaterials`
--
ALTER TABLE `craft_matrixcontent_marketingmaterials`
	ADD CONSTRAINT `craft_matrixcontent_marketingmaterials_elementId_fk` FOREIGN KEY (`elementId`) REFERENCES `craft_elements` (`id`) ON DELETE CASCADE,
	ADD CONSTRAINT `craft_matrixcontent_marketingmaterials_locale_fk` FOREIGN KEY (`locale`) REFERENCES `craft_locales` (`locale`) ON DELETE CASCADE ON UPDATE CASCADE;

--
-- Constraints for table `craft_matrixcontent_process`
--
ALTER TABLE `craft_matrixcontent_process`
	ADD CONSTRAINT `craft_matrixcontent_process_elementId_fk` FOREIGN KEY (`elementId`) REFERENCES `craft_elements` (`id`) ON DELETE CASCADE,
	ADD CONSTRAINT `craft_matrixcontent_process_locale_fk` FOREIGN KEY (`locale`) REFERENCES `craft_locales` (`locale`) ON DELETE CASCADE ON UPDATE CASCADE;

--
-- Constraints for table `craft_matrixcontent_socialmedia`
--
ALTER TABLE `craft_matrixcontent_socialmedia`
	ADD CONSTRAINT `craft_matrixcontent_socialmedia_elementId_fk` FOREIGN KEY (`elementId`) REFERENCES `craft_elements` (`id`) ON DELETE CASCADE,
	ADD CONSTRAINT `craft_matrixcontent_socialmedia_locale_fk` FOREIGN KEY (`locale`) REFERENCES `craft_locales` (`locale`) ON DELETE CASCADE ON UPDATE CASCADE;

--
-- Constraints for table `craft_migrations`
--
ALTER TABLE `craft_migrations`
	ADD CONSTRAINT `craft_migrations_pluginId_fk` FOREIGN KEY (`pluginId`) REFERENCES `craft_plugins` (`id`) ON DELETE CASCADE;

--
-- Constraints for table `craft_relations`
--
ALTER TABLE `craft_relations`
	ADD CONSTRAINT `craft_relations_fieldId_fk` FOREIGN KEY (`fieldId`) REFERENCES `craft_fields` (`id`) ON DELETE CASCADE,
	ADD CONSTRAINT `craft_relations_sourceId_fk` FOREIGN KEY (`sourceId`) REFERENCES `craft_elements` (`id`) ON DELETE CASCADE,
	ADD CONSTRAINT `craft_relations_sourceLocale_fk` FOREIGN KEY (`sourceLocale`) REFERENCES `craft_locales` (`locale`) ON DELETE CASCADE ON UPDATE CASCADE,
	ADD CONSTRAINT `craft_relations_targetId_fk` FOREIGN KEY (`targetId`) REFERENCES `craft_elements` (`id`) ON DELETE CASCADE;

--
-- Constraints for table `craft_routes`
--
ALTER TABLE `craft_routes`
	ADD CONSTRAINT `craft_routes_locale_fk` FOREIGN KEY (`locale`) REFERENCES `craft_locales` (`locale`) ON DELETE CASCADE ON UPDATE CASCADE;

--
-- Constraints for table `craft_sections`
--
ALTER TABLE `craft_sections`
	ADD CONSTRAINT `craft_sections_structureId_fk` FOREIGN KEY (`structureId`) REFERENCES `craft_structures` (`id`) ON DELETE SET NULL;

--
-- Constraints for table `craft_sections_i18n`
--
ALTER TABLE `craft_sections_i18n`
	ADD CONSTRAINT `craft_sections_i18n_locale_fk` FOREIGN KEY (`locale`) REFERENCES `craft_locales` (`locale`) ON DELETE CASCADE ON UPDATE CASCADE,
	ADD CONSTRAINT `craft_sections_i18n_sectionId_fk` FOREIGN KEY (`sectionId`) REFERENCES `craft_sections` (`id`) ON DELETE CASCADE;

--
-- Constraints for table `craft_sessions`
--
ALTER TABLE `craft_sessions`
	ADD CONSTRAINT `craft_sessions_userId_fk` FOREIGN KEY (`userId`) REFERENCES `craft_users` (`id`) ON DELETE CASCADE;

--
-- Constraints for table `craft_shunnedmessages`
--
ALTER TABLE `craft_shunnedmessages`
	ADD CONSTRAINT `craft_shunnedmessages_userId_fk` FOREIGN KEY (`userId`) REFERENCES `craft_users` (`id`) ON DELETE CASCADE;

--
-- Constraints for table `craft_smartmap_addresses`
--
ALTER TABLE `craft_smartmap_addresses`
	ADD CONSTRAINT `craft_smartmap_addresses_elementId_fk` FOREIGN KEY (`elementId`) REFERENCES `craft_elements` (`id`) ON DELETE CASCADE,
	ADD CONSTRAINT `craft_smartmap_addresses_fieldId_fk` FOREIGN KEY (`fieldId`) REFERENCES `craft_fields` (`id`) ON DELETE CASCADE;

--
-- Constraints for table `craft_structureelements`
--
ALTER TABLE `craft_structureelements`
	ADD CONSTRAINT `craft_structureelements_elementId_fk` FOREIGN KEY (`elementId`) REFERENCES `craft_elements` (`id`) ON DELETE CASCADE,
	ADD CONSTRAINT `craft_structureelements_structureId_fk` FOREIGN KEY (`structureId`) REFERENCES `craft_structures` (`id`) ON DELETE CASCADE;

--
-- Constraints for table `craft_taggroups`
--
ALTER TABLE `craft_taggroups`
	ADD CONSTRAINT `craft_taggroups_fieldLayoutId_fk` FOREIGN KEY (`fieldLayoutId`) REFERENCES `craft_fieldlayouts` (`id`) ON DELETE SET NULL;

--
-- Constraints for table `craft_tags`
--
ALTER TABLE `craft_tags`
	ADD CONSTRAINT `craft_tags_groupId_fk` FOREIGN KEY (`groupId`) REFERENCES `craft_taggroups` (`id`) ON DELETE CASCADE,
	ADD CONSTRAINT `craft_tags_id_fk` FOREIGN KEY (`id`) REFERENCES `craft_elements` (`id`) ON DELETE CASCADE;

--
-- Constraints for table `craft_templatecachecriteria`
--
ALTER TABLE `craft_templatecachecriteria`
	ADD CONSTRAINT `craft_templatecachecriteria_cacheId_fk` FOREIGN KEY (`cacheId`) REFERENCES `craft_templatecaches` (`id`) ON DELETE CASCADE;

--
-- Constraints for table `craft_templatecacheelements`
--
ALTER TABLE `craft_templatecacheelements`
	ADD CONSTRAINT `craft_templatecacheelements_cacheId_fk` FOREIGN KEY (`cacheId`) REFERENCES `craft_templatecaches` (`id`) ON DELETE CASCADE,
	ADD CONSTRAINT `craft_templatecacheelements_elementId_fk` FOREIGN KEY (`elementId`) REFERENCES `craft_elements` (`id`) ON DELETE CASCADE;

--
-- Constraints for table `craft_templatecaches`
--
ALTER TABLE `craft_templatecaches`
	ADD CONSTRAINT `craft_templatecaches_locale_fk` FOREIGN KEY (`locale`) REFERENCES `craft_locales` (`locale`) ON DELETE CASCADE ON UPDATE CASCADE;

--
-- Constraints for table `craft_usergroups_users`
--
ALTER TABLE `craft_usergroups_users`
	ADD CONSTRAINT `craft_usergroups_users_groupId_fk` FOREIGN KEY (`groupId`) REFERENCES `craft_usergroups` (`id`) ON DELETE CASCADE,
	ADD CONSTRAINT `craft_usergroups_users_userId_fk` FOREIGN KEY (`userId`) REFERENCES `craft_users` (`id`) ON DELETE CASCADE;

--
-- Constraints for table `craft_userpermissions_usergroups`
--
ALTER TABLE `craft_userpermissions_usergroups`
	ADD CONSTRAINT `craft_userpermissions_usergroups_groupId_fk` FOREIGN KEY (`groupId`) REFERENCES `craft_usergroups` (`id`) ON DELETE CASCADE,
	ADD CONSTRAINT `craft_userpermissions_usergroups_permissionId_fk` FOREIGN KEY (`permissionId`) REFERENCES `craft_userpermissions` (`id`) ON DELETE CASCADE;

--
-- Constraints for table `craft_userpermissions_users`
--
ALTER TABLE `craft_userpermissions_users`
	ADD CONSTRAINT `craft_userpermissions_users_permissionId_fk` FOREIGN KEY (`permissionId`) REFERENCES `craft_userpermissions` (`id`) ON DELETE CASCADE,
	ADD CONSTRAINT `craft_userpermissions_users_userId_fk` FOREIGN KEY (`userId`) REFERENCES `craft_users` (`id`) ON DELETE CASCADE;

--
-- Constraints for table `craft_users`
--
ALTER TABLE `craft_users`
	ADD CONSTRAINT `craft_users_id_fk` FOREIGN KEY (`id`) REFERENCES `craft_elements` (`id`) ON DELETE CASCADE,
	ADD CONSTRAINT `craft_users_preferredLocale_fk` FOREIGN KEY (`preferredLocale`) REFERENCES `craft_locales` (`locale`) ON DELETE SET NULL ON UPDATE CASCADE;

--
-- Constraints for table `craft_widgets`
--
ALTER TABLE `craft_widgets`
	ADD CONSTRAINT `craft_widgets_userId_fk` FOREIGN KEY (`userId`) REFERENCES `craft_users` (`id`) ON DELETE CASCADE;

SET FOREIGN_KEY_CHECKS = 1;
