-- Generated by Craft v2.6.2989 on Oct 12, 2017, 5:56:59 PM.

--
-- Disable foreign key checks and autocommit.
--

SET FOREIGN_KEY_CHECKS = 0;
SET SQL_MODE = "NO_AUTO_VALUE_ON_ZERO";
SET AUTOCOMMIT = 0;
SET NAMES utf8;


DROP TABLE IF EXISTS `craft_amnav_navs`;


--
-- Schema for table `craft_amnav_navs`
--
CREATE TABLE `craft_amnav_navs` (
  `id` int(11) NOT NULL AUTO_INCREMENT,
  `name` varchar(255) COLLATE utf8_unicode_ci NOT NULL,
  `handle` varchar(255) COLLATE utf8_unicode_ci NOT NULL,
  `settings` text COLLATE utf8_unicode_ci,
  `dateCreated` datetime NOT NULL,
  `dateUpdated` datetime NOT NULL,
  `uid` char(36) COLLATE utf8_unicode_ci NOT NULL DEFAULT '0',
  PRIMARY KEY (`id`),
  UNIQUE KEY `craft_amnav_navs_handle_unq_idx` (`handle`)
) ENGINE=InnoDB DEFAULT CHARSET=utf8 COLLATE=utf8_unicode_ci;

DROP TABLE IF EXISTS `craft_amnav_nodes`;


--
-- Schema for table `craft_amnav_nodes`
--
CREATE TABLE `craft_amnav_nodes` (
  `id` int(11) NOT NULL AUTO_INCREMENT,
  `navId` int(10) NOT NULL,
  `parentId` int(10) DEFAULT NULL,
  `order` int(10) DEFAULT '0',
  `name` varchar(255) COLLATE utf8_unicode_ci NOT NULL,
  `url` varchar(255) COLLATE utf8_unicode_ci DEFAULT NULL,
  `listClass` varchar(255) COLLATE utf8_unicode_ci DEFAULT NULL,
  `blank` tinyint(1) unsigned NOT NULL DEFAULT '0',
  `enabled` tinyint(1) unsigned NOT NULL DEFAULT '1',
  `elementId` int(10) DEFAULT NULL,
  `elementType` varchar(255) COLLATE utf8_unicode_ci DEFAULT NULL,
  `locale` char(12) COLLATE utf8_unicode_ci DEFAULT NULL,
  `dateCreated` datetime NOT NULL,
  `dateUpdated` datetime NOT NULL,
  `uid` char(36) COLLATE utf8_unicode_ci NOT NULL DEFAULT '0',
  PRIMARY KEY (`id`),
  KEY `craft_amnav_nodes_elementId_elementType_locale_idx` (`elementId`,`elementType`,`locale`)
) ENGINE=InnoDB DEFAULT CHARSET=utf8 COLLATE=utf8_unicode_ci;

DROP TABLE IF EXISTS `craft_assetfiles`;


--
-- Schema for table `craft_assetfiles`
--
CREATE TABLE `craft_assetfiles` (
  `id` int(11) NOT NULL,
  `sourceId` int(11) DEFAULT NULL,
  `folderId` int(11) NOT NULL,
  `filename` varchar(255) COLLATE utf8_unicode_ci NOT NULL,
  `kind` varchar(50) COLLATE utf8_unicode_ci NOT NULL DEFAULT 'unknown',
  `width` int(11) unsigned DEFAULT NULL,
  `height` int(11) unsigned DEFAULT NULL,
  `size` bigint(20) unsigned DEFAULT NULL,
  `dateModified` datetime DEFAULT NULL,
  `dateCreated` datetime NOT NULL,
  `dateUpdated` datetime NOT NULL,
  `uid` char(36) COLLATE utf8_unicode_ci NOT NULL DEFAULT '0',
  PRIMARY KEY (`id`),
  UNIQUE KEY `craft_assetfiles_filename_folderId_unq_idx` (`filename`,`folderId`),
  KEY `craft_assetfiles_sourceId_fk` (`sourceId`),
  KEY `craft_assetfiles_folderId_fk` (`folderId`)
) ENGINE=InnoDB DEFAULT CHARSET=utf8 COLLATE=utf8_unicode_ci;

DROP TABLE IF EXISTS `craft_assetfolders`;


--
-- Schema for table `craft_assetfolders`
--
CREATE TABLE `craft_assetfolders` (
  `id` int(11) NOT NULL AUTO_INCREMENT,
  `parentId` int(11) DEFAULT NULL,
  `sourceId` int(11) DEFAULT NULL,
  `name` varchar(255) COLLATE utf8_unicode_ci NOT NULL,
  `path` varchar(255) COLLATE utf8_unicode_ci DEFAULT NULL,
  `dateCreated` datetime NOT NULL,
  `dateUpdated` datetime NOT NULL,
  `uid` char(36) COLLATE utf8_unicode_ci NOT NULL DEFAULT '0',
  PRIMARY KEY (`id`),
  UNIQUE KEY `craft_assetfolders_name_parentId_sourceId_unq_idx` (`name`,`parentId`,`sourceId`),
  KEY `craft_assetfolders_parentId_fk` (`parentId`),
  KEY `craft_assetfolders_sourceId_fk` (`sourceId`)
) ENGINE=InnoDB DEFAULT CHARSET=utf8 COLLATE=utf8_unicode_ci;

DROP TABLE IF EXISTS `craft_assetindexdata`;


--
-- Schema for table `craft_assetindexdata`
--
CREATE TABLE `craft_assetindexdata` (
  `id` int(11) NOT NULL AUTO_INCREMENT,
  `sessionId` varchar(36) COLLATE utf8_unicode_ci NOT NULL DEFAULT '',
  `sourceId` int(10) NOT NULL,
  `offset` int(10) NOT NULL,
  `uri` varchar(255) COLLATE utf8_unicode_ci DEFAULT NULL,
  `size` varchar(255) COLLATE utf8_unicode_ci DEFAULT NULL,
  `recordId` int(10) DEFAULT NULL,
  `dateCreated` datetime NOT NULL,
  `dateUpdated` datetime NOT NULL,
  `uid` char(36) COLLATE utf8_unicode_ci NOT NULL DEFAULT '0',
  PRIMARY KEY (`id`),
  UNIQUE KEY `craft_assetindexdata_sessionId_sourceId_offset_unq_idx` (`sessionId`,`sourceId`,`offset`),
  KEY `craft_assetindexdata_sourceId_fk` (`sourceId`)
) ENGINE=InnoDB DEFAULT CHARSET=utf8 COLLATE=utf8_unicode_ci;

DROP TABLE IF EXISTS `craft_assetsources`;


--
-- Schema for table `craft_assetsources`
--
CREATE TABLE `craft_assetsources` (
  `id` int(11) NOT NULL AUTO_INCREMENT,
  `name` varchar(255) COLLATE utf8_unicode_ci NOT NULL,
  `handle` varchar(255) COLLATE utf8_unicode_ci NOT NULL,
  `type` varchar(150) COLLATE utf8_unicode_ci NOT NULL,
  `settings` text COLLATE utf8_unicode_ci,
  `sortOrder` smallint(6) unsigned DEFAULT NULL,
  `fieldLayoutId` int(10) DEFAULT NULL,
  `dateCreated` datetime NOT NULL,
  `dateUpdated` datetime NOT NULL,
  `uid` char(36) COLLATE utf8_unicode_ci NOT NULL DEFAULT '0',
  PRIMARY KEY (`id`),
  UNIQUE KEY `craft_assetsources_name_unq_idx` (`name`),
  UNIQUE KEY `craft_assetsources_handle_unq_idx` (`handle`),
  KEY `craft_assetsources_fieldLayoutId_fk` (`fieldLayoutId`)
) ENGINE=InnoDB DEFAULT CHARSET=utf8 COLLATE=utf8_unicode_ci;

DROP TABLE IF EXISTS `craft_assettransformindex`;


--
-- Schema for table `craft_assettransformindex`
--
CREATE TABLE `craft_assettransformindex` (
  `id` int(11) NOT NULL AUTO_INCREMENT,
  `fileId` int(11) NOT NULL,
  `filename` varchar(255) COLLATE utf8_unicode_ci DEFAULT NULL,
  `format` varchar(255) COLLATE utf8_unicode_ci DEFAULT NULL,
  `location` varchar(255) COLLATE utf8_unicode_ci NOT NULL,
  `sourceId` int(11) DEFAULT NULL,
  `fileExists` tinyint(1) DEFAULT NULL,
  `inProgress` tinyint(1) DEFAULT NULL,
  `dateIndexed` datetime DEFAULT NULL,
  `dateCreated` datetime NOT NULL,
  `dateUpdated` datetime NOT NULL,
  `uid` char(36) COLLATE utf8_unicode_ci NOT NULL DEFAULT '0',
  PRIMARY KEY (`id`),
  KEY `craft_assettransformindex_sourceId_fileId_location_idx` (`sourceId`,`fileId`,`location`)
) ENGINE=InnoDB DEFAULT CHARSET=utf8 COLLATE=utf8_unicode_ci;

DROP TABLE IF EXISTS `craft_assettransforms`;


--
-- Schema for table `craft_assettransforms`
--
CREATE TABLE `craft_assettransforms` (
  `id` int(11) NOT NULL AUTO_INCREMENT,
  `name` varchar(255) COLLATE utf8_unicode_ci NOT NULL,
  `handle` varchar(255) COLLATE utf8_unicode_ci NOT NULL,
  `mode` enum('stretch','fit','crop') COLLATE utf8_unicode_ci NOT NULL DEFAULT 'crop',
  `position` enum('top-left','top-center','top-right','center-left','center-center','center-right','bottom-left','bottom-center','bottom-right') COLLATE utf8_unicode_ci NOT NULL DEFAULT 'center-center',
  `height` int(10) DEFAULT NULL,
  `width` int(10) DEFAULT NULL,
  `format` varchar(255) COLLATE utf8_unicode_ci DEFAULT NULL,
  `quality` int(10) DEFAULT NULL,
  `dimensionChangeTime` datetime DEFAULT NULL,
  `dateCreated` datetime NOT NULL,
  `dateUpdated` datetime NOT NULL,
  `uid` char(36) COLLATE utf8_unicode_ci NOT NULL DEFAULT '0',
  PRIMARY KEY (`id`),
  UNIQUE KEY `craft_assettransforms_name_unq_idx` (`name`),
  UNIQUE KEY `craft_assettransforms_handle_unq_idx` (`handle`)
) ENGINE=InnoDB DEFAULT CHARSET=utf8 COLLATE=utf8_unicode_ci;

DROP TABLE IF EXISTS `craft_categories`;


--
-- Schema for table `craft_categories`
--
CREATE TABLE `craft_categories` (
  `id` int(11) NOT NULL,
  `groupId` int(11) NOT NULL,
  `dateCreated` datetime NOT NULL,
  `dateUpdated` datetime NOT NULL,
  `uid` char(36) COLLATE utf8_unicode_ci NOT NULL DEFAULT '0',
  PRIMARY KEY (`id`),
  KEY `craft_categories_groupId_fk` (`groupId`)
) ENGINE=InnoDB DEFAULT CHARSET=utf8 COLLATE=utf8_unicode_ci;

--
-- Data for table `craft_categories`
--

INSERT INTO `craft_categories` (`id`, `groupId`, `dateCreated`, `dateUpdated`, `uid`) VALUES
 ('10', '2', '2017-09-08 20:34:43', '2017-09-08 20:34:43', 'adc9709c-a9f9-4a96-9bca-f5ad6019d66f'),
 ('11', '2', '2017-09-08 20:34:51', '2017-09-08 20:34:51', 'e24ec636-fcc8-497b-b1ba-ccc93d5bbc61'),
 ('12', '3', '2017-09-08 20:38:50', '2017-09-08 20:38:50', '47d26766-c09b-4c9f-ac6c-7664cf9acfbb'),
 ('13', '3', '2017-09-08 20:38:55', '2017-09-08 20:38:55', '025a02ef-816a-479d-bb85-966f0c9c5bbe'),
 ('14', '3', '2017-09-08 20:39:00', '2017-09-08 20:39:00', '5d6b0849-bade-4f25-839d-4264d886bf65'),
 ('16', '4', '2017-09-14 19:24:19', '2017-09-14 19:24:21', 'cd3ac519-d02e-4581-946f-baaca7be5752'),
 ('17', '4', '2017-09-14 19:24:25', '2017-09-14 19:24:25', 'fdf68245-860b-4a5d-8cca-d919778dcc51');



DROP TABLE IF EXISTS `craft_categorygroups`;


--
-- Schema for table `craft_categorygroups`
--
CREATE TABLE `craft_categorygroups` (
  `id` int(11) NOT NULL AUTO_INCREMENT,
  `structureId` int(11) NOT NULL,
  `fieldLayoutId` int(11) DEFAULT NULL,
  `name` varchar(255) COLLATE utf8_unicode_ci NOT NULL,
  `handle` varchar(255) COLLATE utf8_unicode_ci NOT NULL,
  `hasUrls` tinyint(1) unsigned NOT NULL DEFAULT '1',
  `template` varchar(500) COLLATE utf8_unicode_ci DEFAULT NULL,
  `dateCreated` datetime NOT NULL,
  `dateUpdated` datetime NOT NULL,
  `uid` char(36) COLLATE utf8_unicode_ci NOT NULL DEFAULT '0',
  PRIMARY KEY (`id`),
  UNIQUE KEY `craft_categorygroups_name_unq_idx` (`name`),
  UNIQUE KEY `craft_categorygroups_handle_unq_idx` (`handle`),
  KEY `craft_categorygroups_structureId_fk` (`structureId`),
  KEY `craft_categorygroups_fieldLayoutId_fk` (`fieldLayoutId`)
) ENGINE=InnoDB AUTO_INCREMENT=5 DEFAULT CHARSET=utf8 COLLATE=utf8_unicode_ci;

--
-- Data for table `craft_categorygroups`
--

INSERT INTO `craft_categorygroups` (`id`, `structureId`, `fieldLayoutId`, `name`, `handle`, `hasUrls`, `template`, `dateCreated`, `dateUpdated`, `uid`) VALUES
 ('2', '2', '18', 'Water Access', 'waterAccess', '1', '', '2017-09-08 20:34:03', '2017-09-08 20:34:03', '3cf629ef-d90a-441b-b445-fe172f6cec62'),
 ('3', '3', '20', 'Maintenance Level', 'maintenanceLevel', '1', '', '2017-09-08 20:38:41', '2017-09-08 20:38:41', 'dad885f6-49eb-4020-9366-80b3513e6c46'),
 ('4', '4', '22', 'New or Existing', 'newOrExisting', '1', '', '2017-09-14 19:24:09', '2017-09-14 19:24:09', 'fb99ce37-b2b2-4177-ba6d-e854b966947b');



DROP TABLE IF EXISTS `craft_categorygroups_i18n`;


--
-- Schema for table `craft_categorygroups_i18n`
--
CREATE TABLE `craft_categorygroups_i18n` (
  `id` int(11) NOT NULL AUTO_INCREMENT,
  `groupId` int(11) NOT NULL,
  `locale` char(12) COLLATE utf8_unicode_ci NOT NULL,
  `urlFormat` text COLLATE utf8_unicode_ci,
  `nestedUrlFormat` text COLLATE utf8_unicode_ci,
  `dateCreated` datetime NOT NULL,
  `dateUpdated` datetime NOT NULL,
  `uid` char(36) COLLATE utf8_unicode_ci NOT NULL DEFAULT '0',
  PRIMARY KEY (`id`),
  UNIQUE KEY `craft_categorygroups_i18n_groupId_locale_unq_idx` (`groupId`,`locale`),
  KEY `craft_categorygroups_i18n_locale_fk` (`locale`)
) ENGINE=InnoDB AUTO_INCREMENT=5 DEFAULT CHARSET=utf8 COLLATE=utf8_unicode_ci;

--
-- Data for table `craft_categorygroups_i18n`
--

INSERT INTO `craft_categorygroups_i18n` (`id`, `groupId`, `locale`, `urlFormat`, `nestedUrlFormat`, `dateCreated`, `dateUpdated`, `uid`) VALUES
 ('2', '2', 'en_us', 'water-access/{slug}', '{parent.uri}/{slug}', '2017-09-08 20:34:03', '2017-09-08 20:34:03', 'd1d05163-81ef-44d7-b7e4-f1727bdd79a7'),
 ('3', '3', 'en_us', 'maintenance-level/{slug}', '{parent.uri}/{slug}', '2017-09-08 20:38:41', '2017-09-08 20:38:41', '842bd2f9-ce85-4859-a955-40ad91e27793'),
 ('4', '4', 'en_us', 'new-or-existing/{slug}', '{parent.uri}/{slug}', '2017-09-14 19:24:09', '2017-09-14 19:24:09', '8c230cab-0e9e-463e-93f8-d861d353d9ff');



DROP TABLE IF EXISTS `craft_content`;


--
-- Schema for table `craft_content`
--
CREATE TABLE `craft_content` (
  `id` int(11) NOT NULL AUTO_INCREMENT,
  `elementId` int(11) NOT NULL,
  `locale` char(12) COLLATE utf8_unicode_ci NOT NULL,
  `title` varchar(255) COLLATE utf8_unicode_ci DEFAULT NULL,
  `field_body` text COLLATE utf8_unicode_ci,
  `field_maintenanceLevel` varchar(255) COLLATE utf8_unicode_ci DEFAULT NULL,
  `field_waterAccess` tinyint(1) unsigned NOT NULL DEFAULT '0',
  `field_profLevel` varchar(255) COLLATE utf8_unicode_ci DEFAULT NULL,
  `dateCreated` datetime NOT NULL,
  `dateUpdated` datetime NOT NULL,
  `uid` char(36) COLLATE utf8_unicode_ci NOT NULL DEFAULT '0',
  PRIMARY KEY (`id`),
  UNIQUE KEY `craft_content_elementId_locale_unq_idx` (`elementId`,`locale`),
  KEY `craft_content_title_idx` (`title`),
  KEY `craft_content_locale_fk` (`locale`)
) ENGINE=InnoDB AUTO_INCREMENT=22 DEFAULT CHARSET=utf8 COLLATE=utf8_unicode_ci;

--
-- Data for table `craft_content`
--

INSERT INTO `craft_content` (`id`, `elementId`, `locale`, `title`, `field_body`, `field_maintenanceLevel`, `field_waterAccess`, `field_profLevel`, `dateCreated`, `dateUpdated`, `uid`) VALUES
 ('1', '1', 'en_us', NULL, NULL, NULL, '0', NULL, '2017-09-05 17:18:00', '2017-09-05 17:18:00', 'b850abd5-7092-41a4-ac5d-1c8b66105fcb'),
 ('2', '2', 'en_us', 'Welcome to Duraedge.web!', '<p>It’s true, this site doesn’t have a whole lot of content yet, but don’t worry. Our web developers have just installed the CMS, and they’re setting things up for the content editors this very moment. Soon Duraedge.web will be an oasis of fresh perspectives, sharp analyses, and astute opinions that will keep you coming back again and again.</p>', NULL, '0', NULL, '2017-09-05 17:18:02', '2017-09-05 17:18:02', 'cd4cfc85-0e1c-4d12-a2da-c3e46025f5fc'),
 ('3', '3', 'en_us', 'We just installed Craft!', '<p>Craft is the CMS that’s powering Duraedge.web. It’s beautiful, powerful, flexible, and easy-to-use, and it’s made by Pixel &amp; Tonic. We can’t wait to dive in and see what it’s capable of!</p><!--pagebreak--><p>This is even more captivating content, which you couldn’t see on the News index page because it was entered after a Page Break, and the News index template only likes to show the content on the first page.</p><p>Craft: a nice alternative to Word, if you’re making a website.</p>', NULL, '0', NULL, '2017-09-05 17:18:02', '2017-09-05 17:18:02', '3688d0e6-14e3-48b1-af90-311abdc0c737'),
 ('4', '4', 'en_us', 'Limited Product', '<p>Here is information about the limited product. <strong>Lorem Ipsum</strong> is simply dummy text of the printing and typesetting industry. Lorem Ipsum has been the industry\'s standard dummy text ever since the 1500s, when an unknown printer took a galley of type and scrambled it to make a type specimen book. It has</p>', 'limited', '0', 'recreational', '2017-09-05 17:29:46', '2017-09-14 20:03:49', 'c3a60c2f-5061-45f4-9992-c88a3f90f4e2'),
 ('6', '6', 'en_us', 'High Maintenance ', '<p><strong>Lorem Ipsum</strong> is simply dummy text of the printing and typesetting industry. Lorem Ipsum has been the industry\'s standard dummy text ever since the 1500s, when an unknown printer took a galley of type and scrambled it to make a type specimen book. It has survived not only five centuries, but also</p>', 'regular', '1', 'recreational', '2017-09-05 18:10:02', '2017-09-14 20:03:40', '25f3310c-1958-49bd-8ae7-042f7c80fc09'),
 ('7', '7', 'en_us', 'ddd', 'wefsdf', NULL, '0', NULL, '2017-09-05 18:15:40', '2017-09-05 18:15:40', 'acc198d9-c22a-4a9a-96d7-a92ff9eada04'),
 ('8', '8', 'en_us', 'ddd', '333', NULL, '0', NULL, '2017-09-05 18:16:53', '2017-09-05 18:16:53', '52fafe2f-ea49-4ec4-8101-2e3e1b3ded6e'),
 ('9', '9', 'en_us', 'Volunteer Product', '<p><strong>Lorem Ipsum</strong> is simply dummy text of the printing and typesetting industry. Lorem Ipsum has been the industry\'s standard dummy text ever since the 1500s, when an unknown printer took a galley of type and scrambled it to make a type specimen book. It has survived not only five centuries, but</p>', 'volunteer', '0', 'recreational', '2017-09-05 18:43:17', '2017-09-14 20:03:32', '0cc878fe-0d43-4068-afd8-374084bf9346'),
 ('10', '10', 'en_us', 'Has Water', NULL, NULL, '0', NULL, '2017-09-08 20:34:42', '2017-09-08 20:34:42', '3e8ed6f0-f85e-4b3e-9562-6a39a9ec7fca'),
 ('11', '11', 'en_us', 'No Water', NULL, NULL, '0', NULL, '2017-09-08 20:34:51', '2017-09-08 20:34:51', '7bc10867-e927-4716-ae7c-b106c628a3eb'),
 ('12', '12', 'en_us', 'Light', NULL, NULL, '0', NULL, '2017-09-08 20:38:50', '2017-09-08 20:38:50', '9d01f8bc-577f-4827-b4f6-130fd3d63e24'),
 ('13', '13', 'en_us', 'Moderate', NULL, NULL, '0', NULL, '2017-09-08 20:38:55', '2017-09-08 20:38:55', 'b0ce18c1-eae6-43fe-8e23-e37f5b3fc707'),
 ('14', '14', 'en_us', 'Heavy', NULL, NULL, '0', NULL, '2017-09-08 20:39:00', '2017-09-08 20:39:00', '48cc367a-a3ff-4486-b61a-eb7886f97d1a'),
 ('16', '16', 'en_us', 'New', NULL, NULL, '0', NULL, '2017-09-14 19:24:19', '2017-09-14 19:24:21', 'cc7cde8c-3c14-4d4e-9e7a-23c2796c8234'),
 ('17', '17', 'en_us', 'Existing', NULL, NULL, '0', NULL, '2017-09-14 19:24:25', '2017-09-14 19:24:25', '16882545-3a0d-4ff0-9cc3-db2ca814a8d0'),
 ('18', '18', 'en_us', 'Existing Field -HW -M', '', NULL, '0', NULL, '2017-09-14 19:29:38', '2017-09-19 18:48:36', '7bb9307c-0468-4d33-a473-f41c15806044'),
 ('19', '19', 'en_us', 'My soil is dry', '<p>1</p>', NULL, '0', NULL, '2017-09-19 19:34:04', '2017-09-19 19:39:55', '71f6675a-4612-43e4-9dbf-82aae17d4e10'),
 ('20', '20', 'en_us', 'My soil has rocks in it', '<p>1 2</p>', NULL, '0', NULL, '2017-09-19 19:34:14', '2017-09-19 19:40:03', '470108c8-3180-4688-8483-0404243bee61'),
 ('21', '21', 'en_us', '1', '<p>1</p>', NULL, '0', NULL, '2017-09-19 19:40:46', '2017-09-19 19:40:46', '58577195-7c42-4de9-bbf2-022fded4bbf4');



DROP TABLE IF EXISTS `craft_deprecationerrors`;


--
-- Schema for table `craft_deprecationerrors`
--
CREATE TABLE `craft_deprecationerrors` (
  `id` int(11) NOT NULL AUTO_INCREMENT,
  `key` varchar(255) COLLATE utf8_unicode_ci NOT NULL,
  `fingerprint` varchar(255) COLLATE utf8_unicode_ci NOT NULL,
  `lastOccurrence` datetime NOT NULL,
  `file` varchar(255) COLLATE utf8_unicode_ci NOT NULL,
  `line` smallint(6) unsigned NOT NULL,
  `class` varchar(255) COLLATE utf8_unicode_ci DEFAULT NULL,
  `method` varchar(255) COLLATE utf8_unicode_ci DEFAULT NULL,
  `template` varchar(255) COLLATE utf8_unicode_ci DEFAULT NULL,
  `templateLine` smallint(6) unsigned DEFAULT NULL,
  `message` varchar(255) COLLATE utf8_unicode_ci DEFAULT NULL,
  `traces` text COLLATE utf8_unicode_ci,
  `dateCreated` datetime NOT NULL,
  `dateUpdated` datetime NOT NULL,
  `uid` char(36) COLLATE utf8_unicode_ci NOT NULL DEFAULT '0',
  PRIMARY KEY (`id`),
  UNIQUE KEY `craft_deprecationerrors_key_fingerprint_unq_idx` (`key`,`fingerprint`)
) ENGINE=InnoDB DEFAULT CHARSET=utf8 COLLATE=utf8_unicode_ci;

DROP TABLE IF EXISTS `craft_elementindexsettings`;


--
-- Schema for table `craft_elementindexsettings`
--
CREATE TABLE `craft_elementindexsettings` (
  `id` int(11) NOT NULL AUTO_INCREMENT,
  `type` varchar(150) COLLATE utf8_unicode_ci NOT NULL,
  `settings` text COLLATE utf8_unicode_ci,
  `dateCreated` datetime NOT NULL,
  `dateUpdated` datetime NOT NULL,
  `uid` char(36) COLLATE utf8_unicode_ci NOT NULL DEFAULT '0',
  PRIMARY KEY (`id`),
  UNIQUE KEY `craft_elementindexsettings_type_unq_idx` (`type`)
) ENGINE=InnoDB DEFAULT CHARSET=utf8 COLLATE=utf8_unicode_ci;

DROP TABLE IF EXISTS `craft_elements`;


--
-- Schema for table `craft_elements`
--
CREATE TABLE `craft_elements` (
  `id` int(11) NOT NULL AUTO_INCREMENT,
  `type` varchar(150) COLLATE utf8_unicode_ci NOT NULL,
  `enabled` tinyint(1) unsigned NOT NULL DEFAULT '1',
  `archived` tinyint(1) unsigned NOT NULL DEFAULT '0',
  `dateCreated` datetime NOT NULL,
  `dateUpdated` datetime NOT NULL,
  `uid` char(36) COLLATE utf8_unicode_ci NOT NULL DEFAULT '0',
  PRIMARY KEY (`id`),
  KEY `craft_elements_type_idx` (`type`),
  KEY `craft_elements_enabled_idx` (`enabled`),
  KEY `craft_elements_archived_dateCreated_idx` (`archived`,`dateCreated`)
) ENGINE=InnoDB AUTO_INCREMENT=22 DEFAULT CHARSET=utf8 COLLATE=utf8_unicode_ci;

--
-- Data for table `craft_elements`
--

INSERT INTO `craft_elements` (`id`, `type`, `enabled`, `archived`, `dateCreated`, `dateUpdated`, `uid`) VALUES
 ('1', 'User', '1', '0', '2017-09-05 17:18:00', '2017-09-05 17:18:00', '77e4b48a-950d-4421-b158-94ec68fcb269'),
 ('2', 'Entry', '1', '0', '2017-09-05 17:18:02', '2017-09-05 17:18:02', '12c7acbb-dc08-4a33-97d3-98111c4c6e76'),
 ('3', 'Entry', '1', '0', '2017-09-05 17:18:02', '2017-09-05 17:18:02', '8f7d4912-17e8-4229-863a-5169eee7fcc8'),
 ('4', 'Entry', '1', '0', '2017-09-05 17:29:46', '2017-09-14 20:03:49', '6b840bb2-e2a6-418f-b7fc-c042ef0c4290'),
 ('6', 'Entry', '1', '0', '2017-09-05 18:10:02', '2017-09-14 20:03:40', '5d6aa99e-661d-46bc-8c64-9051699e79b2'),
 ('7', 'Entry', '1', '0', '2017-09-05 18:15:40', '2017-09-05 18:15:40', 'b8c9d7cd-ac2c-4831-beb4-aa19aba1606c'),
 ('8', 'Entry', '0', '0', '2017-09-05 18:16:53', '2017-09-05 18:16:53', '21aa7472-ed02-4cb4-a9bc-ced34a88bbe5'),
 ('9', 'Entry', '1', '0', '2017-09-05 18:43:17', '2017-09-14 20:03:32', 'ba7a52e8-f2f8-4487-9d91-9e8f30b1cf86'),
 ('10', 'Category', '1', '0', '2017-09-08 20:34:42', '2017-09-08 20:34:42', '1637deec-db5d-4a1b-95c8-e5c30a8f68f6'),
 ('11', 'Category', '1', '0', '2017-09-08 20:34:51', '2017-09-08 20:34:51', '70129928-fe26-43e4-8477-a83a055f9bea'),
 ('12', 'Category', '1', '0', '2017-09-08 20:38:50', '2017-09-08 20:38:50', '3cb933c1-e3d8-48e0-a29b-417959543b36'),
 ('13', 'Category', '1', '0', '2017-09-08 20:38:55', '2017-09-08 20:38:55', 'ebacc7c3-3b49-4772-be5e-d5a3f97be813'),
 ('14', 'Category', '1', '0', '2017-09-08 20:39:00', '2017-09-08 20:39:00', '03446f46-33de-4ce0-91d9-f186b388cb36'),
 ('16', 'Category', '1', '0', '2017-09-14 19:24:19', '2017-09-14 19:24:21', 'a8aa6106-29c9-42bf-9135-94b3da8cb9a5'),
 ('17', 'Category', '1', '0', '2017-09-14 19:24:25', '2017-09-14 19:24:25', '495c136b-e220-4f17-b98c-28dea4bf7128'),
 ('18', 'Entry', '1', '0', '2017-09-14 19:29:38', '2017-09-19 18:48:36', 'de866583-063a-4961-9fd2-e75d31af696d'),
 ('19', 'Entry', '1', '0', '2017-09-19 19:34:04', '2017-09-19 19:39:55', 'c4be1460-a5e2-4839-a568-8877f4774d06'),
 ('20', 'Entry', '1', '0', '2017-09-19 19:34:14', '2017-09-19 19:40:03', '8ab76c42-18ca-4a77-9242-012124de6d7f'),
 ('21', 'Entry', '1', '0', '2017-09-19 19:40:46', '2017-09-19 19:40:46', 'b4ac832e-4320-4183-92ef-f89124a6ba8c');



DROP TABLE IF EXISTS `craft_elements_i18n`;


--
-- Schema for table `craft_elements_i18n`
--
CREATE TABLE `craft_elements_i18n` (
  `id` int(11) NOT NULL AUTO_INCREMENT,
  `elementId` int(11) NOT NULL,
  `locale` char(12) COLLATE utf8_unicode_ci NOT NULL,
  `slug` varchar(255) COLLATE utf8_unicode_ci DEFAULT NULL,
  `uri` varchar(255) COLLATE utf8_unicode_ci DEFAULT NULL,
  `enabled` tinyint(1) unsigned NOT NULL DEFAULT '1',
  `dateCreated` datetime NOT NULL,
  `dateUpdated` datetime NOT NULL,
  `uid` char(36) COLLATE utf8_unicode_ci NOT NULL DEFAULT '0',
  PRIMARY KEY (`id`),
  UNIQUE KEY `craft_elements_i18n_elementId_locale_unq_idx` (`elementId`,`locale`),
  UNIQUE KEY `craft_elements_i18n_uri_locale_unq_idx` (`uri`,`locale`),
  KEY `craft_elements_i18n_slug_locale_idx` (`slug`,`locale`),
  KEY `craft_elements_i18n_enabled_idx` (`enabled`),
  KEY `craft_elements_i18n_locale_fk` (`locale`)
) ENGINE=InnoDB AUTO_INCREMENT=22 DEFAULT CHARSET=utf8 COLLATE=utf8_unicode_ci;

--
-- Data for table `craft_elements_i18n`
--

INSERT INTO `craft_elements_i18n` (`id`, `elementId`, `locale`, `slug`, `uri`, `enabled`, `dateCreated`, `dateUpdated`, `uid`) VALUES
 ('1', '1', 'en_us', '', NULL, '1', '2017-09-05 17:18:00', '2017-09-05 17:18:00', '9e8db3bd-3eaf-4258-ab70-7e22f9f5e158'),
 ('2', '2', 'en_us', 'homepage', '__home__', '1', '2017-09-05 17:18:02', '2017-09-05 17:18:02', 'd6939418-7481-40b6-aa02-42ae648d440f'),
 ('3', '3', 'en_us', 'we-just-installed-craft', 'news/2017/we-just-installed-craft', '1', '2017-09-05 17:18:02', '2017-09-05 17:18:02', '85c51dcb-01e2-4273-bd0b-36b7deb5bc42'),
 ('4', '4', 'en_us', 'test-product', 'products/test-product', '1', '2017-09-05 17:29:46', '2017-09-14 20:03:49', 'e01d6a97-99f2-4cc5-8ef1-a9eeea047dc7'),
 ('6', '6', 'en_us', 'high-maintenance', 'products/high-maintenance', '1', '2017-09-05 18:10:02', '2017-09-14 20:03:40', '5368d130-b093-42ca-9cb5-f3720d35e91a'),
 ('7', '7', 'en_us', 'ddd', 'news/2017/ddd', '1', '2017-09-05 18:15:40', '2017-09-05 18:15:40', '77eecf45-db3a-4021-abf5-273ef66f0294'),
 ('8', '8', 'en_us', 'ddd', 'news//ddd', '1', '2017-09-05 18:16:53', '2017-09-05 18:16:53', '03b3bcd3-b7d2-49ee-9f9a-3fb700d52efd'),
 ('9', '9', 'en_us', 'volunteer-product', 'products/volunteer-product', '1', '2017-09-05 18:43:17', '2017-09-14 20:03:32', '58347c67-bacd-4482-bb44-c726d876b336'),
 ('10', '10', 'en_us', 'has-water', 'water-access/has-water', '1', '2017-09-08 20:34:43', '2017-09-08 20:34:43', '0feef31f-15aa-43da-a3a0-dcebcaef1b19'),
 ('11', '11', 'en_us', 'no-water', 'water-access/no-water', '1', '2017-09-08 20:34:51', '2017-09-08 20:34:52', 'd70370ff-906f-4e16-abff-1dac96c115e8'),
 ('12', '12', 'en_us', 'light', 'maintenance-level/light', '1', '2017-09-08 20:38:50', '2017-09-08 20:38:50', '71a9af1b-43c5-4758-bc36-84c36c6ca7d1'),
 ('13', '13', 'en_us', 'moderate', 'maintenance-level/moderate', '1', '2017-09-08 20:38:55', '2017-09-08 20:38:55', '22fceb18-e67b-4e1b-81cb-2a2373a1c6e4'),
 ('14', '14', 'en_us', 'heavy', 'maintenance-level/heavy', '1', '2017-09-08 20:39:00', '2017-09-08 20:39:00', 'c69b31de-a067-42e5-b0b2-39e206f48b09'),
 ('16', '16', 'en_us', 'new', 'new-or-existing/new', '1', '2017-09-14 19:24:19', '2017-09-14 19:24:21', 'bf0d789d-859a-4eae-8d03-ea2bb360ae78'),
 ('17', '17', 'en_us', 'existing', 'new-or-existing/existing', '1', '2017-09-14 19:24:25', '2017-09-14 19:24:26', '1818e5fb-3235-48ba-9380-635705bf4e9f'),
 ('18', '18', 'en_us', 'existing-field', 'products/existing-field', '1', '2017-09-14 19:29:38', '2017-09-19 18:48:36', '8316b35e-01b0-4bc4-9de4-693b560de008'),
 ('19', '19', 'en_us', 'my-soil-is-dry', 'faq/my-soil-is-dry', '1', '2017-09-19 19:34:04', '2017-09-19 19:39:55', '75baae36-c4d3-4a24-8f58-833f83dd46d6'),
 ('20', '20', 'en_us', 'my-soil-sucks', 'faq/my-soil-sucks', '1', '2017-09-19 19:34:14', '2017-09-19 19:40:03', 'f02b46c7-20c8-4d96-8bcb-a05dfb205421'),
 ('21', '21', 'en_us', '1', 'faq/1', '1', '2017-09-19 19:40:46', '2017-09-19 19:40:46', '8498f283-efb6-4aab-928b-f9fb1edce042');



DROP TABLE IF EXISTS `craft_emailmessages`;


--
-- Schema for table `craft_emailmessages`
--
CREATE TABLE `craft_emailmessages` (
  `id` int(11) NOT NULL AUTO_INCREMENT,
  `key` char(150) COLLATE utf8_unicode_ci NOT NULL,
  `locale` char(12) COLLATE utf8_unicode_ci NOT NULL,
  `subject` varchar(1000) COLLATE utf8_unicode_ci NOT NULL,
  `body` text COLLATE utf8_unicode_ci NOT NULL,
  `dateCreated` datetime NOT NULL,
  `dateUpdated` datetime NOT NULL,
  `uid` char(36) COLLATE utf8_unicode_ci NOT NULL DEFAULT '0',
  PRIMARY KEY (`id`),
  UNIQUE KEY `craft_emailmessages_key_locale_unq_idx` (`key`,`locale`),
  KEY `craft_emailmessages_locale_fk` (`locale`)
) ENGINE=InnoDB DEFAULT CHARSET=utf8 COLLATE=utf8_unicode_ci;

DROP TABLE IF EXISTS `craft_entries`;


--
-- Schema for table `craft_entries`
--
CREATE TABLE `craft_entries` (
  `id` int(11) NOT NULL,
  `sectionId` int(11) NOT NULL,
  `typeId` int(11) DEFAULT NULL,
  `authorId` int(11) DEFAULT NULL,
  `postDate` datetime DEFAULT NULL,
  `expiryDate` datetime DEFAULT NULL,
  `dateCreated` datetime NOT NULL,
  `dateUpdated` datetime NOT NULL,
  `uid` char(36) COLLATE utf8_unicode_ci NOT NULL DEFAULT '0',
  PRIMARY KEY (`id`),
  KEY `craft_entries_sectionId_idx` (`sectionId`),
  KEY `craft_entries_typeId_idx` (`typeId`),
  KEY `craft_entries_postDate_idx` (`postDate`),
  KEY `craft_entries_expiryDate_idx` (`expiryDate`),
  KEY `craft_entries_authorId_fk` (`authorId`)
) ENGINE=InnoDB DEFAULT CHARSET=utf8 COLLATE=utf8_unicode_ci;

--
-- Data for table `craft_entries`
--

INSERT INTO `craft_entries` (`id`, `sectionId`, `typeId`, `authorId`, `postDate`, `expiryDate`, `dateCreated`, `dateUpdated`, `uid`) VALUES
 ('2', '1', NULL, NULL, '2017-09-05 17:18:02', NULL, '2017-09-05 17:18:02', '2017-09-05 17:18:02', '4000e084-d9d3-4324-b3ae-6c5b4b1be14c'),
 ('3', '2', '2', '1', '2017-09-05 17:18:02', NULL, '2017-09-05 17:18:02', '2017-09-05 17:18:02', '00224e45-89bc-4e36-8d68-775f17346380'),
 ('4', '3', '3', '1', '2017-09-05 17:29:00', NULL, '2017-09-05 17:29:46', '2017-09-14 20:03:49', 'b7725a53-79a4-4651-8ee0-10749da01396'),
 ('6', '3', '3', '1', '2017-09-05 18:10:00', NULL, '2017-09-05 18:10:02', '2017-09-14 20:03:40', '46ec5d45-3976-434b-a620-ae528a339d54'),
 ('7', '2', '2', '1', '2017-09-05 18:15:40', NULL, '2017-09-05 18:15:40', '2017-09-05 18:15:40', '1792ac2e-b6e2-4e3f-9c55-a2cee9db3edd'),
 ('8', '2', '2', '1', NULL, NULL, '2017-09-05 18:16:53', '2017-09-05 18:16:53', '4f77eec0-8218-4eee-bb56-7269df604b10'),
 ('9', '3', '3', '1', '2017-09-05 18:43:00', NULL, '2017-09-05 18:43:17', '2017-09-14 20:03:32', '333d5bba-18ba-4717-9df2-609cb1f22e5d'),
 ('18', '3', '3', '1', '2017-09-14 19:29:00', NULL, '2017-09-14 19:29:38', '2017-09-19 18:48:36', '92d97d19-2273-4a88-9c86-3c4535ca8398'),
 ('19', '4', '4', '1', '2017-09-19 19:34:00', NULL, '2017-09-19 19:34:04', '2017-09-19 19:39:55', '263f1c5a-63a7-4f98-be00-ca9d14102660'),
 ('20', '4', '4', '1', '2017-09-19 19:34:00', NULL, '2017-09-19 19:34:14', '2017-09-19 19:40:03', '1f59f5f1-04f5-4950-ba65-a77cb776d107'),
 ('21', '4', '4', '1', '2017-09-19 19:40:46', NULL, '2017-09-19 19:40:46', '2017-09-19 19:40:46', 'fd4405ad-5b0c-4a13-a755-0598d2a59286');



DROP TABLE IF EXISTS `craft_entrydrafts`;


--
-- Schema for table `craft_entrydrafts`
--
CREATE TABLE `craft_entrydrafts` (
  `id` int(11) NOT NULL AUTO_INCREMENT,
  `entryId` int(11) NOT NULL,
  `sectionId` int(11) NOT NULL,
  `creatorId` int(11) NOT NULL,
  `locale` char(12) COLLATE utf8_unicode_ci NOT NULL,
  `name` varchar(255) COLLATE utf8_unicode_ci NOT NULL,
  `notes` tinytext COLLATE utf8_unicode_ci,
  `data` mediumtext COLLATE utf8_unicode_ci NOT NULL,
  `dateCreated` datetime NOT NULL,
  `dateUpdated` datetime NOT NULL,
  `uid` char(36) COLLATE utf8_unicode_ci NOT NULL DEFAULT '0',
  PRIMARY KEY (`id`),
  KEY `craft_entrydrafts_entryId_locale_idx` (`entryId`,`locale`),
  KEY `craft_entrydrafts_sectionId_fk` (`sectionId`),
  KEY `craft_entrydrafts_creatorId_fk` (`creatorId`),
  KEY `craft_entrydrafts_locale_fk` (`locale`)
) ENGINE=InnoDB DEFAULT CHARSET=utf8 COLLATE=utf8_unicode_ci;

DROP TABLE IF EXISTS `craft_entrytypes`;


--
-- Schema for table `craft_entrytypes`
--
CREATE TABLE `craft_entrytypes` (
  `id` int(11) NOT NULL AUTO_INCREMENT,
  `sectionId` int(11) NOT NULL,
  `fieldLayoutId` int(11) DEFAULT NULL,
  `name` varchar(255) COLLATE utf8_unicode_ci NOT NULL,
  `handle` varchar(255) COLLATE utf8_unicode_ci NOT NULL,
  `hasTitleField` tinyint(1) unsigned NOT NULL DEFAULT '1',
  `titleLabel` varchar(255) COLLATE utf8_unicode_ci DEFAULT 'Title',
  `titleFormat` varchar(255) COLLATE utf8_unicode_ci DEFAULT NULL,
  `sortOrder` smallint(6) unsigned DEFAULT NULL,
  `dateCreated` datetime NOT NULL,
  `dateUpdated` datetime NOT NULL,
  `uid` char(36) COLLATE utf8_unicode_ci NOT NULL DEFAULT '0',
  PRIMARY KEY (`id`),
  UNIQUE KEY `craft_entrytypes_name_sectionId_unq_idx` (`name`,`sectionId`),
  UNIQUE KEY `craft_entrytypes_handle_sectionId_unq_idx` (`handle`,`sectionId`),
  KEY `craft_entrytypes_sectionId_fk` (`sectionId`),
  KEY `craft_entrytypes_fieldLayoutId_fk` (`fieldLayoutId`)
) ENGINE=InnoDB AUTO_INCREMENT=5 DEFAULT CHARSET=utf8 COLLATE=utf8_unicode_ci;

--
-- Data for table `craft_entrytypes`
--

INSERT INTO `craft_entrytypes` (`id`, `sectionId`, `fieldLayoutId`, `name`, `handle`, `hasTitleField`, `titleLabel`, `titleFormat`, `sortOrder`, `dateCreated`, `dateUpdated`, `uid`) VALUES
 ('1', '1', '3', 'Homepage', 'homepage', '1', 'Title', NULL, '1', '2017-09-05 17:18:02', '2017-09-05 17:18:02', '1a6e84cf-006e-4001-89b3-a189c80d7f05'),
 ('2', '2', '5', 'News', 'news', '1', 'Title', NULL, '1', '2017-09-05 17:18:02', '2017-09-05 17:18:02', '19a1a688-bbba-47b3-9d81-87d1d6bdf4d1'),
 ('3', '3', '23', 'Products', 'products', '1', 'Title', NULL, '1', '2017-09-05 17:29:18', '2017-09-14 19:28:29', '54e53460-47b3-4988-89f7-da8904d974ca'),
 ('4', '4', '25', 'FAQ', 'faq', '1', 'Title', NULL, '1', '2017-09-19 19:33:34', '2017-09-19 19:33:55', 'c85a1924-79a1-43a5-ba5c-7a6fc31fc35d');



DROP TABLE IF EXISTS `craft_entryversions`;


--
-- Schema for table `craft_entryversions`
--
CREATE TABLE `craft_entryversions` (
  `id` int(11) NOT NULL AUTO_INCREMENT,
  `entryId` int(11) NOT NULL,
  `sectionId` int(11) NOT NULL,
  `creatorId` int(11) DEFAULT NULL,
  `locale` char(12) COLLATE utf8_unicode_ci NOT NULL,
  `num` smallint(6) unsigned NOT NULL,
  `notes` tinytext COLLATE utf8_unicode_ci,
  `data` mediumtext COLLATE utf8_unicode_ci NOT NULL,
  `dateCreated` datetime NOT NULL,
  `dateUpdated` datetime NOT NULL,
  `uid` char(36) COLLATE utf8_unicode_ci NOT NULL DEFAULT '0',
  PRIMARY KEY (`id`),
  KEY `craft_entryversions_entryId_locale_idx` (`entryId`,`locale`),
  KEY `craft_entryversions_sectionId_fk` (`sectionId`),
  KEY `craft_entryversions_creatorId_fk` (`creatorId`),
  KEY `craft_entryversions_locale_fk` (`locale`)
) ENGINE=InnoDB AUTO_INCREMENT=40 DEFAULT CHARSET=utf8 COLLATE=utf8_unicode_ci;

--
-- Data for table `craft_entryversions`
--

INSERT INTO `craft_entryversions` (`id`, `entryId`, `sectionId`, `creatorId`, `locale`, `num`, `notes`, `data`, `dateCreated`, `dateUpdated`, `uid`) VALUES
 ('1', '2', '1', '1', 'en_us', '1', NULL, '{\"typeId\":\"1\",\"authorId\":null,\"title\":\"Homepage\",\"slug\":\"homepage\",\"postDate\":1504631882,\"expiryDate\":null,\"enabled\":1,\"parentId\":null,\"fields\":[]}', '2017-09-05 17:18:02', '2017-09-05 17:18:02', '7cc25927-5bb8-4bfb-8d36-e9b8865cddcf'),
 ('2', '2', '1', '1', 'en_us', '2', NULL, '{\"typeId\":null,\"authorId\":null,\"title\":\"Welcome to Duraedge.web!\",\"slug\":\"homepage\",\"postDate\":1504631882,\"expiryDate\":null,\"enabled\":\"1\",\"parentId\":null,\"fields\":{\"1\":\"<p>It\\u2019s true, this site doesn\\u2019t have a whole lot of content yet, but don\\u2019t worry. Our web developers have just installed the CMS, and they\\u2019re setting things up for the content editors this very moment. Soon Duraedge.web will be an oasis of fresh perspectives, sharp analyses, and astute opinions that will keep you coming back again and again.<\\/p>\"}}', '2017-09-05 17:18:02', '2017-09-05 17:18:02', '433f2253-2096-4014-81c8-e77cdf04ca5b'),
 ('3', '3', '2', '1', 'en_us', '1', NULL, '{\"typeId\":\"2\",\"authorId\":\"1\",\"title\":\"We just installed Craft!\",\"slug\":\"we-just-installed-craft\",\"postDate\":1504631882,\"expiryDate\":null,\"enabled\":1,\"parentId\":null,\"fields\":[]}', '2017-09-05 17:18:02', '2017-09-05 17:18:02', 'b54929b5-363b-46a7-ba64-11bbdcdb7c61'),
 ('4', '4', '3', '1', 'en_us', '1', '', '{\"typeId\":null,\"authorId\":\"1\",\"title\":\"Test Product\",\"slug\":\"test-product\",\"postDate\":1504632586,\"expiryDate\":null,\"enabled\":1,\"parentId\":null,\"fields\":{\"5\":\"recreational\",\"3\":\"limited\",\"4\":\"1\"}}', '2017-09-05 17:29:46', '2017-09-05 17:29:46', '2c3ba118-9baf-437f-b2a8-2859b8ace8f7'),
 ('5', '4', '3', '1', 'en_us', '2', '', '{\"typeId\":\"3\",\"authorId\":\"1\",\"title\":\"Limited Product\",\"slug\":\"test-product\",\"postDate\":1504632540,\"expiryDate\":null,\"enabled\":1,\"parentId\":null,\"fields\":{\"5\":\"recreational\",\"3\":\"limited\",\"4\":\"\"}}', '2017-09-05 18:02:24', '2017-09-05 18:02:24', '2e6f36cb-4da0-434c-b82b-bcb361e1ed06'),
 ('6', '4', '3', '1', 'en_us', '3', '', '{\"typeId\":\"3\",\"authorId\":\"1\",\"title\":\"Limited Product\",\"slug\":\"test-product\",\"postDate\":1504632540,\"expiryDate\":null,\"enabled\":1,\"parentId\":null,\"fields\":{\"1\":\"<p>Here is information about the limited product.&nbsp;<strong>Lorem Ipsum<\\/strong>&nbsp;is simply dummy text of the printing and typesetting industry. Lorem Ipsum has been the industry\'s standard dummy text ever since the 1500s, when an unknown printer took a galley of type and scrambled it to make a type specimen book. It has<\\/p>\",\"5\":\"recreational\",\"3\":\"limited\",\"4\":\"\"}}', '2017-09-05 18:03:16', '2017-09-05 18:03:16', '9b32b242-6d05-4173-b636-ee14fd885ba6'),
 ('7', '4', '3', '1', 'en_us', '4', '', '{\"typeId\":\"3\",\"authorId\":\"1\",\"title\":\"Limited Product\",\"slug\":\"test-product\",\"postDate\":1504632540,\"expiryDate\":null,\"enabled\":1,\"parentId\":null,\"fields\":{\"1\":\"<p>Here is information about the limited product.&nbsp;<strong>Lorem Ipsum<\\/strong>&nbsp;is simply dummy text of the printing and typesetting industry. Lorem Ipsum has been the industry\'s standard dummy text ever since the 1500s, when an unknown printer took a galley of type and scrambled it to make a type specimen book. It has<\\/p>\",\"5\":\"recreational\",\"3\":\"limited\",\"4\":\"\"}}', '2017-09-05 18:05:02', '2017-09-05 18:05:02', 'a9d22ff7-05fd-4ceb-ab83-a0937f44907a'),
 ('8', '6', '3', '1', 'en_us', '1', '', '{\"typeId\":null,\"authorId\":\"1\",\"title\":\"High Maintenance \",\"slug\":\"high-maintenance\",\"postDate\":1504635002,\"expiryDate\":null,\"enabled\":1,\"parentId\":null,\"fields\":{\"1\":\"<p><strong>Lorem Ipsum<\\/strong>&nbsp;is simply dummy text of the printing and typesetting industry. Lorem Ipsum has been the industry\'s standard dummy text ever since the 1500s, when an unknown printer took a galley of type and scrambled it to make a type specimen book. It has survived not only five centuries, but also<\\/p>\",\"5\":\"recreational\",\"3\":\"regular\",\"4\":\"1\"}}', '2017-09-05 18:10:02', '2017-09-05 18:10:02', 'd5a6b685-e126-4ebe-a561-91fbd1fd94d8'),
 ('9', '6', '3', '1', 'en_us', '2', '', '{\"typeId\":\"3\",\"authorId\":\"1\",\"title\":\"High Maintenance \",\"slug\":\"high-maintenance\",\"postDate\":1504635000,\"expiryDate\":null,\"enabled\":1,\"parentId\":null,\"fields\":{\"1\":\"<p><strong>Lorem Ipsum<\\/strong>&nbsp;is simply dummy text of the printing and typesetting industry. Lorem Ipsum has been the industry\'s standard dummy text ever since the 1500s, when an unknown printer took a galley of type and scrambled it to make a type specimen book. It has survived not only five centuries, but also<\\/p>\",\"5\":\"recreational\",\"3\":\"regular\",\"4\":\"1\"}}', '2017-09-05 18:12:45', '2017-09-05 18:12:45', '4c3420f1-b31b-40ff-8a70-cb937bf6b173'),
 ('10', '7', '2', '1', 'en_us', '1', NULL, '{\"typeId\":null,\"authorId\":\"1\",\"title\":\"ddd\",\"slug\":\"ddd\",\"postDate\":1504635340,\"expiryDate\":null,\"enabled\":1,\"parentId\":null,\"fields\":{\"1\":\"wefsdf\"}}', '2017-09-05 18:15:40', '2017-09-05 18:15:40', 'ed8a7179-b3ac-4b8b-ae90-2d481c1f81b9'),
 ('11', '8', '2', '1', 'en_us', '1', NULL, '{\"typeId\":null,\"authorId\":\"1\",\"title\":\"ddd\",\"slug\":\"ddd\",\"postDate\":null,\"expiryDate\":null,\"enabled\":0,\"parentId\":null,\"fields\":{\"1\":\"333\"}}', '2017-09-05 18:16:53', '2017-09-05 18:16:53', 'c4e15159-d6e1-4b1f-b659-a6f173cee221'),
 ('12', '6', '3', '1', 'en_us', '3', '', '{\"typeId\":\"3\",\"authorId\":\"1\",\"title\":\"High Maintenance \",\"slug\":\"high-maintenance\",\"postDate\":1504635000,\"expiryDate\":null,\"enabled\":1,\"parentId\":null,\"fields\":{\"1\":\"<p><strong>Lorem Ipsum<\\/strong>&nbsp;is simply dummy text of the printing and typesetting industry. Lorem Ipsum has been the industry\'s standard dummy text ever since the 1500s, when an unknown printer took a galley of type and scrambled it to make a type specimen book. It has survived not only five centuries, but also<\\/p>\",\"5\":\"recreational\",\"3\":\"regular\",\"4\":\"1\"}}', '2017-09-05 18:18:30', '2017-09-05 18:18:30', '8453ea6b-efb4-4a31-b2e7-05e43e064bbc'),
 ('13', '9', '3', '1', 'en_us', '1', '', '{\"typeId\":null,\"authorId\":\"1\",\"title\":\"Volunteer Product\",\"slug\":\"volunteer-product\",\"postDate\":1504636997,\"expiryDate\":null,\"enabled\":1,\"parentId\":null,\"fields\":{\"1\":\"<p><strong>Lorem Ipsum<\\/strong>&nbsp;is simply dummy text of the printing and typesetting industry. Lorem Ipsum has been the industry\'s standard dummy text ever since the 1500s, when an unknown printer took a galley of type and scrambled it to make a type specimen book. It has survived not only five centuries, but<\\/p>\",\"5\":\"recreational\",\"3\":\"volunteer\",\"4\":\"\"}}', '2017-09-05 18:43:17', '2017-09-05 18:43:17', 'f20ad528-4a2a-4df7-ac24-1c27db0d0820'),
 ('14', '9', '3', '1', 'en_us', '2', '', '{\"typeId\":\"3\",\"authorId\":\"1\",\"title\":\"Volunteer Product\",\"slug\":\"volunteer-product\",\"postDate\":1504636980,\"expiryDate\":null,\"enabled\":1,\"parentId\":null,\"fields\":{\"1\":\"<p><strong>Lorem Ipsum<\\/strong>&nbsp;is simply dummy text of the printing and typesetting industry. Lorem Ipsum has been the industry\'s standard dummy text ever since the 1500s, when an unknown printer took a galley of type and scrambled it to make a type specimen book. It has survived not only five centuries, but<\\/p>\",\"5\":\"recreational\",\"3\":\"volunteer\",\"6\":\"\"}}', '2017-09-08 20:37:26', '2017-09-08 20:37:26', 'c953c931-e0a5-4216-9ab3-afa154f93a3f'),
 ('15', '9', '3', '1', 'en_us', '3', '', '{\"typeId\":\"3\",\"authorId\":\"1\",\"title\":\"Volunteer Product\",\"slug\":\"volunteer-product\",\"postDate\":1504636980,\"expiryDate\":null,\"enabled\":1,\"parentId\":null,\"fields\":{\"1\":\"<p><strong>Lorem Ipsum<\\/strong>&nbsp;is simply dummy text of the printing and typesetting industry. Lorem Ipsum has been the industry\'s standard dummy text ever since the 1500s, when an unknown printer took a galley of type and scrambled it to make a type specimen book. It has survived not only five centuries, but<\\/p>\",\"5\":\"recreational\",\"3\":\"volunteer\",\"6\":[\"10\"]}}', '2017-09-08 20:38:19', '2017-09-08 20:38:19', '659a620a-2a60-4c8c-abd7-6f0356440162'),
 ('16', '9', '3', '1', 'en_us', '4', '', '{\"typeId\":\"3\",\"authorId\":\"1\",\"title\":\"Volunteer Product\",\"slug\":\"volunteer-product\",\"postDate\":1504636980,\"expiryDate\":null,\"enabled\":1,\"parentId\":null,\"fields\":{\"1\":\"<p><strong>Lorem Ipsum<\\/strong>&nbsp;is simply dummy text of the printing and typesetting industry. Lorem Ipsum has been the industry\'s standard dummy text ever since the 1500s, when an unknown printer took a galley of type and scrambled it to make a type specimen book. It has survived not only five centuries, but<\\/p>\",\"5\":\"recreational\",\"7\":[\"12\"],\"6\":[\"10\"]}}', '2017-09-08 20:40:17', '2017-09-08 20:40:17', '2f087337-d95b-4a21-bf93-a164ce32bbb6'),
 ('17', '6', '3', '1', 'en_us', '4', '', '{\"typeId\":\"3\",\"authorId\":\"1\",\"title\":\"High Maintenance \",\"slug\":\"high-maintenance\",\"postDate\":1504635000,\"expiryDate\":null,\"enabled\":1,\"parentId\":null,\"fields\":{\"1\":\"<p><strong>Lorem Ipsum<\\/strong>&nbsp;is simply dummy text of the printing and typesetting industry. Lorem Ipsum has been the industry\'s standard dummy text ever since the 1500s, when an unknown printer took a galley of type and scrambled it to make a type specimen book. It has survived not only five centuries, but also<\\/p>\",\"5\":\"recreational\",\"7\":[\"14\"],\"6\":[\"11\"]}}', '2017-09-08 20:40:28', '2017-09-08 20:40:28', '42cd62e7-3c01-4e20-a611-138fe646dc74'),
 ('18', '4', '3', '1', 'en_us', '5', '', '{\"typeId\":\"3\",\"authorId\":\"1\",\"title\":\"Limited Product\",\"slug\":\"test-product\",\"postDate\":1504632540,\"expiryDate\":null,\"enabled\":1,\"parentId\":null,\"fields\":{\"1\":\"<p>Here is information about the limited product.&nbsp;<strong>Lorem Ipsum<\\/strong>&nbsp;is simply dummy text of the printing and typesetting industry. Lorem Ipsum has been the industry\'s standard dummy text ever since the 1500s, when an unknown printer took a galley of type and scrambled it to make a type specimen book. It has<\\/p>\",\"5\":\"recreational\",\"7\":[\"13\"],\"6\":[\"10\"]}}', '2017-09-08 20:40:43', '2017-09-08 20:40:43', '14ead474-de41-4843-a630-b82230667e49'),
 ('19', '9', '3', '1', 'en_us', '5', '', '{\"typeId\":\"3\",\"authorId\":\"1\",\"title\":\"Volunteer Product\",\"slug\":\"volunteer-product\",\"postDate\":1504636980,\"expiryDate\":null,\"enabled\":1,\"parentId\":null,\"fields\":{\"1\":\"<p><strong>Lorem Ipsum<\\/strong>&nbsp;is simply dummy text of the printing and typesetting industry. Lorem Ipsum has been the industry\'s standard dummy text ever since the 1500s, when an unknown printer took a galley of type and scrambled it to make a type specimen book. It has survived not only five centuries, but<\\/p>\",\"5\":\"recreational\",\"7\":[\"12\"],\"6\":[\"11\"]}}', '2017-09-08 21:25:29', '2017-09-08 21:25:29', '6e23146e-12a4-406b-9549-a67f48cc93ca'),
 ('20', '6', '3', '1', 'en_us', '5', '', '{\"typeId\":\"3\",\"authorId\":\"1\",\"title\":\"High Maintenance \",\"slug\":\"high-maintenance\",\"postDate\":1504635000,\"expiryDate\":null,\"enabled\":1,\"parentId\":null,\"fields\":{\"1\":\"<p><strong>Lorem Ipsum<\\/strong>&nbsp;is simply dummy text of the printing and typesetting industry. Lorem Ipsum has been the industry\'s standard dummy text ever since the 1500s, when an unknown printer took a galley of type and scrambled it to make a type specimen book. It has survived not only five centuries, but also<\\/p>\",\"5\":\"recreational\",\"7\":[\"14\"],\"6\":[\"10\"]}}', '2017-09-08 21:25:39', '2017-09-08 21:25:39', 'd25c22bb-dfa8-493a-bb4b-8b64a408b713'),
 ('21', '4', '3', '1', 'en_us', '6', '', '{\"typeId\":\"3\",\"authorId\":\"1\",\"title\":\"Limited Product\",\"slug\":\"test-product\",\"postDate\":1504632540,\"expiryDate\":null,\"enabled\":1,\"parentId\":null,\"fields\":{\"1\":\"<p>Here is information about the limited product.&nbsp;<strong>Lorem Ipsum<\\/strong>&nbsp;is simply dummy text of the printing and typesetting industry. Lorem Ipsum has been the industry\'s standard dummy text ever since the 1500s, when an unknown printer took a galley of type and scrambled it to make a type specimen book. It has<\\/p>\",\"5\":\"recreational\",\"7\":[\"12\"],\"6\":[\"11\"]}}', '2017-09-08 21:25:51', '2017-09-08 21:25:51', '2dc3f0c3-51f4-4f56-bc2e-5a4a5ae5edd3'),
 ('22', '18', '3', '1', 'en_us', '1', '', '{\"typeId\":null,\"authorId\":\"1\",\"title\":\"Existing Field\",\"slug\":\"existing-field\",\"postDate\":1505417378,\"expiryDate\":null,\"enabled\":1,\"parentId\":null,\"fields\":{\"1\":\"\",\"7\":\"\",\"8\":[\"17\"],\"6\":\"\"}}', '2017-09-14 19:29:38', '2017-09-14 19:29:38', 'cb0e680c-e46e-4e65-a980-b9b1f1eaad78'),
 ('23', '9', '3', '1', 'en_us', '6', '', '{\"typeId\":\"3\",\"authorId\":\"1\",\"title\":\"Volunteer Product\",\"slug\":\"volunteer-product\",\"postDate\":1504636980,\"expiryDate\":null,\"enabled\":1,\"parentId\":null,\"fields\":{\"1\":\"<p><strong>Lorem Ipsum<\\/strong>&nbsp;is simply dummy text of the printing and typesetting industry. Lorem Ipsum has been the industry\'s standard dummy text ever since the 1500s, when an unknown printer took a galley of type and scrambled it to make a type specimen book. It has survived not only five centuries, but<\\/p>\",\"7\":[\"12\"],\"8\":[\"16\"],\"6\":[\"11\"]}}', '2017-09-14 20:03:32', '2017-09-14 20:03:32', '0d608d7a-4597-4b3a-bf86-2a6a109c20ae'),
 ('24', '6', '3', '1', 'en_us', '6', '', '{\"typeId\":\"3\",\"authorId\":\"1\",\"title\":\"High Maintenance \",\"slug\":\"high-maintenance\",\"postDate\":1504635000,\"expiryDate\":null,\"enabled\":1,\"parentId\":null,\"fields\":{\"1\":\"<p><strong>Lorem Ipsum<\\/strong>&nbsp;is simply dummy text of the printing and typesetting industry. Lorem Ipsum has been the industry\'s standard dummy text ever since the 1500s, when an unknown printer took a galley of type and scrambled it to make a type specimen book. It has survived not only five centuries, but also<\\/p>\",\"7\":[\"14\"],\"8\":[\"16\"],\"6\":[\"10\"]}}', '2017-09-14 20:03:40', '2017-09-14 20:03:40', '8f3fab2c-f596-455e-9d1e-d5d5a7c7fc93'),
 ('25', '4', '3', '1', 'en_us', '7', '', '{\"typeId\":\"3\",\"authorId\":\"1\",\"title\":\"Limited Product\",\"slug\":\"test-product\",\"postDate\":1504632540,\"expiryDate\":null,\"enabled\":1,\"parentId\":null,\"fields\":{\"1\":\"<p>Here is information about the limited product.&nbsp;<strong>Lorem Ipsum<\\/strong>&nbsp;is simply dummy text of the printing and typesetting industry. Lorem Ipsum has been the industry\'s standard dummy text ever since the 1500s, when an unknown printer took a galley of type and scrambled it to make a type specimen book. It has<\\/p>\",\"7\":[\"12\"],\"8\":[\"16\"],\"6\":[\"11\"]}}', '2017-09-14 20:03:49', '2017-09-14 20:03:49', '8870d748-09c6-47a5-8ffc-ffd7728e09b0'),
 ('26', '18', '3', '1', 'en_us', '2', '', '{\"typeId\":\"3\",\"authorId\":\"1\",\"title\":\"Existing Field -HW -M\",\"slug\":\"existing-field\",\"postDate\":1505417340,\"expiryDate\":null,\"enabled\":1,\"parentId\":null,\"fields\":{\"1\":\"\",\"7\":[\"13\"],\"8\":[\"17\"],\"6\":[\"10\"]}}', '2017-09-19 18:48:36', '2017-09-19 18:48:36', '10321b86-b507-4066-a79e-bc00f476dc8f'),
 ('27', '19', '4', '1', 'en_us', '1', '', '{\"typeId\":null,\"authorId\":\"1\",\"title\":\"My soil is dry\",\"slug\":\"my-soil-is-dry\",\"postDate\":1505849644,\"expiryDate\":null,\"enabled\":1,\"parentId\":null,\"fields\":{\"1\":\"\"}}', '2017-09-19 19:34:04', '2017-09-19 19:34:04', 'b15ff55b-74e2-4e83-a089-faba6fe877af'),
 ('28', '20', '4', '1', 'en_us', '1', '', '{\"typeId\":null,\"authorId\":\"1\",\"title\":\"My soil sucks\",\"slug\":\"my-soil-sucks\",\"postDate\":1505849654,\"expiryDate\":null,\"enabled\":1,\"parentId\":null,\"fields\":{\"1\":\"\"}}', '2017-09-19 19:34:14', '2017-09-19 19:34:14', 'efc1cd46-fc36-476a-8cb3-692abe020bc3'),
 ('29', '20', '4', '1', 'en_us', '2', '', '{\"typeId\":\"4\",\"authorId\":\"1\",\"title\":\"My soil has rocks in it\",\"slug\":\"my-soil-sucks\",\"postDate\":1505849640,\"expiryDate\":null,\"enabled\":1,\"parentId\":null,\"fields\":{\"1\":\"\"}}', '2017-09-19 19:34:26', '2017-09-19 19:34:26', '0a08fc04-c52d-4c9e-a944-a994ff479370'),
 ('30', '19', '4', '1', 'en_us', '2', '', '{\"typeId\":\"4\",\"authorId\":\"1\",\"title\":\"My soil is dry\",\"slug\":\"my-soil-is-dry\",\"postDate\":1505849640,\"expiryDate\":null,\"enabled\":1,\"parentId\":null,\"fields\":{\"1\":\"<p>Ideabase<\\/p>\"}}', '2017-09-19 19:36:22', '2017-09-19 19:36:22', '48f76c5c-aa94-4f97-a666-0148630a11c2'),
 ('31', '20', '4', '1', 'en_us', '3', '', '{\"typeId\":\"4\",\"authorId\":\"1\",\"title\":\"My soil has rocks in it\",\"slug\":\"my-soil-sucks\",\"postDate\":1505849640,\"expiryDate\":null,\"enabled\":1,\"parentId\":null,\"fields\":{\"1\":\"<p>IdeabaseIdeabaseIdeabaseIdeabaseIdeabaseIdeabaseIdeabaseIdeabaseIdeabaseIdeabaseIdeabaseIdeabase<\\/p>\"}}', '2017-09-19 19:37:15', '2017-09-19 19:37:15', '6d64fec7-977a-4cc1-a594-0328c5d1b60b'),
 ('32', '20', '4', '1', 'en_us', '4', '', '{\"typeId\":\"4\",\"authorId\":\"1\",\"title\":\"My soil has rocks in it\",\"slug\":\"my-soil-sucks\",\"postDate\":1505849640,\"expiryDate\":null,\"enabled\":1,\"parentId\":null,\"fields\":{\"1\":\"<p>Ideabase<\\/p><p>Ideabase<\\/p><p>Ideabase<\\/p><p>Ideabase<\\/p><p>Ideabase<\\/p><p>Ideabase<\\/p>\"}}', '2017-09-19 19:37:38', '2017-09-19 19:37:38', 'e26dbe65-9a1c-4cf0-a805-73ffd1c6fd5c'),
 ('33', '20', '4', '1', 'en_us', '5', '', '{\"typeId\":\"4\",\"authorId\":\"1\",\"title\":\"My soil has rocks in it\",\"slug\":\"my-soil-sucks\",\"postDate\":1505849640,\"expiryDate\":null,\"enabled\":1,\"parentId\":null,\"fields\":{\"1\":\"<p>Ideabase<\\/p>\"}}', '2017-09-19 19:38:03', '2017-09-19 19:38:03', '61b712bf-ed62-491a-b683-ae94b215f2c7'),
 ('34', '20', '4', '1', 'en_us', '6', '', '{\"typeId\":\"4\",\"authorId\":\"1\",\"title\":\"My soil has rocks in it\",\"slug\":\"my-soil-sucks\",\"postDate\":1505849640,\"expiryDate\":null,\"enabled\":1,\"parentId\":null,\"fields\":{\"1\":\"<p>Ideabase<\\/p><p>Ideabase<br><\\/p>\"}}', '2017-09-19 19:38:10', '2017-09-19 19:38:10', 'a41c825d-75e6-46f5-9c7c-aab618dddf29'),
 ('35', '20', '4', '1', 'en_us', '7', '', '{\"typeId\":\"4\",\"authorId\":\"1\",\"title\":\"My soil has rocks in it\",\"slug\":\"my-soil-sucks\",\"postDate\":1505849640,\"expiryDate\":null,\"enabled\":1,\"parentId\":null,\"fields\":{\"1\":\"<p>Ideabase<\\/p>\\r\\n<p>Ideabase<br><\\/p>\"}}', '2017-09-19 19:38:53', '2017-09-19 19:38:53', '9e13f1b3-7496-4db5-aa3c-b1418317e85f'),
 ('36', '19', '4', '1', 'en_us', '3', '', '{\"typeId\":\"4\",\"authorId\":\"1\",\"title\":\"My soil is dry\",\"slug\":\"my-soil-is-dry\",\"postDate\":1505849640,\"expiryDate\":null,\"enabled\":1,\"parentId\":null,\"fields\":{\"1\":\"<p>Ideabase<\\/p>\"}}', '2017-09-19 19:39:08', '2017-09-19 19:39:08', 'ca708d25-6d73-468c-acdf-c9339b1a80af'),
 ('37', '19', '4', '1', 'en_us', '4', '', '{\"typeId\":\"4\",\"authorId\":\"1\",\"title\":\"My soil is dry\",\"slug\":\"my-soil-is-dry\",\"postDate\":1505849640,\"expiryDate\":null,\"enabled\":1,\"parentId\":null,\"fields\":{\"1\":\"<p>1<\\/p>\"}}', '2017-09-19 19:39:55', '2017-09-19 19:39:55', '67dc4880-3814-4831-bad1-c59a5a8f81fa'),
 ('38', '20', '4', '1', 'en_us', '8', '', '{\"typeId\":\"4\",\"authorId\":\"1\",\"title\":\"My soil has rocks in it\",\"slug\":\"my-soil-sucks\",\"postDate\":1505849640,\"expiryDate\":null,\"enabled\":1,\"parentId\":null,\"fields\":{\"1\":\"<p>1 2<\\/p>\"}}', '2017-09-19 19:40:03', '2017-09-19 19:40:03', '914431dd-ecb3-411b-aa81-1192bac75c0e'),
 ('39', '21', '4', '1', 'en_us', '1', '', '{\"typeId\":null,\"authorId\":\"1\",\"title\":\"1\",\"slug\":\"1\",\"postDate\":1505850046,\"expiryDate\":null,\"enabled\":1,\"parentId\":null,\"fields\":{\"1\":\"<p>1<\\/p>\"}}', '2017-09-19 19:40:46', '2017-09-19 19:40:46', 'cc0a898c-bd7b-4ac2-8a8a-0128e04d39f6');



DROP TABLE IF EXISTS `craft_fieldgroups`;


--
-- Schema for table `craft_fieldgroups`
--
CREATE TABLE `craft_fieldgroups` (
  `id` int(11) NOT NULL AUTO_INCREMENT,
  `name` varchar(255) COLLATE utf8_unicode_ci NOT NULL,
  `dateCreated` datetime NOT NULL,
  `dateUpdated` datetime NOT NULL,
  `uid` char(36) COLLATE utf8_unicode_ci NOT NULL DEFAULT '0',
  PRIMARY KEY (`id`),
  UNIQUE KEY `craft_fieldgroups_name_unq_idx` (`name`)
) ENGINE=InnoDB AUTO_INCREMENT=2 DEFAULT CHARSET=utf8 COLLATE=utf8_unicode_ci;

--
-- Data for table `craft_fieldgroups`
--

INSERT INTO `craft_fieldgroups` (`id`, `name`, `dateCreated`, `dateUpdated`, `uid`) VALUES
 ('1', 'Default', '2017-09-05 17:18:02', '2017-09-05 17:18:02', '9e65113b-2a3f-4862-9ba1-3bae64ec0c95');



DROP TABLE IF EXISTS `craft_fieldlayoutfields`;


--
-- Schema for table `craft_fieldlayoutfields`
--
CREATE TABLE `craft_fieldlayoutfields` (
  `id` int(11) NOT NULL AUTO_INCREMENT,
  `layoutId` int(11) NOT NULL,
  `tabId` int(11) NOT NULL,
  `fieldId` int(11) NOT NULL,
  `required` tinyint(1) unsigned NOT NULL DEFAULT '0',
  `sortOrder` smallint(6) unsigned DEFAULT NULL,
  `dateCreated` datetime NOT NULL,
  `dateUpdated` datetime NOT NULL,
  `uid` char(36) COLLATE utf8_unicode_ci NOT NULL DEFAULT '0',
  PRIMARY KEY (`id`),
  UNIQUE KEY `craft_fieldlayoutfields_layoutId_fieldId_unq_idx` (`layoutId`,`fieldId`),
  KEY `craft_fieldlayoutfields_sortOrder_idx` (`sortOrder`),
  KEY `craft_fieldlayoutfields_tabId_fk` (`tabId`),
  KEY `craft_fieldlayoutfields_fieldId_fk` (`fieldId`)
) ENGINE=InnoDB AUTO_INCREMENT=52 DEFAULT CHARSET=utf8 COLLATE=utf8_unicode_ci;

--
-- Data for table `craft_fieldlayoutfields`
--

INSERT INTO `craft_fieldlayoutfields` (`id`, `layoutId`, `tabId`, `fieldId`, `required`, `sortOrder`, `dateCreated`, `dateUpdated`, `uid`) VALUES
 ('1', '3', '1', '1', '1', '1', '2017-09-05 17:18:02', '2017-09-05 17:18:02', '40d2baf6-80f7-4bc4-882a-e49a39a12c2a'),
 ('2', '5', '2', '1', '1', '1', '2017-09-05 17:18:02', '2017-09-05 17:18:02', '19484edf-030d-4952-ba34-dfc9291df9b4'),
 ('3', '5', '2', '2', '0', '2', '2017-09-05 17:18:02', '2017-09-05 17:18:02', '5f98d2a2-a9de-4e27-8445-5317611269f4'),
 ('38', '18', '14', '4', '0', '1', '2017-09-08 20:34:03', '2017-09-08 20:34:03', 'c6a9943e-bd82-4c9f-9b7e-5bab13aa0e9a'),
 ('47', '23', '17', '6', '0', '1', '2017-09-14 19:28:29', '2017-09-14 19:28:29', '8357efe9-0d8e-4e31-8637-beda4067b70f'),
 ('48', '23', '17', '7', '0', '2', '2017-09-14 19:28:29', '2017-09-14 19:28:29', '9010952f-47a4-499d-95b2-01780c9b0928'),
 ('49', '23', '17', '8', '0', '3', '2017-09-14 19:28:29', '2017-09-14 19:28:29', '2dfd447b-37f9-4c42-8d94-27021cceb18a'),
 ('50', '23', '17', '1', '0', '4', '2017-09-14 19:28:29', '2017-09-14 19:28:29', '432a4812-9b5a-4541-8b99-b766d7d5a9c4'),
 ('51', '25', '18', '1', '0', '1', '2017-09-19 19:33:55', '2017-09-19 19:33:55', 'f6c4e300-0c28-4c23-b573-79695b1b339c');



DROP TABLE IF EXISTS `craft_fieldlayouts`;


--
-- Schema for table `craft_fieldlayouts`
--
CREATE TABLE `craft_fieldlayouts` (
  `id` int(11) NOT NULL AUTO_INCREMENT,
  `type` varchar(150) COLLATE utf8_unicode_ci NOT NULL,
  `dateCreated` datetime NOT NULL,
  `dateUpdated` datetime NOT NULL,
  `uid` char(36) COLLATE utf8_unicode_ci NOT NULL DEFAULT '0',
  PRIMARY KEY (`id`),
  KEY `craft_fieldlayouts_type_idx` (`type`)
) ENGINE=InnoDB AUTO_INCREMENT=26 DEFAULT CHARSET=utf8 COLLATE=utf8_unicode_ci;

--
-- Data for table `craft_fieldlayouts`
--

INSERT INTO `craft_fieldlayouts` (`id`, `type`, `dateCreated`, `dateUpdated`, `uid`) VALUES
 ('1', 'Tag', '2017-09-05 17:18:02', '2017-09-05 17:18:02', 'a8372830-8c0c-41be-a8fe-60af1a9beedc'),
 ('3', 'Entry', '2017-09-05 17:18:02', '2017-09-05 17:18:02', '68a12396-6687-4307-baa6-b470b7d0fc5b'),
 ('5', 'Entry', '2017-09-05 17:18:02', '2017-09-05 17:18:02', 'd23d3b41-6aef-4b34-adb5-c31c90e51482'),
 ('18', 'Category', '2017-09-08 20:34:03', '2017-09-08 20:34:03', 'ee221a3e-fde0-42c8-9104-5056777ea825'),
 ('20', 'Category', '2017-09-08 20:38:41', '2017-09-08 20:38:41', '445400a5-9e8f-4edc-97c1-9c6559895380'),
 ('22', 'Category', '2017-09-14 19:24:09', '2017-09-14 19:24:09', '15977db9-bc74-46a5-b9fd-15c323ea88b3'),
 ('23', 'Entry', '2017-09-14 19:28:29', '2017-09-14 19:28:29', '10c48a25-9f48-4004-b4d2-f972bf4e5257'),
 ('25', 'Entry', '2017-09-19 19:33:55', '2017-09-19 19:33:55', '078c61ab-37d1-4d83-a50f-62290356b825');



DROP TABLE IF EXISTS `craft_fieldlayouttabs`;


--
-- Schema for table `craft_fieldlayouttabs`
--
CREATE TABLE `craft_fieldlayouttabs` (
  `id` int(11) NOT NULL AUTO_INCREMENT,
  `layoutId` int(11) NOT NULL,
  `name` varchar(255) COLLATE utf8_unicode_ci NOT NULL,
  `sortOrder` smallint(6) unsigned DEFAULT NULL,
  `dateCreated` datetime NOT NULL,
  `dateUpdated` datetime NOT NULL,
  `uid` char(36) COLLATE utf8_unicode_ci NOT NULL DEFAULT '0',
  PRIMARY KEY (`id`),
  KEY `craft_fieldlayouttabs_sortOrder_idx` (`sortOrder`),
  KEY `craft_fieldlayouttabs_layoutId_fk` (`layoutId`)
) ENGINE=InnoDB AUTO_INCREMENT=19 DEFAULT CHARSET=utf8 COLLATE=utf8_unicode_ci;

--
-- Data for table `craft_fieldlayouttabs`
--

INSERT INTO `craft_fieldlayouttabs` (`id`, `layoutId`, `name`, `sortOrder`, `dateCreated`, `dateUpdated`, `uid`) VALUES
 ('1', '3', 'Content', '1', '2017-09-05 17:18:02', '2017-09-05 17:18:02', '9d8d24db-55c0-4495-aca9-9a6fec632ab8'),
 ('2', '5', 'Content', '1', '2017-09-05 17:18:02', '2017-09-05 17:18:02', '291ee137-70c1-45b9-885e-8b01f0199927'),
 ('14', '18', 'Tab 1', '1', '2017-09-08 20:34:03', '2017-09-08 20:34:03', '381e388b-416e-4af3-8f26-1aeb59efde58'),
 ('17', '23', 'Tab 1', '1', '2017-09-14 19:28:29', '2017-09-14 19:28:29', 'c73aa9bb-a567-4598-b3b5-940d1604760d'),
 ('18', '25', 'Tab 1', '1', '2017-09-19 19:33:55', '2017-09-19 19:33:55', 'be8e7c05-0bcc-4053-9270-aa6429b3fb19');



DROP TABLE IF EXISTS `craft_fields`;


--
-- Schema for table `craft_fields`
--
CREATE TABLE `craft_fields` (
  `id` int(11) NOT NULL AUTO_INCREMENT,
  `groupId` int(11) DEFAULT NULL,
  `name` varchar(255) COLLATE utf8_unicode_ci NOT NULL,
  `handle` varchar(58) COLLATE utf8_unicode_ci NOT NULL,
  `context` varchar(255) COLLATE utf8_unicode_ci NOT NULL DEFAULT 'global',
  `instructions` text COLLATE utf8_unicode_ci,
  `translatable` tinyint(1) unsigned NOT NULL DEFAULT '0',
  `type` varchar(150) COLLATE utf8_unicode_ci NOT NULL,
  `settings` text COLLATE utf8_unicode_ci,
  `dateCreated` datetime NOT NULL,
  `dateUpdated` datetime NOT NULL,
  `uid` char(36) COLLATE utf8_unicode_ci NOT NULL DEFAULT '0',
  PRIMARY KEY (`id`),
  UNIQUE KEY `craft_fields_handle_context_unq_idx` (`handle`,`context`),
  KEY `craft_fields_context_idx` (`context`),
  KEY `craft_fields_groupId_fk` (`groupId`)
) ENGINE=InnoDB AUTO_INCREMENT=9 DEFAULT CHARSET=utf8 COLLATE=utf8_unicode_ci;

--
-- Data for table `craft_fields`
--

INSERT INTO `craft_fields` (`id`, `groupId`, `name`, `handle`, `context`, `instructions`, `translatable`, `type`, `settings`, `dateCreated`, `dateUpdated`, `uid`) VALUES
 ('1', '1', 'Body', 'body', 'global', NULL, '1', 'RichText', '{\"configFile\":\"Standard.json\",\"columnType\":\"text\"}', '2017-09-05 17:18:02', '2017-09-05 17:18:02', '172aef63-d26e-49ea-9324-767d922d2616'),
 ('2', '1', 'Tags', 'tags', 'global', NULL, '0', 'Tags', '{\"source\":\"taggroup:1\"}', '2017-09-05 17:18:02', '2017-09-05 17:18:02', '868a2a07-fbf7-4bf2-b0d1-83d4afe024e1'),
 ('3', '1', 'Maintenance Level', 'maintenanceLevel', 'global', '', '0', 'RadioButtons', '{\"options\":[{\"label\":\"Volunteer\",\"value\":\"volunteer\",\"default\":\"\"},{\"label\":\"Limited\",\"value\":\"limited\",\"default\":\"\"},{\"label\":\"Regular\",\"value\":\"regular\",\"default\":\"\"}]}', '2017-09-05 17:19:45', '2017-09-05 17:20:45', '43c05893-8371-481f-93a8-76369e2e6ed1'),
 ('4', '1', 'Water Access', 'waterAccess', 'global', '', '0', 'Lightswitch', '{\"default\":\"\"}', '2017-09-05 17:21:13', '2017-09-05 17:21:13', '5e7aeb53-87ef-4461-a24b-6adc6d586eb8'),
 ('5', '1', 'Level', 'profLevel', 'global', '', '0', 'RadioButtons', '{\"options\":[{\"label\":\"Recreational\",\"value\":\"recreational\",\"default\":\"\"},{\"label\":\"Intermediate\",\"value\":\"intermediate\",\"default\":\"\"},{\"label\":\"Professional\",\"value\":\"professional\",\"default\":\"\"}]}', '2017-09-05 17:26:12', '2017-09-05 17:26:12', '4e566eed-fc93-4f4b-a1df-68e293b1c7f3'),
 ('6', '1', 'Water Access Category', 'waterAccessCategory', 'global', '', '0', 'Categories', '{\"source\":\"group:2\",\"limit\":\"\",\"selectionLabel\":\"\"}', '2017-09-08 20:35:54', '2017-09-08 20:35:54', 'e11eb9a5-1086-4047-a336-061ce8ede353'),
 ('7', '1', 'Maintenance Level Category', 'maintenanceLevelCategory', 'global', '', '0', 'Categories', '{\"source\":\"group:3\",\"limit\":\"\",\"selectionLabel\":\"\"}', '2017-09-08 20:39:45', '2017-09-08 20:39:45', 'f6198b43-3566-4e9a-8ab9-712ab32d0f3a'),
 ('8', '1', 'New or Existing', 'newOrExisting', 'global', '', '0', 'Categories', '{\"source\":\"group:4\",\"limit\":\"\",\"selectionLabel\":\"\"}', '2017-09-14 19:28:01', '2017-09-14 19:28:17', '5f331b49-1747-44df-b6d3-aaef2300d1fb');



DROP TABLE IF EXISTS `craft_globalsets`;


--
-- Schema for table `craft_globalsets`
--
CREATE TABLE `craft_globalsets` (
  `id` int(11) NOT NULL,
  `name` varchar(255) COLLATE utf8_unicode_ci NOT NULL,
  `handle` varchar(255) COLLATE utf8_unicode_ci NOT NULL,
  `fieldLayoutId` int(10) DEFAULT NULL,
  `dateCreated` datetime NOT NULL,
  `dateUpdated` datetime NOT NULL,
  `uid` char(36) COLLATE utf8_unicode_ci NOT NULL DEFAULT '0',
  PRIMARY KEY (`id`),
  UNIQUE KEY `craft_globalsets_name_unq_idx` (`name`),
  UNIQUE KEY `craft_globalsets_handle_unq_idx` (`handle`),
  KEY `craft_globalsets_fieldLayoutId_fk` (`fieldLayoutId`)
) ENGINE=InnoDB DEFAULT CHARSET=utf8 COLLATE=utf8_unicode_ci;

DROP TABLE IF EXISTS `craft_info`;


--
-- Schema for table `craft_info`
--
CREATE TABLE `craft_info` (
  `id` int(11) NOT NULL AUTO_INCREMENT,
  `version` varchar(50) COLLATE utf8_unicode_ci NOT NULL,
  `schemaVersion` varchar(15) COLLATE utf8_unicode_ci NOT NULL,
  `edition` tinyint(1) unsigned NOT NULL DEFAULT '0',
  `siteName` varchar(100) COLLATE utf8_unicode_ci NOT NULL,
  `siteUrl` varchar(255) COLLATE utf8_unicode_ci NOT NULL,
  `timezone` varchar(30) COLLATE utf8_unicode_ci DEFAULT NULL,
  `on` tinyint(1) unsigned NOT NULL DEFAULT '0',
  `maintenance` tinyint(1) unsigned NOT NULL DEFAULT '0',
  `dateCreated` datetime NOT NULL,
  `dateUpdated` datetime NOT NULL,
  `uid` char(36) COLLATE utf8_unicode_ci NOT NULL DEFAULT '0',
  PRIMARY KEY (`id`)
) ENGINE=InnoDB AUTO_INCREMENT=2 DEFAULT CHARSET=utf8 COLLATE=utf8_unicode_ci;

--
-- Data for table `craft_info`
--

INSERT INTO `craft_info` (`id`, `version`, `schemaVersion`, `edition`, `siteName`, `siteUrl`, `timezone`, `on`, `maintenance`, `dateCreated`, `dateUpdated`, `uid`) VALUES
 ('1', '2.6.2989', '2.6.10', '0', 'Duraedge', 'http://duraedge.web', 'UTC', '1', '0', '2017-09-05 17:17:58', '2017-09-05 17:18:22', 'b2aed044-ba56-46fa-8226-fef787357c60');



DROP TABLE IF EXISTS `craft_locales`;


--
-- Schema for table `craft_locales`
--
CREATE TABLE `craft_locales` (
  `locale` char(12) COLLATE utf8_unicode_ci NOT NULL,
  `sortOrder` smallint(6) unsigned DEFAULT NULL,
  `dateCreated` datetime NOT NULL,
  `dateUpdated` datetime NOT NULL,
  `uid` char(36) COLLATE utf8_unicode_ci NOT NULL DEFAULT '0',
  PRIMARY KEY (`locale`),
  KEY `craft_locales_sortOrder_idx` (`sortOrder`)
) ENGINE=InnoDB DEFAULT CHARSET=utf8 COLLATE=utf8_unicode_ci;

--
-- Data for table `craft_locales`
--

INSERT INTO `craft_locales` (`locale`, `sortOrder`, `dateCreated`, `dateUpdated`, `uid`) VALUES
 ('en_us', '1', '2017-09-05 17:17:59', '2017-09-05 17:17:59', '29912523-29c5-49c1-8fac-9bb8fdcd06d4');



DROP TABLE IF EXISTS `craft_matrixblocks`;


--
-- Schema for table `craft_matrixblocks`
--
CREATE TABLE `craft_matrixblocks` (
  `id` int(11) NOT NULL,
  `ownerId` int(11) NOT NULL,
  `fieldId` int(11) NOT NULL,
  `typeId` int(11) DEFAULT NULL,
  `sortOrder` smallint(6) unsigned DEFAULT NULL,
  `ownerLocale` char(12) COLLATE utf8_unicode_ci DEFAULT NULL,
  `dateCreated` datetime NOT NULL,
  `dateUpdated` datetime NOT NULL,
  `uid` char(36) COLLATE utf8_unicode_ci NOT NULL DEFAULT '0',
  PRIMARY KEY (`id`),
  KEY `craft_matrixblocks_ownerId_idx` (`ownerId`),
  KEY `craft_matrixblocks_fieldId_idx` (`fieldId`),
  KEY `craft_matrixblocks_typeId_idx` (`typeId`),
  KEY `craft_matrixblocks_sortOrder_idx` (`sortOrder`),
  KEY `craft_matrixblocks_ownerLocale_fk` (`ownerLocale`)
) ENGINE=InnoDB DEFAULT CHARSET=utf8 COLLATE=utf8_unicode_ci;

DROP TABLE IF EXISTS `craft_matrixblocktypes`;


--
-- Schema for table `craft_matrixblocktypes`
--
CREATE TABLE `craft_matrixblocktypes` (
  `id` int(11) NOT NULL AUTO_INCREMENT,
  `fieldId` int(11) NOT NULL,
  `fieldLayoutId` int(11) DEFAULT NULL,
  `name` varchar(255) COLLATE utf8_unicode_ci NOT NULL,
  `handle` varchar(255) COLLATE utf8_unicode_ci NOT NULL,
  `sortOrder` smallint(6) unsigned DEFAULT NULL,
  `dateCreated` datetime NOT NULL,
  `dateUpdated` datetime NOT NULL,
  `uid` char(36) COLLATE utf8_unicode_ci NOT NULL DEFAULT '0',
  PRIMARY KEY (`id`),
  UNIQUE KEY `craft_matrixblocktypes_name_fieldId_unq_idx` (`name`,`fieldId`),
  UNIQUE KEY `craft_matrixblocktypes_handle_fieldId_unq_idx` (`handle`,`fieldId`),
  KEY `craft_matrixblocktypes_fieldId_fk` (`fieldId`),
  KEY `craft_matrixblocktypes_fieldLayoutId_fk` (`fieldLayoutId`)
) ENGINE=InnoDB DEFAULT CHARSET=utf8 COLLATE=utf8_unicode_ci;

DROP TABLE IF EXISTS `craft_migrations`;


--
-- Schema for table `craft_migrations`
--
CREATE TABLE `craft_migrations` (
  `id` int(11) NOT NULL AUTO_INCREMENT,
  `pluginId` int(11) DEFAULT NULL,
  `version` varchar(255) COLLATE utf8_unicode_ci NOT NULL,
  `applyTime` datetime NOT NULL,
  `dateCreated` datetime NOT NULL,
  `dateUpdated` datetime NOT NULL,
  `uid` char(36) COLLATE utf8_unicode_ci NOT NULL DEFAULT '0',
  PRIMARY KEY (`id`),
  UNIQUE KEY `craft_migrations_version_unq_idx` (`version`),
  KEY `craft_migrations_pluginId_fk` (`pluginId`)
) ENGINE=InnoDB AUTO_INCREMENT=44 DEFAULT CHARSET=utf8 COLLATE=utf8_unicode_ci;

--
-- Data for table `craft_migrations`
--

INSERT INTO `craft_migrations` (`id`, `pluginId`, `version`, `applyTime`, `dateCreated`, `dateUpdated`, `uid`) VALUES
 ('1', NULL, 'm000000_000000_base', '2017-09-05 17:17:59', '2017-09-05 17:17:59', '2017-09-05 17:17:59', 'c42ee237-e0ab-49e6-9fea-1e927c2e6ada'),
 ('2', NULL, 'm140730_000001_add_filename_and_format_to_transformindex', '2017-09-05 17:17:59', '2017-09-05 17:17:59', '2017-09-05 17:17:59', '455865b1-632b-4c7d-b6b0-4aca326b8921'),
 ('3', NULL, 'm140815_000001_add_format_to_transforms', '2017-09-05 17:17:59', '2017-09-05 17:17:59', '2017-09-05 17:17:59', '0bc727e7-e989-4075-95d4-38d69957d808'),
 ('4', NULL, 'm140822_000001_allow_more_than_128_items_per_field', '2017-09-05 17:17:59', '2017-09-05 17:17:59', '2017-09-05 17:17:59', '745c4f91-194f-4c44-a766-b2a6d07c22b9'),
 ('5', NULL, 'm140829_000001_single_title_formats', '2017-09-05 17:17:59', '2017-09-05 17:17:59', '2017-09-05 17:17:59', 'e9157afd-a8b0-4187-995e-0f6b7375cc69'),
 ('6', NULL, 'm140831_000001_extended_cache_keys', '2017-09-05 17:17:59', '2017-09-05 17:17:59', '2017-09-05 17:17:59', '054c0501-f1de-436d-990f-dbde48767481'),
 ('7', NULL, 'm140922_000001_delete_orphaned_matrix_blocks', '2017-09-05 17:17:59', '2017-09-05 17:17:59', '2017-09-05 17:17:59', '2386449e-e3d6-4b08-bcab-efdd480b5c70'),
 ('8', NULL, 'm141008_000001_elements_index_tune', '2017-09-05 17:17:59', '2017-09-05 17:17:59', '2017-09-05 17:17:59', '8f69ac8d-4712-480a-8f21-185f759c7cf7'),
 ('9', NULL, 'm141009_000001_assets_source_handle', '2017-09-05 17:17:59', '2017-09-05 17:17:59', '2017-09-05 17:17:59', 'c38854ed-b437-4ca7-9e25-29e37f247ea2'),
 ('10', NULL, 'm141024_000001_field_layout_tabs', '2017-09-05 17:17:59', '2017-09-05 17:17:59', '2017-09-05 17:17:59', 'ce18838d-ef0b-4c07-a282-f038fcccf57a'),
 ('11', NULL, 'm141030_000000_plugin_schema_versions', '2017-09-05 17:17:59', '2017-09-05 17:17:59', '2017-09-05 17:17:59', 'c3d86135-3478-4f2f-a854-6f265a560418'),
 ('12', NULL, 'm141030_000001_drop_structure_move_permission', '2017-09-05 17:17:59', '2017-09-05 17:17:59', '2017-09-05 17:17:59', '10fc9d34-969d-4f2f-bdc0-8bc0a6bc9201'),
 ('13', NULL, 'm141103_000001_tag_titles', '2017-09-05 17:17:59', '2017-09-05 17:17:59', '2017-09-05 17:17:59', '84078917-4f2b-4b49-911b-bf4cc2ae9fb1'),
 ('14', NULL, 'm141109_000001_user_status_shuffle', '2017-09-05 17:17:59', '2017-09-05 17:17:59', '2017-09-05 17:17:59', '6cb1d3f4-aba4-4370-9c25-3449bb4945d4'),
 ('15', NULL, 'm141126_000001_user_week_start_day', '2017-09-05 17:17:59', '2017-09-05 17:17:59', '2017-09-05 17:17:59', 'aba96dc2-b962-4be7-98b9-d6461363992a'),
 ('16', NULL, 'm150210_000001_adjust_user_photo_size', '2017-09-05 17:17:59', '2017-09-05 17:17:59', '2017-09-05 17:17:59', '27d3f783-101b-4372-b101-df4cb4bb676e'),
 ('17', NULL, 'm150724_000001_adjust_quality_settings', '2017-09-05 17:17:59', '2017-09-05 17:17:59', '2017-09-05 17:17:59', '55766d9e-d3f8-4b70-b207-b2a5dd39bf28'),
 ('18', NULL, 'm150827_000000_element_index_settings', '2017-09-05 17:17:59', '2017-09-05 17:17:59', '2017-09-05 17:17:59', 'e736d137-8b03-4f96-8c87-cd7f4c4ea0a3'),
 ('19', NULL, 'm150918_000001_add_colspan_to_widgets', '2017-09-05 17:17:59', '2017-09-05 17:17:59', '2017-09-05 17:17:59', '7157c3fb-49bc-43ce-87f7-c11f0d75ac82'),
 ('20', NULL, 'm151007_000000_clear_asset_caches', '2017-09-05 17:17:59', '2017-09-05 17:17:59', '2017-09-05 17:17:59', '6608759c-fe73-4372-b341-895452cb6b64'),
 ('21', NULL, 'm151109_000000_text_url_formats', '2017-09-05 17:17:59', '2017-09-05 17:17:59', '2017-09-05 17:17:59', 'ffcc7733-f195-40fa-b2a1-950e491bb90c'),
 ('22', NULL, 'm151110_000000_move_logo', '2017-09-05 17:17:59', '2017-09-05 17:17:59', '2017-09-05 17:17:59', 'c8114de9-8c59-440c-8785-2e8245b84f86'),
 ('23', NULL, 'm151117_000000_adjust_image_widthheight', '2017-09-05 17:17:59', '2017-09-05 17:17:59', '2017-09-05 17:17:59', 'ec9eaedc-bea9-44c6-b815-1459abfbd35e'),
 ('24', NULL, 'm151127_000000_clear_license_key_status', '2017-09-05 17:17:59', '2017-09-05 17:17:59', '2017-09-05 17:17:59', '30e048bb-4e65-407e-a4ff-49339c0c9232'),
 ('25', NULL, 'm151127_000000_plugin_license_keys', '2017-09-05 17:17:59', '2017-09-05 17:17:59', '2017-09-05 17:17:59', '27db9fdc-2067-4194-9af5-b20bb450d8ab'),
 ('26', NULL, 'm151130_000000_update_pt_widget_feeds', '2017-09-05 17:17:59', '2017-09-05 17:17:59', '2017-09-05 17:17:59', '193b4e5c-99c7-48cc-a2d1-5503b0950684'),
 ('27', NULL, 'm160114_000000_asset_sources_public_url_default_true', '2017-09-05 17:17:59', '2017-09-05 17:17:59', '2017-09-05 17:17:59', '5d2e942a-7cd3-43d7-b3a9-72bf21a69ee7'),
 ('28', NULL, 'm160223_000000_sortorder_to_smallint', '2017-09-05 17:17:59', '2017-09-05 17:17:59', '2017-09-05 17:17:59', '57d62c51-108d-460a-b811-b08dd3e6a8a4'),
 ('29', NULL, 'm160229_000000_set_default_entry_statuses', '2017-09-05 17:17:59', '2017-09-05 17:17:59', '2017-09-05 17:17:59', '7429035f-8ece-4879-a27b-f1860293a86f'),
 ('30', NULL, 'm160304_000000_client_permissions', '2017-09-05 17:17:59', '2017-09-05 17:17:59', '2017-09-05 17:17:59', '74d7d0e8-258c-4b8d-88b0-44ea988ec29b'),
 ('31', NULL, 'm160322_000000_asset_filesize', '2017-09-05 17:17:59', '2017-09-05 17:17:59', '2017-09-05 17:17:59', '4927f8fb-7e9c-4c57-b0d6-9ccaf92cbbd2'),
 ('32', NULL, 'm160503_000000_orphaned_fieldlayouts', '2017-09-05 17:17:59', '2017-09-05 17:17:59', '2017-09-05 17:17:59', '6b94a5f9-7798-4b4b-a12e-d9591b5f1f92'),
 ('33', NULL, 'm160510_000000_tasksettings', '2017-09-05 17:17:59', '2017-09-05 17:17:59', '2017-09-05 17:17:59', '01ff0e79-ca2a-4dfc-a00a-c7d703c46128'),
 ('34', NULL, 'm160829_000000_pending_user_content_cleanup', '2017-09-05 17:17:59', '2017-09-05 17:17:59', '2017-09-05 17:17:59', '6dddc2ab-df96-4b62-b39c-6f0d235006fc'),
 ('35', NULL, 'm160830_000000_asset_index_uri_increase', '2017-09-05 17:17:59', '2017-09-05 17:17:59', '2017-09-05 17:17:59', 'c80ca2c0-22c2-4625-ab5d-4d7ec583afd1'),
 ('36', NULL, 'm160919_000000_usergroup_handle_title_unique', '2017-09-05 17:17:59', '2017-09-05 17:17:59', '2017-09-05 17:17:59', '0c0c2f14-7bb7-48c6-99f0-88f162f7d9bf'),
 ('37', NULL, 'm161108_000000_new_version_format', '2017-09-05 17:17:59', '2017-09-05 17:17:59', '2017-09-05 17:17:59', '972ab83d-bd88-42a3-b758-436988f2a01b'),
 ('38', NULL, 'm161109_000000_index_shuffle', '2017-09-05 17:17:59', '2017-09-05 17:17:59', '2017-09-05 17:17:59', '32f9991b-cf16-414e-acd2-2820f84d7904'),
 ('39', NULL, 'm170612_000000_route_index_shuffle', '2017-09-05 17:18:22', '2017-09-05 17:18:22', '2017-09-05 17:18:22', '73260c74-1359-4574-92ba-f79ee820ca57'),
 ('40', '2', 'm150212_145000_AmNav_renamePagesToNodes', '2017-09-19 19:09:08', '2017-09-19 19:09:08', '2017-09-19 19:09:08', '2d7b7bce-86ab-4717-a856-0ddaee7c4816'),
 ('41', '2', 'm150217_112800_AmNav_expandPageData', '2017-09-19 19:09:08', '2017-09-19 19:09:08', '2017-09-19 19:09:08', 'eb0d5553-5281-43fa-9d54-1aacc3323f44'),
 ('42', '2', 'm150403_093000_AmNav_nodesWithElements', '2017-09-19 19:09:08', '2017-09-19 19:09:08', '2017-09-19 19:09:08', '3d42a969-1077-4452-8fa0-0ea68a794c2d'),
 ('43', '2', 'm150512_105600_AmNav_addOptionalClass', '2017-09-19 19:09:08', '2017-09-19 19:09:08', '2017-09-19 19:09:08', 'daaa0866-20e3-4238-a6c0-75d56a1dca90');



DROP TABLE IF EXISTS `craft_plugins`;


--
-- Schema for table `craft_plugins`
--
CREATE TABLE `craft_plugins` (
  `id` int(11) NOT NULL AUTO_INCREMENT,
  `class` varchar(150) COLLATE utf8_unicode_ci NOT NULL,
  `version` varchar(15) COLLATE utf8_unicode_ci NOT NULL,
  `schemaVersion` varchar(15) COLLATE utf8_unicode_ci DEFAULT NULL,
  `licenseKey` char(24) COLLATE utf8_unicode_ci DEFAULT NULL,
  `licenseKeyStatus` enum('valid','invalid','mismatched','unknown') COLLATE utf8_unicode_ci NOT NULL DEFAULT 'unknown',
  `enabled` tinyint(1) unsigned NOT NULL DEFAULT '0',
  `settings` text COLLATE utf8_unicode_ci,
  `installDate` datetime NOT NULL,
  `dateCreated` datetime NOT NULL,
  `dateUpdated` datetime NOT NULL,
  `uid` char(36) COLLATE utf8_unicode_ci NOT NULL DEFAULT '0',
  PRIMARY KEY (`id`)
) ENGINE=InnoDB AUTO_INCREMENT=4 DEFAULT CHARSET=utf8 COLLATE=utf8_unicode_ci;

--
-- Data for table `craft_plugins`
--

INSERT INTO `craft_plugins` (`id`, `class`, `version`, `schemaVersion`, `licenseKey`, `licenseKeyStatus`, `enabled`, `settings`, `installDate`, `dateCreated`, `dateUpdated`, `uid`) VALUES
 ('1', 'Adminbar', '2.1.1', '2.0.0', NULL, 'unknown', '1', NULL, '2017-09-19 19:04:54', '2017-09-19 19:04:54', '2017-10-12 17:56:59', '6dfa4a77-8a32-4e56-a78c-ac0032323214'),
 ('2', 'AmNav', '1.8.0', '1.7.4', NULL, 'unknown', '1', '{\"pluginName\":\"Navigation\",\"canDoActions\":\"\",\"quietErrors\":\"\"}', '2017-09-19 19:09:08', '2017-09-19 19:09:08', '2017-10-12 17:56:59', '31f9a006-ac12-4f1e-bf92-73e83bf407bb'),
 ('3', 'CpFieldLinks', '1.2.2', '1.0', NULL, 'unknown', '1', NULL, '2017-09-19 19:09:12', '2017-09-19 19:09:12', '2017-10-12 17:56:59', '2e2fee34-84bc-4990-8910-d81418ac1155');



DROP TABLE IF EXISTS `craft_rackspaceaccess`;


--
-- Schema for table `craft_rackspaceaccess`
--
CREATE TABLE `craft_rackspaceaccess` (
  `id` int(11) NOT NULL AUTO_INCREMENT,
  `connectionKey` varchar(255) COLLATE utf8_unicode_ci NOT NULL,
  `token` varchar(255) COLLATE utf8_unicode_ci NOT NULL,
  `storageUrl` varchar(255) COLLATE utf8_unicode_ci NOT NULL,
  `cdnUrl` varchar(255) COLLATE utf8_unicode_ci NOT NULL,
  `dateCreated` datetime NOT NULL,
  `dateUpdated` datetime NOT NULL,
  `uid` char(36) COLLATE utf8_unicode_ci NOT NULL DEFAULT '0',
  PRIMARY KEY (`id`),
  UNIQUE KEY `craft_rackspaceaccess_connectionKey_unq_idx` (`connectionKey`)
) ENGINE=InnoDB DEFAULT CHARSET=utf8 COLLATE=utf8_unicode_ci;

DROP TABLE IF EXISTS `craft_relations`;


--
-- Schema for table `craft_relations`
--
CREATE TABLE `craft_relations` (
  `id` int(11) NOT NULL AUTO_INCREMENT,
  `fieldId` int(11) NOT NULL,
  `sourceId` int(11) NOT NULL,
  `sourceLocale` char(12) COLLATE utf8_unicode_ci DEFAULT NULL,
  `targetId` int(11) NOT NULL,
  `sortOrder` smallint(6) DEFAULT NULL,
  `dateCreated` datetime NOT NULL,
  `dateUpdated` datetime NOT NULL,
  `uid` char(36) COLLATE utf8_unicode_ci NOT NULL DEFAULT '0',
  PRIMARY KEY (`id`),
  UNIQUE KEY `craft_relations_fieldId_sourceId_sourceLocale_targetId_unq_idx` (`fieldId`,`sourceId`,`sourceLocale`,`targetId`),
  KEY `craft_relations_sourceId_fk` (`sourceId`),
  KEY `craft_relations_sourceLocale_fk` (`sourceLocale`),
  KEY `craft_relations_targetId_fk` (`targetId`)
) ENGINE=InnoDB AUTO_INCREMENT=27 DEFAULT CHARSET=utf8 COLLATE=utf8_unicode_ci;

--
-- Data for table `craft_relations`
--

INSERT INTO `craft_relations` (`id`, `fieldId`, `sourceId`, `sourceLocale`, `targetId`, `sortOrder`, `dateCreated`, `dateUpdated`, `uid`) VALUES
 ('15', '6', '9', NULL, '11', '1', '2017-09-14 20:03:32', '2017-09-14 20:03:32', '0e0cf944-7266-4845-aef3-df267b787ff4'),
 ('16', '7', '9', NULL, '12', '1', '2017-09-14 20:03:32', '2017-09-14 20:03:32', '3d2bf490-fef5-4e62-8c10-f06c3c693007'),
 ('17', '8', '9', NULL, '16', '1', '2017-09-14 20:03:32', '2017-09-14 20:03:32', 'b6944ca5-b843-42c5-bd33-097c2abf678c'),
 ('18', '6', '6', NULL, '10', '1', '2017-09-14 20:03:40', '2017-09-14 20:03:40', 'c4414004-c58b-4527-8c1e-8b765ea50a68'),
 ('19', '7', '6', NULL, '14', '1', '2017-09-14 20:03:40', '2017-09-14 20:03:40', 'a92a1d39-7e45-4593-b340-2421872953b2'),
 ('20', '8', '6', NULL, '16', '1', '2017-09-14 20:03:40', '2017-09-14 20:03:40', '85ea42af-cf02-49f6-969b-90b08e53cbab'),
 ('21', '6', '4', NULL, '11', '1', '2017-09-14 20:03:49', '2017-09-14 20:03:49', '01f7c32a-dcea-4022-953c-f8b5871af165'),
 ('22', '7', '4', NULL, '12', '1', '2017-09-14 20:03:49', '2017-09-14 20:03:49', '4d8a665b-f703-461b-8232-18d910ec0d54'),
 ('23', '8', '4', NULL, '16', '1', '2017-09-14 20:03:49', '2017-09-14 20:03:49', '00e734bd-6b12-4e02-b30e-f4fa53c65f59'),
 ('24', '6', '18', NULL, '10', '1', '2017-09-19 18:48:36', '2017-09-19 18:48:36', '5a801d91-c34c-47f0-8609-b63bcd4974b2'),
 ('25', '7', '18', NULL, '13', '1', '2017-09-19 18:48:36', '2017-09-19 18:48:36', 'af1dc9a9-7322-457c-9be1-8029178e8efb'),
 ('26', '8', '18', NULL, '17', '1', '2017-09-19 18:48:36', '2017-09-19 18:48:36', '39557c9b-96fe-4a3f-8556-93f937af0ff7');



DROP TABLE IF EXISTS `craft_routes`;


--
-- Schema for table `craft_routes`
--
CREATE TABLE `craft_routes` (
  `id` int(11) NOT NULL AUTO_INCREMENT,
  `locale` char(12) COLLATE utf8_unicode_ci DEFAULT NULL,
  `urlParts` varchar(255) COLLATE utf8_unicode_ci NOT NULL,
  `urlPattern` varchar(255) COLLATE utf8_unicode_ci NOT NULL,
  `template` varchar(255) COLLATE utf8_unicode_ci NOT NULL,
  `sortOrder` smallint(6) unsigned DEFAULT NULL,
  `dateCreated` datetime NOT NULL,
  `dateUpdated` datetime NOT NULL,
  `uid` char(36) COLLATE utf8_unicode_ci NOT NULL DEFAULT '0',
  PRIMARY KEY (`id`),
  KEY `craft_routes_locale_idx` (`locale`),
  KEY `craft_routes_urlPattern_idx` (`urlPattern`)
) ENGINE=InnoDB DEFAULT CHARSET=utf8 COLLATE=utf8_unicode_ci;

DROP TABLE IF EXISTS `craft_searchindex`;


--
-- Schema for table `craft_searchindex`
--
CREATE TABLE `craft_searchindex` (
  `elementId` int(11) NOT NULL,
  `attribute` varchar(25) COLLATE utf8_unicode_ci NOT NULL,
  `fieldId` int(11) NOT NULL,
  `locale` char(12) COLLATE utf8_unicode_ci NOT NULL,
  `keywords` text COLLATE utf8_unicode_ci NOT NULL,
  PRIMARY KEY (`elementId`,`attribute`,`fieldId`,`locale`),
  FULLTEXT KEY `craft_searchindex_keywords_idx` (`keywords`)
) ENGINE=MyISAM DEFAULT CHARSET=utf8 COLLATE=utf8_unicode_ci;

--
-- Data for table `craft_searchindex`
--

INSERT INTO `craft_searchindex` (`elementId`, `attribute`, `fieldId`, `locale`, `keywords`) VALUES
 ('1', 'username', '0', 'en_us', ' ideabase '),
 ('1', 'firstname', '0', 'en_us', ''),
 ('1', 'lastname', '0', 'en_us', ''),
 ('1', 'fullname', '0', 'en_us', ''),
 ('1', 'email', '0', 'en_us', ' info ideabasekent com '),
 ('1', 'slug', '0', 'en_us', ''),
 ('2', 'slug', '0', 'en_us', ' homepage '),
 ('2', 'title', '0', 'en_us', ' welcome to duraedge web '),
 ('2', 'field', '1', 'en_us', ' it s true this site doesn t have a whole lot of content yet but don t worry our web developers have just installed the cms and they re setting things up for the content editors this very moment soon duraedge web will be an oasis of fresh perspectives sharp analyses and astute opinions that will keep you coming back again and again '),
 ('3', 'field', '1', 'en_us', ' craft is the cms that s powering duraedge web it s beautiful powerful flexible and easy to use and it s made by pixel tonic we can t wait to dive in and see what it s capable of this is even more captivating content which you couldn t see on the news index page because it was entered after a page break and the news index template only likes to show the content on the first page craft a nice alternative to word if you re making a website '),
 ('3', 'field', '2', 'en_us', ''),
 ('3', 'slug', '0', 'en_us', ' we just installed craft '),
 ('3', 'title', '0', 'en_us', ' we just installed craft '),
 ('4', 'field', '4', 'en_us', ' 0 '),
 ('4', 'field', '3', 'en_us', ' limited '),
 ('4', 'field', '5', 'en_us', ' recreational '),
 ('4', 'slug', '0', 'en_us', ' test product '),
 ('4', 'title', '0', 'en_us', ' limited product '),
 ('4', 'field', '1', 'en_us', ' here is information about the limited product lorem ipsum is simply dummy text of the printing and typesetting industry lorem ipsum has been the industry s standard dummy text ever since the 1500s when an unknown printer took a galley of type and scrambled it to make a type specimen book it has '),
 ('16', 'slug', '0', 'en_us', ' new '),
 ('16', 'title', '0', 'en_us', ' new '),
 ('17', 'slug', '0', 'en_us', ' existing '),
 ('6', 'field', '4', 'en_us', ' 1 '),
 ('6', 'field', '3', 'en_us', ' regular '),
 ('6', 'field', '5', 'en_us', ' recreational '),
 ('6', 'field', '1', 'en_us', ' lorem ipsum is simply dummy text of the printing and typesetting industry lorem ipsum has been the industry s standard dummy text ever since the 1500s when an unknown printer took a galley of type and scrambled it to make a type specimen book it has survived not only five centuries but also '),
 ('6', 'slug', '0', 'en_us', ' high maintenance '),
 ('6', 'title', '0', 'en_us', ' high maintenance '),
 ('7', 'field', '1', 'en_us', ' wefsdf '),
 ('7', 'field', '2', 'en_us', ''),
 ('7', 'slug', '0', 'en_us', ' ddd '),
 ('7', 'title', '0', 'en_us', ' ddd '),
 ('8', 'field', '1', 'en_us', ' 333 '),
 ('8', 'field', '2', 'en_us', ''),
 ('8', 'slug', '0', 'en_us', ' ddd '),
 ('8', 'title', '0', 'en_us', ' ddd '),
 ('9', 'field', '4', 'en_us', ' 0 '),
 ('9', 'field', '3', 'en_us', ' volunteer '),
 ('9', 'field', '5', 'en_us', ' recreational '),
 ('9', 'field', '1', 'en_us', ' lorem ipsum is simply dummy text of the printing and typesetting industry lorem ipsum has been the industry s standard dummy text ever since the 1500s when an unknown printer took a galley of type and scrambled it to make a type specimen book it has survived not only five centuries but '),
 ('9', 'slug', '0', 'en_us', ' volunteer product '),
 ('9', 'title', '0', 'en_us', ' volunteer product '),
 ('10', 'field', '4', 'en_us', ' 0 '),
 ('10', 'slug', '0', 'en_us', ' has water '),
 ('10', 'title', '0', 'en_us', ' has water '),
 ('11', 'field', '4', 'en_us', ' 0 '),
 ('11', 'slug', '0', 'en_us', ' no water '),
 ('11', 'title', '0', 'en_us', ' no water '),
 ('9', 'field', '6', 'en_us', ' no water '),
 ('12', 'slug', '0', 'en_us', ' light '),
 ('12', 'title', '0', 'en_us', ' light '),
 ('13', 'slug', '0', 'en_us', ' moderate '),
 ('13', 'title', '0', 'en_us', ' moderate '),
 ('14', 'slug', '0', 'en_us', ' heavy '),
 ('14', 'title', '0', 'en_us', ' heavy '),
 ('9', 'field', '7', 'en_us', ' light '),
 ('6', 'field', '6', 'en_us', ' has water '),
 ('6', 'field', '7', 'en_us', ' heavy '),
 ('4', 'field', '6', 'en_us', ' no water '),
 ('4', 'field', '7', 'en_us', ' light '),
 ('17', 'title', '0', 'en_us', ' existing '),
 ('18', 'field', '6', 'en_us', ' has water '),
 ('18', 'field', '7', 'en_us', ' moderate '),
 ('18', 'field', '8', 'en_us', ' existing '),
 ('18', 'field', '1', 'en_us', ''),
 ('18', 'slug', '0', 'en_us', ' existing field '),
 ('18', 'title', '0', 'en_us', ' existing field hw m '),
 ('9', 'field', '8', 'en_us', ' new '),
 ('6', 'field', '8', 'en_us', ' new '),
 ('4', 'field', '8', 'en_us', ' new '),
 ('19', 'field', '1', 'en_us', ' 1 '),
 ('19', 'slug', '0', 'en_us', ' my soil is dry '),
 ('19', 'title', '0', 'en_us', ' my soil is dry '),
 ('20', 'field', '1', 'en_us', ' 1 2 '),
 ('20', 'slug', '0', 'en_us', ' my soil sucks '),
 ('20', 'title', '0', 'en_us', ' my soil has rocks in it '),
 ('21', 'field', '1', 'en_us', ' 1 '),
 ('21', 'slug', '0', 'en_us', ' 1 '),
 ('21', 'title', '0', 'en_us', ' 1 ');



DROP TABLE IF EXISTS `craft_sections`;


--
-- Schema for table `craft_sections`
--
CREATE TABLE `craft_sections` (
  `id` int(11) NOT NULL AUTO_INCREMENT,
  `structureId` int(11) DEFAULT NULL,
  `name` varchar(255) COLLATE utf8_unicode_ci NOT NULL,
  `handle` varchar(255) COLLATE utf8_unicode_ci NOT NULL,
  `type` enum('single','channel','structure') COLLATE utf8_unicode_ci NOT NULL DEFAULT 'channel',
  `hasUrls` tinyint(1) unsigned NOT NULL DEFAULT '1',
  `template` varchar(500) COLLATE utf8_unicode_ci DEFAULT NULL,
  `enableVersioning` tinyint(1) unsigned NOT NULL DEFAULT '0',
  `dateCreated` datetime NOT NULL,
  `dateUpdated` datetime NOT NULL,
  `uid` char(36) COLLATE utf8_unicode_ci NOT NULL DEFAULT '0',
  PRIMARY KEY (`id`),
  UNIQUE KEY `craft_sections_name_unq_idx` (`name`),
  UNIQUE KEY `craft_sections_handle_unq_idx` (`handle`),
  KEY `craft_sections_structureId_fk` (`structureId`)
) ENGINE=InnoDB AUTO_INCREMENT=5 DEFAULT CHARSET=utf8 COLLATE=utf8_unicode_ci;

--
-- Data for table `craft_sections`
--

INSERT INTO `craft_sections` (`id`, `structureId`, `name`, `handle`, `type`, `hasUrls`, `template`, `enableVersioning`, `dateCreated`, `dateUpdated`, `uid`) VALUES
 ('1', NULL, 'Homepage', 'homepage', 'single', '1', 'index', '1', '2017-09-05 17:18:02', '2017-09-05 17:18:02', '6a34e5ff-605b-40b7-b3c0-55f44bc86eba'),
 ('2', NULL, 'News', 'news', 'channel', '1', 'news/_entry', '1', '2017-09-05 17:18:02', '2017-09-05 17:18:02', '4c799355-96ff-4f06-aaf6-7333270bbf66'),
 ('3', NULL, 'Products', 'products', 'channel', '1', 'products.html', '1', '2017-09-05 17:29:18', '2017-09-05 17:48:11', 'dce3229d-19c0-4ddf-9de6-33a75c81c55f'),
 ('4', NULL, 'FAQ', 'faq', 'channel', '1', 'faq/_entry', '1', '2017-09-19 19:33:34', '2017-09-19 19:33:34', '3036b701-2cd0-42f6-b595-89c7f43c2112');



DROP TABLE IF EXISTS `craft_sections_i18n`;


--
-- Schema for table `craft_sections_i18n`
--
CREATE TABLE `craft_sections_i18n` (
  `id` int(11) NOT NULL AUTO_INCREMENT,
  `sectionId` int(11) NOT NULL,
  `locale` char(12) COLLATE utf8_unicode_ci NOT NULL,
  `enabledByDefault` tinyint(1) unsigned NOT NULL DEFAULT '1',
  `urlFormat` text COLLATE utf8_unicode_ci,
  `nestedUrlFormat` text COLLATE utf8_unicode_ci,
  `dateCreated` datetime NOT NULL,
  `dateUpdated` datetime NOT NULL,
  `uid` char(36) COLLATE utf8_unicode_ci NOT NULL DEFAULT '0',
  PRIMARY KEY (`id`),
  UNIQUE KEY `craft_sections_i18n_sectionId_locale_unq_idx` (`sectionId`,`locale`),
  KEY `craft_sections_i18n_locale_fk` (`locale`)
) ENGINE=InnoDB AUTO_INCREMENT=5 DEFAULT CHARSET=utf8 COLLATE=utf8_unicode_ci;

--
-- Data for table `craft_sections_i18n`
--

INSERT INTO `craft_sections_i18n` (`id`, `sectionId`, `locale`, `enabledByDefault`, `urlFormat`, `nestedUrlFormat`, `dateCreated`, `dateUpdated`, `uid`) VALUES
 ('1', '1', 'en_us', '1', '__home__', NULL, '2017-09-05 17:18:02', '2017-09-05 17:18:02', '4f16b7d4-ef7c-4fa2-a8b1-a2b04e21da53'),
 ('2', '2', 'en_us', '1', 'news/{postDate.year}/{slug}', NULL, '2017-09-05 17:18:02', '2017-09-05 17:18:02', '88861079-9530-45a1-873b-df7e1da02658'),
 ('3', '3', 'en_us', '1', 'products/{slug}', NULL, '2017-09-05 17:29:18', '2017-09-05 17:29:18', '84363bfd-40f2-4c47-a39b-9bf36ecf4c89'),
 ('4', '4', 'en_us', '1', 'faq/{slug}', NULL, '2017-09-19 19:33:34', '2017-09-19 19:33:34', 'd7095c83-001d-4491-be22-8236a25a688f');



DROP TABLE IF EXISTS `craft_sessions`;


--
-- Schema for table `craft_sessions`
--
CREATE TABLE `craft_sessions` (
  `id` int(11) NOT NULL AUTO_INCREMENT,
  `userId` int(11) NOT NULL,
  `token` char(100) COLLATE utf8_unicode_ci NOT NULL,
  `dateCreated` datetime NOT NULL,
  `dateUpdated` datetime NOT NULL,
  `uid` char(36) COLLATE utf8_unicode_ci NOT NULL DEFAULT '0',
  PRIMARY KEY (`id`),
  KEY `craft_sessions_uid_idx` (`uid`),
  KEY `craft_sessions_token_idx` (`token`),
  KEY `craft_sessions_dateUpdated_idx` (`dateUpdated`),
  KEY `craft_sessions_userId_fk` (`userId`)
) ENGINE=InnoDB AUTO_INCREMENT=7 DEFAULT CHARSET=utf8 COLLATE=utf8_unicode_ci;

DROP TABLE IF EXISTS `craft_shunnedmessages`;


--
-- Schema for table `craft_shunnedmessages`
--
CREATE TABLE `craft_shunnedmessages` (
  `id` int(11) NOT NULL AUTO_INCREMENT,
  `userId` int(11) NOT NULL,
  `message` varchar(255) COLLATE utf8_unicode_ci NOT NULL,
  `expiryDate` datetime DEFAULT NULL,
  `dateCreated` datetime NOT NULL,
  `dateUpdated` datetime NOT NULL,
  `uid` char(36) COLLATE utf8_unicode_ci NOT NULL DEFAULT '0',
  PRIMARY KEY (`id`),
  UNIQUE KEY `craft_shunnedmessages_userId_message_unq_idx` (`userId`,`message`)
) ENGINE=InnoDB DEFAULT CHARSET=utf8 COLLATE=utf8_unicode_ci;

DROP TABLE IF EXISTS `craft_structureelements`;


--
-- Schema for table `craft_structureelements`
--
CREATE TABLE `craft_structureelements` (
  `id` int(11) NOT NULL AUTO_INCREMENT,
  `structureId` int(11) NOT NULL,
  `elementId` int(11) DEFAULT NULL,
  `root` int(11) unsigned DEFAULT NULL,
  `lft` int(11) unsigned NOT NULL,
  `rgt` int(11) unsigned NOT NULL,
  `level` smallint(6) unsigned NOT NULL,
  `dateCreated` datetime NOT NULL,
  `dateUpdated` datetime NOT NULL,
  `uid` char(36) COLLATE utf8_unicode_ci NOT NULL DEFAULT '0',
  PRIMARY KEY (`id`),
  UNIQUE KEY `craft_structureelements_structureId_elementId_unq_idx` (`structureId`,`elementId`),
  KEY `craft_structureelements_root_idx` (`root`),
  KEY `craft_structureelements_lft_idx` (`lft`),
  KEY `craft_structureelements_rgt_idx` (`rgt`),
  KEY `craft_structureelements_level_idx` (`level`),
  KEY `craft_structureelements_elementId_fk` (`elementId`)
) ENGINE=InnoDB AUTO_INCREMENT=14 DEFAULT CHARSET=utf8 COLLATE=utf8_unicode_ci;

--
-- Data for table `craft_structureelements`
--

INSERT INTO `craft_structureelements` (`id`, `structureId`, `elementId`, `root`, `lft`, `rgt`, `level`, `dateCreated`, `dateUpdated`, `uid`) VALUES
 ('1', '1', NULL, '1', '1', '2', '0', '2017-09-05 18:05:31', '2017-09-05 18:05:31', 'f07ab259-58ad-4a34-b624-c0a3ff93d413'),
 ('3', '2', NULL, '3', '1', '6', '0', '2017-09-08 20:34:43', '2017-09-08 20:34:43', '5eca37ec-b305-4283-8805-20c9aa337479'),
 ('4', '2', '10', '3', '2', '3', '1', '2017-09-08 20:34:43', '2017-09-08 20:34:43', 'c2d80cd5-573a-44f7-99f3-9c6245df5f09'),
 ('5', '2', '11', '3', '4', '5', '1', '2017-09-08 20:34:51', '2017-09-08 20:34:51', '50752eaf-fbd4-4d6f-8ae0-6e8a4969fca1'),
 ('6', '3', NULL, '6', '1', '8', '0', '2017-09-08 20:38:50', '2017-09-08 20:38:50', '899aa80d-aebc-4fb4-9549-a0a2db925aee'),
 ('7', '3', '12', '6', '2', '3', '1', '2017-09-08 20:38:50', '2017-09-08 20:38:50', '263367c7-1919-4d47-a4fb-d7137a9dcc12'),
 ('8', '3', '13', '6', '4', '5', '1', '2017-09-08 20:38:55', '2017-09-08 20:38:55', 'b8c6b68d-718f-47f5-a774-5edcacd16685'),
 ('9', '3', '14', '6', '6', '7', '1', '2017-09-08 20:39:00', '2017-09-08 20:39:00', '5baddfaf-d9ce-43c3-9fdb-ed5b2b84b0f9'),
 ('11', '4', NULL, '11', '1', '6', '0', '2017-09-14 19:24:19', '2017-09-14 19:24:19', 'c10dc9c6-8a8b-4ea6-ade8-e7aab7cd0326'),
 ('12', '4', '16', '11', '2', '3', '1', '2017-09-14 19:24:19', '2017-09-14 19:24:19', '6c37b8a5-648b-4acc-a8b8-79d7a7e50fd0'),
 ('13', '4', '17', '11', '4', '5', '1', '2017-09-14 19:24:25', '2017-09-14 19:24:25', '905f33e6-0988-4bdf-91ae-a11b2678e786');



DROP TABLE IF EXISTS `craft_structures`;


--
-- Schema for table `craft_structures`
--
CREATE TABLE `craft_structures` (
  `id` int(11) NOT NULL AUTO_INCREMENT,
  `maxLevels` smallint(6) unsigned DEFAULT NULL,
  `dateCreated` datetime NOT NULL,
  `dateUpdated` datetime NOT NULL,
  `uid` char(36) COLLATE utf8_unicode_ci NOT NULL DEFAULT '0',
  PRIMARY KEY (`id`)
) ENGINE=InnoDB AUTO_INCREMENT=5 DEFAULT CHARSET=utf8 COLLATE=utf8_unicode_ci;

--
-- Data for table `craft_structures`
--

INSERT INTO `craft_structures` (`id`, `maxLevels`, `dateCreated`, `dateUpdated`, `uid`) VALUES
 ('1', NULL, '2017-09-05 17:27:17', '2017-09-05 18:07:50', '0ec3bce9-139f-4b69-903f-02d6584e8e42'),
 ('2', NULL, '2017-09-08 20:34:03', '2017-09-08 20:34:03', 'b2a6c990-537f-4f28-992d-78c1e9ea425a'),
 ('3', NULL, '2017-09-08 20:38:41', '2017-09-08 20:38:41', '1313218a-ac60-4b21-b729-50ccf7367d28'),
 ('4', NULL, '2017-09-14 19:24:09', '2017-09-14 19:24:09', 'f0dd74ad-2320-4bf2-8b37-96b3d100fc44');



DROP TABLE IF EXISTS `craft_systemsettings`;


--
-- Schema for table `craft_systemsettings`
--
CREATE TABLE `craft_systemsettings` (
  `id` int(11) NOT NULL AUTO_INCREMENT,
  `category` varchar(15) COLLATE utf8_unicode_ci NOT NULL,
  `settings` text COLLATE utf8_unicode_ci,
  `dateCreated` datetime NOT NULL,
  `dateUpdated` datetime NOT NULL,
  `uid` char(36) COLLATE utf8_unicode_ci NOT NULL DEFAULT '0',
  PRIMARY KEY (`id`),
  UNIQUE KEY `craft_systemsettings_category_unq_idx` (`category`)
) ENGINE=InnoDB AUTO_INCREMENT=2 DEFAULT CHARSET=utf8 COLLATE=utf8_unicode_ci;

--
-- Data for table `craft_systemsettings`
--

INSERT INTO `craft_systemsettings` (`id`, `category`, `settings`, `dateCreated`, `dateUpdated`, `uid`) VALUES
 ('1', 'email', '{\"protocol\":\"php\",\"emailAddress\":\"info@ideabasekent.com\",\"senderName\":\"Duraedge\"}', '2017-09-05 17:18:02', '2017-09-05 17:18:02', 'f15f2735-2df2-4128-8160-13b90a070619');



DROP TABLE IF EXISTS `craft_taggroups`;


--
-- Schema for table `craft_taggroups`
--
CREATE TABLE `craft_taggroups` (
  `id` int(11) NOT NULL AUTO_INCREMENT,
  `name` varchar(255) COLLATE utf8_unicode_ci NOT NULL,
  `handle` varchar(255) COLLATE utf8_unicode_ci NOT NULL,
  `fieldLayoutId` int(10) DEFAULT NULL,
  `dateCreated` datetime NOT NULL,
  `dateUpdated` datetime NOT NULL,
  `uid` char(36) COLLATE utf8_unicode_ci NOT NULL DEFAULT '0',
  PRIMARY KEY (`id`),
  UNIQUE KEY `craft_taggroups_name_unq_idx` (`name`),
  UNIQUE KEY `craft_taggroups_handle_unq_idx` (`handle`),
  KEY `craft_taggroups_fieldLayoutId_fk` (`fieldLayoutId`)
) ENGINE=InnoDB AUTO_INCREMENT=2 DEFAULT CHARSET=utf8 COLLATE=utf8_unicode_ci;

--
-- Data for table `craft_taggroups`
--

INSERT INTO `craft_taggroups` (`id`, `name`, `handle`, `fieldLayoutId`, `dateCreated`, `dateUpdated`, `uid`) VALUES
 ('1', 'Default', 'default', '1', '2017-09-05 17:18:02', '2017-09-05 17:18:02', 'c1dda824-8ac2-430b-ac9a-e7bfd656a23c');



DROP TABLE IF EXISTS `craft_tags`;


--
-- Schema for table `craft_tags`
--
CREATE TABLE `craft_tags` (
  `id` int(11) NOT NULL,
  `groupId` int(11) NOT NULL,
  `dateCreated` datetime NOT NULL,
  `dateUpdated` datetime NOT NULL,
  `uid` char(36) COLLATE utf8_unicode_ci NOT NULL DEFAULT '0',
  PRIMARY KEY (`id`),
  KEY `craft_tags_groupId_fk` (`groupId`)
) ENGINE=InnoDB DEFAULT CHARSET=utf8 COLLATE=utf8_unicode_ci;

DROP TABLE IF EXISTS `craft_tasks`;


--
-- Schema for table `craft_tasks`
--
CREATE TABLE `craft_tasks` (
  `id` int(11) NOT NULL AUTO_INCREMENT,
  `root` int(11) unsigned DEFAULT NULL,
  `lft` int(11) unsigned NOT NULL,
  `rgt` int(11) unsigned NOT NULL,
  `level` smallint(6) unsigned NOT NULL,
  `currentStep` int(11) unsigned DEFAULT NULL,
  `totalSteps` int(11) unsigned DEFAULT NULL,
  `status` enum('pending','error','running') COLLATE utf8_unicode_ci DEFAULT NULL,
  `type` varchar(150) COLLATE utf8_unicode_ci NOT NULL,
  `description` varchar(255) COLLATE utf8_unicode_ci DEFAULT NULL,
  `settings` mediumtext COLLATE utf8_unicode_ci,
  `dateCreated` datetime NOT NULL,
  `dateUpdated` datetime NOT NULL,
  `uid` char(36) COLLATE utf8_unicode_ci NOT NULL DEFAULT '0',
  PRIMARY KEY (`id`),
  KEY `craft_tasks_root_idx` (`root`),
  KEY `craft_tasks_lft_idx` (`lft`),
  KEY `craft_tasks_rgt_idx` (`rgt`),
  KEY `craft_tasks_level_idx` (`level`)
) ENGINE=InnoDB DEFAULT CHARSET=utf8 COLLATE=utf8_unicode_ci;

DROP TABLE IF EXISTS `craft_templatecachecriteria`;


--
-- Schema for table `craft_templatecachecriteria`
--
CREATE TABLE `craft_templatecachecriteria` (
  `id` int(11) NOT NULL AUTO_INCREMENT,
  `cacheId` int(11) NOT NULL,
  `type` varchar(150) COLLATE utf8_unicode_ci NOT NULL,
  `criteria` text COLLATE utf8_unicode_ci NOT NULL,
  PRIMARY KEY (`id`),
  KEY `craft_templatecachecriteria_cacheId_fk` (`cacheId`),
  KEY `craft_templatecachecriteria_type_idx` (`type`)
) ENGINE=InnoDB DEFAULT CHARSET=utf8 COLLATE=utf8_unicode_ci;

DROP TABLE IF EXISTS `craft_templatecacheelements`;


--
-- Schema for table `craft_templatecacheelements`
--
CREATE TABLE `craft_templatecacheelements` (
  `cacheId` int(11) NOT NULL,
  `elementId` int(11) NOT NULL,
  KEY `craft_templatecacheelements_cacheId_fk` (`cacheId`),
  KEY `craft_templatecacheelements_elementId_fk` (`elementId`)
) ENGINE=InnoDB DEFAULT CHARSET=utf8 COLLATE=utf8_unicode_ci;

DROP TABLE IF EXISTS `craft_templatecaches`;


--
-- Schema for table `craft_templatecaches`
--
CREATE TABLE `craft_templatecaches` (
  `id` int(11) NOT NULL AUTO_INCREMENT,
  `cacheKey` varchar(255) COLLATE utf8_unicode_ci NOT NULL,
  `locale` char(12) COLLATE utf8_unicode_ci NOT NULL,
  `path` varchar(255) COLLATE utf8_unicode_ci DEFAULT NULL,
  `expiryDate` datetime NOT NULL,
  `body` mediumtext COLLATE utf8_unicode_ci NOT NULL,
  PRIMARY KEY (`id`),
  KEY `craft_templatecaches_expiryDate_cacheKey_locale_path_idx` (`expiryDate`,`cacheKey`,`locale`,`path`),
  KEY `craft_templatecaches_locale_fk` (`locale`)
) ENGINE=InnoDB DEFAULT CHARSET=utf8 COLLATE=utf8_unicode_ci;

DROP TABLE IF EXISTS `craft_tokens`;


--
-- Schema for table `craft_tokens`
--
CREATE TABLE `craft_tokens` (
  `id` int(11) NOT NULL AUTO_INCREMENT,
  `token` char(32) COLLATE utf8_unicode_ci NOT NULL,
  `route` text COLLATE utf8_unicode_ci,
  `usageLimit` tinyint(3) unsigned DEFAULT NULL,
  `usageCount` tinyint(3) unsigned DEFAULT NULL,
  `expiryDate` datetime NOT NULL,
  `dateCreated` datetime NOT NULL,
  `dateUpdated` datetime NOT NULL,
  `uid` char(36) COLLATE utf8_unicode_ci NOT NULL DEFAULT '0',
  PRIMARY KEY (`id`),
  UNIQUE KEY `craft_tokens_token_unq_idx` (`token`),
  KEY `craft_tokens_expiryDate_idx` (`expiryDate`)
) ENGINE=InnoDB DEFAULT CHARSET=utf8 COLLATE=utf8_unicode_ci;

DROP TABLE IF EXISTS `craft_usergroups`;


--
-- Schema for table `craft_usergroups`
--
CREATE TABLE `craft_usergroups` (
  `id` int(11) NOT NULL AUTO_INCREMENT,
  `name` varchar(255) COLLATE utf8_unicode_ci NOT NULL,
  `handle` varchar(255) COLLATE utf8_unicode_ci NOT NULL,
  `dateCreated` datetime NOT NULL,
  `dateUpdated` datetime NOT NULL,
  `uid` char(36) COLLATE utf8_unicode_ci NOT NULL DEFAULT '0',
  PRIMARY KEY (`id`),
  UNIQUE KEY `craft_usergroups_name_unq_idx` (`name`),
  UNIQUE KEY `craft_usergroups_handle_unq_idx` (`handle`)
) ENGINE=InnoDB DEFAULT CHARSET=utf8 COLLATE=utf8_unicode_ci;

DROP TABLE IF EXISTS `craft_usergroups_users`;


--
-- Schema for table `craft_usergroups_users`
--
CREATE TABLE `craft_usergroups_users` (
  `id` int(11) NOT NULL AUTO_INCREMENT,
  `groupId` int(11) NOT NULL,
  `userId` int(11) NOT NULL,
  `dateCreated` datetime NOT NULL,
  `dateUpdated` datetime NOT NULL,
  `uid` char(36) COLLATE utf8_unicode_ci NOT NULL DEFAULT '0',
  PRIMARY KEY (`id`),
  UNIQUE KEY `craft_usergroups_users_groupId_userId_unq_idx` (`groupId`,`userId`),
  KEY `craft_usergroups_users_userId_fk` (`userId`)
) ENGINE=InnoDB DEFAULT CHARSET=utf8 COLLATE=utf8_unicode_ci;

DROP TABLE IF EXISTS `craft_userpermissions`;


--
-- Schema for table `craft_userpermissions`
--
CREATE TABLE `craft_userpermissions` (
  `id` int(11) NOT NULL AUTO_INCREMENT,
  `name` varchar(255) COLLATE utf8_unicode_ci NOT NULL,
  `dateCreated` datetime NOT NULL,
  `dateUpdated` datetime NOT NULL,
  `uid` char(36) COLLATE utf8_unicode_ci NOT NULL DEFAULT '0',
  PRIMARY KEY (`id`),
  UNIQUE KEY `craft_userpermissions_name_unq_idx` (`name`)
) ENGINE=InnoDB DEFAULT CHARSET=utf8 COLLATE=utf8_unicode_ci;

DROP TABLE IF EXISTS `craft_userpermissions_usergroups`;


--
-- Schema for table `craft_userpermissions_usergroups`
--
CREATE TABLE `craft_userpermissions_usergroups` (
  `id` int(11) NOT NULL AUTO_INCREMENT,
  `permissionId` int(11) NOT NULL,
  `groupId` int(11) NOT NULL,
  `dateCreated` datetime NOT NULL,
  `dateUpdated` datetime NOT NULL,
  `uid` char(36) COLLATE utf8_unicode_ci NOT NULL DEFAULT '0',
  PRIMARY KEY (`id`),
  UNIQUE KEY `craft_userpermissions_usergroups_permissionId_groupId_unq_idx` (`permissionId`,`groupId`),
  KEY `craft_userpermissions_usergroups_groupId_fk` (`groupId`)
) ENGINE=InnoDB DEFAULT CHARSET=utf8 COLLATE=utf8_unicode_ci;

DROP TABLE IF EXISTS `craft_userpermissions_users`;


--
-- Schema for table `craft_userpermissions_users`
--
CREATE TABLE `craft_userpermissions_users` (
  `id` int(11) NOT NULL AUTO_INCREMENT,
  `permissionId` int(11) NOT NULL,
  `userId` int(11) NOT NULL,
  `dateCreated` datetime NOT NULL,
  `dateUpdated` datetime NOT NULL,
  `uid` char(36) COLLATE utf8_unicode_ci NOT NULL DEFAULT '0',
  PRIMARY KEY (`id`),
  UNIQUE KEY `craft_userpermissions_users_permissionId_userId_unq_idx` (`permissionId`,`userId`),
  KEY `craft_userpermissions_users_userId_fk` (`userId`)
) ENGINE=InnoDB DEFAULT CHARSET=utf8 COLLATE=utf8_unicode_ci;

DROP TABLE IF EXISTS `craft_users`;


--
-- Schema for table `craft_users`
--
CREATE TABLE `craft_users` (
  `id` int(11) NOT NULL,
  `username` varchar(100) COLLATE utf8_unicode_ci NOT NULL,
  `photo` varchar(100) COLLATE utf8_unicode_ci DEFAULT NULL,
  `firstName` varchar(100) COLLATE utf8_unicode_ci DEFAULT NULL,
  `lastName` varchar(100) COLLATE utf8_unicode_ci DEFAULT NULL,
  `email` varchar(255) COLLATE utf8_unicode_ci NOT NULL,
  `password` char(255) COLLATE utf8_unicode_ci DEFAULT NULL,
  `preferredLocale` char(12) COLLATE utf8_unicode_ci DEFAULT NULL,
  `weekStartDay` tinyint(1) unsigned NOT NULL DEFAULT '0',
  `admin` tinyint(1) unsigned NOT NULL DEFAULT '0',
  `client` tinyint(1) unsigned NOT NULL DEFAULT '0',
  `locked` tinyint(1) unsigned NOT NULL DEFAULT '0',
  `suspended` tinyint(1) unsigned NOT NULL DEFAULT '0',
  `pending` tinyint(1) unsigned NOT NULL DEFAULT '0',
  `archived` tinyint(1) unsigned NOT NULL DEFAULT '0',
  `lastLoginDate` datetime DEFAULT NULL,
  `lastLoginAttemptIPAddress` varchar(45) COLLATE utf8_unicode_ci DEFAULT NULL,
  `invalidLoginWindowStart` datetime DEFAULT NULL,
  `invalidLoginCount` tinyint(4) unsigned DEFAULT NULL,
  `lastInvalidLoginDate` datetime DEFAULT NULL,
  `lockoutDate` datetime DEFAULT NULL,
  `verificationCode` char(100) COLLATE utf8_unicode_ci DEFAULT NULL,
  `verificationCodeIssuedDate` datetime DEFAULT NULL,
  `unverifiedEmail` varchar(255) COLLATE utf8_unicode_ci DEFAULT NULL,
  `passwordResetRequired` tinyint(1) unsigned NOT NULL DEFAULT '0',
  `lastPasswordChangeDate` datetime DEFAULT NULL,
  `dateCreated` datetime NOT NULL,
  `dateUpdated` datetime NOT NULL,
  `uid` char(36) COLLATE utf8_unicode_ci NOT NULL DEFAULT '0',
  PRIMARY KEY (`id`),
  UNIQUE KEY `craft_users_username_unq_idx` (`username`),
  UNIQUE KEY `craft_users_email_unq_idx` (`email`),
  KEY `craft_users_verificationCode_idx` (`verificationCode`),
  KEY `craft_users_uid_idx` (`uid`),
  KEY `craft_users_preferredLocale_fk` (`preferredLocale`)
) ENGINE=InnoDB DEFAULT CHARSET=utf8 COLLATE=utf8_unicode_ci;

--
-- Data for table `craft_users`
--

INSERT INTO `craft_users` (`id`, `username`, `photo`, `firstName`, `lastName`, `email`, `password`, `preferredLocale`, `weekStartDay`, `admin`, `client`, `locked`, `suspended`, `pending`, `archived`, `lastLoginDate`, `lastLoginAttemptIPAddress`, `invalidLoginWindowStart`, `invalidLoginCount`, `lastInvalidLoginDate`, `lockoutDate`, `verificationCode`, `verificationCodeIssuedDate`, `unverifiedEmail`, `passwordResetRequired`, `lastPasswordChangeDate`, `dateCreated`, `dateUpdated`, `uid`) VALUES
 ('1', 'ideabase', NULL, NULL, NULL, 'info@ideabasekent.com', '$2y$13$OViK4wk5zeuFGIkXns/oI.BpFq71gN9fiWM9chpQDHQiYtbjFPlKu', NULL, '0', '1', '0', '0', '0', '0', '0', '2017-10-12 17:38:39', '::1', NULL, NULL, '2017-09-19 17:22:18', NULL, NULL, NULL, NULL, '0', '2017-09-05 17:18:00', '2017-09-05 17:18:00', '2017-10-12 17:38:39', '519e647d-bc0f-48f0-8784-caa91e7cc7dc');



DROP TABLE IF EXISTS `craft_widgets`;


--
-- Schema for table `craft_widgets`
--
CREATE TABLE `craft_widgets` (
  `id` int(11) NOT NULL AUTO_INCREMENT,
  `userId` int(11) NOT NULL,
  `type` varchar(150) COLLATE utf8_unicode_ci NOT NULL,
  `sortOrder` smallint(6) unsigned DEFAULT NULL,
  `colspan` tinyint(4) unsigned DEFAULT NULL,
  `settings` text COLLATE utf8_unicode_ci,
  `enabled` tinyint(1) unsigned NOT NULL DEFAULT '1',
  `dateCreated` datetime NOT NULL,
  `dateUpdated` datetime NOT NULL,
  `uid` char(36) COLLATE utf8_unicode_ci NOT NULL DEFAULT '0',
  PRIMARY KEY (`id`),
  KEY `craft_widgets_userId_fk` (`userId`)
) ENGINE=InnoDB AUTO_INCREMENT=5 DEFAULT CHARSET=utf8 COLLATE=utf8_unicode_ci;

--
-- Data for table `craft_widgets`
--

INSERT INTO `craft_widgets` (`id`, `userId`, `type`, `sortOrder`, `colspan`, `settings`, `enabled`, `dateCreated`, `dateUpdated`, `uid`) VALUES
 ('1', '1', 'RecentEntries', '1', NULL, NULL, '1', '2017-09-05 17:18:05', '2017-09-05 17:18:05', '00402afd-9bd4-4fe9-8f42-bcff9d4268e2'),
 ('2', '1', 'GetHelp', '2', NULL, NULL, '1', '2017-09-05 17:18:05', '2017-09-05 17:18:05', '4b014473-4528-4fcf-8e73-de37d73bf414'),
 ('3', '1', 'Updates', '3', NULL, NULL, '1', '2017-09-05 17:18:05', '2017-09-05 17:18:05', 'dd47b487-81e1-4e98-938a-a0ca61bca380'),
 ('4', '1', 'Feed', '4', NULL, '{\"url\":\"https:\\/\\/craftcms.com\\/news.rss\",\"title\":\"Craft News\"}', '1', '2017-09-05 17:18:05', '2017-09-05 17:18:05', '6e52ae7e-09d0-4b99-bee8-f2bac4d34f0e');


--
-- Constraints for tables
--


--
-- Constraints for table `craft_assetfiles`
--
ALTER TABLE `craft_assetfiles`
	ADD CONSTRAINT `craft_assetfiles_folderId_fk` FOREIGN KEY (`folderId`) REFERENCES `craft_assetfolders` (`id`) ON DELETE CASCADE,
	ADD CONSTRAINT `craft_assetfiles_id_fk` FOREIGN KEY (`id`) REFERENCES `craft_elements` (`id`) ON DELETE CASCADE,
	ADD CONSTRAINT `craft_assetfiles_sourceId_fk` FOREIGN KEY (`sourceId`) REFERENCES `craft_assetsources` (`id`) ON DELETE CASCADE;

--
-- Constraints for table `craft_assetfolders`
--
ALTER TABLE `craft_assetfolders`
	ADD CONSTRAINT `craft_assetfolders_parentId_fk` FOREIGN KEY (`parentId`) REFERENCES `craft_assetfolders` (`id`) ON DELETE CASCADE,
	ADD CONSTRAINT `craft_assetfolders_sourceId_fk` FOREIGN KEY (`sourceId`) REFERENCES `craft_assetsources` (`id`) ON DELETE CASCADE;

--
-- Constraints for table `craft_assetindexdata`
--
ALTER TABLE `craft_assetindexdata`
	ADD CONSTRAINT `craft_assetindexdata_sourceId_fk` FOREIGN KEY (`sourceId`) REFERENCES `craft_assetsources` (`id`) ON DELETE CASCADE;

--
-- Constraints for table `craft_assetsources`
--
ALTER TABLE `craft_assetsources`
	ADD CONSTRAINT `craft_assetsources_fieldLayoutId_fk` FOREIGN KEY (`fieldLayoutId`) REFERENCES `craft_fieldlayouts` (`id`) ON DELETE SET NULL;

--
-- Constraints for table `craft_categories`
--
ALTER TABLE `craft_categories`
	ADD CONSTRAINT `craft_categories_groupId_fk` FOREIGN KEY (`groupId`) REFERENCES `craft_categorygroups` (`id`) ON DELETE CASCADE,
	ADD CONSTRAINT `craft_categories_id_fk` FOREIGN KEY (`id`) REFERENCES `craft_elements` (`id`) ON DELETE CASCADE;

--
-- Constraints for table `craft_categorygroups`
--
ALTER TABLE `craft_categorygroups`
	ADD CONSTRAINT `craft_categorygroups_fieldLayoutId_fk` FOREIGN KEY (`fieldLayoutId`) REFERENCES `craft_fieldlayouts` (`id`) ON DELETE SET NULL,
	ADD CONSTRAINT `craft_categorygroups_structureId_fk` FOREIGN KEY (`structureId`) REFERENCES `craft_structures` (`id`) ON DELETE CASCADE;

--
-- Constraints for table `craft_categorygroups_i18n`
--
ALTER TABLE `craft_categorygroups_i18n`
	ADD CONSTRAINT `craft_categorygroups_i18n_groupId_fk` FOREIGN KEY (`groupId`) REFERENCES `craft_categorygroups` (`id`) ON DELETE CASCADE,
	ADD CONSTRAINT `craft_categorygroups_i18n_locale_fk` FOREIGN KEY (`locale`) REFERENCES `craft_locales` (`locale`) ON DELETE CASCADE ON UPDATE CASCADE;

--
-- Constraints for table `craft_content`
--
ALTER TABLE `craft_content`
	ADD CONSTRAINT `craft_content_elementId_fk` FOREIGN KEY (`elementId`) REFERENCES `craft_elements` (`id`) ON DELETE CASCADE,
	ADD CONSTRAINT `craft_content_locale_fk` FOREIGN KEY (`locale`) REFERENCES `craft_locales` (`locale`) ON DELETE CASCADE ON UPDATE CASCADE;

--
-- Constraints for table `craft_elements_i18n`
--
ALTER TABLE `craft_elements_i18n`
	ADD CONSTRAINT `craft_elements_i18n_elementId_fk` FOREIGN KEY (`elementId`) REFERENCES `craft_elements` (`id`) ON DELETE CASCADE,
	ADD CONSTRAINT `craft_elements_i18n_locale_fk` FOREIGN KEY (`locale`) REFERENCES `craft_locales` (`locale`) ON DELETE CASCADE ON UPDATE CASCADE;

--
-- Constraints for table `craft_emailmessages`
--
ALTER TABLE `craft_emailmessages`
	ADD CONSTRAINT `craft_emailmessages_locale_fk` FOREIGN KEY (`locale`) REFERENCES `craft_locales` (`locale`) ON DELETE CASCADE ON UPDATE CASCADE;

--
-- Constraints for table `craft_entries`
--
ALTER TABLE `craft_entries`
	ADD CONSTRAINT `craft_entries_authorId_fk` FOREIGN KEY (`authorId`) REFERENCES `craft_users` (`id`) ON DELETE CASCADE,
	ADD CONSTRAINT `craft_entries_id_fk` FOREIGN KEY (`id`) REFERENCES `craft_elements` (`id`) ON DELETE CASCADE,
	ADD CONSTRAINT `craft_entries_sectionId_fk` FOREIGN KEY (`sectionId`) REFERENCES `craft_sections` (`id`) ON DELETE CASCADE,
	ADD CONSTRAINT `craft_entries_typeId_fk` FOREIGN KEY (`typeId`) REFERENCES `craft_entrytypes` (`id`) ON DELETE CASCADE;

--
-- Constraints for table `craft_entrydrafts`
--
ALTER TABLE `craft_entrydrafts`
	ADD CONSTRAINT `craft_entrydrafts_creatorId_fk` FOREIGN KEY (`creatorId`) REFERENCES `craft_users` (`id`) ON DELETE CASCADE,
	ADD CONSTRAINT `craft_entrydrafts_entryId_fk` FOREIGN KEY (`entryId`) REFERENCES `craft_entries` (`id`) ON DELETE CASCADE,
	ADD CONSTRAINT `craft_entrydrafts_locale_fk` FOREIGN KEY (`locale`) REFERENCES `craft_locales` (`locale`) ON DELETE CASCADE ON UPDATE CASCADE,
	ADD CONSTRAINT `craft_entrydrafts_sectionId_fk` FOREIGN KEY (`sectionId`) REFERENCES `craft_sections` (`id`) ON DELETE CASCADE;

--
-- Constraints for table `craft_entrytypes`
--
ALTER TABLE `craft_entrytypes`
	ADD CONSTRAINT `craft_entrytypes_fieldLayoutId_fk` FOREIGN KEY (`fieldLayoutId`) REFERENCES `craft_fieldlayouts` (`id`) ON DELETE SET NULL,
	ADD CONSTRAINT `craft_entrytypes_sectionId_fk` FOREIGN KEY (`sectionId`) REFERENCES `craft_sections` (`id`) ON DELETE CASCADE;

--
-- Constraints for table `craft_entryversions`
--
ALTER TABLE `craft_entryversions`
	ADD CONSTRAINT `craft_entryversions_creatorId_fk` FOREIGN KEY (`creatorId`) REFERENCES `craft_users` (`id`) ON DELETE SET NULL,
	ADD CONSTRAINT `craft_entryversions_entryId_fk` FOREIGN KEY (`entryId`) REFERENCES `craft_entries` (`id`) ON DELETE CASCADE,
	ADD CONSTRAINT `craft_entryversions_locale_fk` FOREIGN KEY (`locale`) REFERENCES `craft_locales` (`locale`) ON DELETE CASCADE ON UPDATE CASCADE,
	ADD CONSTRAINT `craft_entryversions_sectionId_fk` FOREIGN KEY (`sectionId`) REFERENCES `craft_sections` (`id`) ON DELETE CASCADE;

--
-- Constraints for table `craft_fieldlayoutfields`
--
ALTER TABLE `craft_fieldlayoutfields`
	ADD CONSTRAINT `craft_fieldlayoutfields_fieldId_fk` FOREIGN KEY (`fieldId`) REFERENCES `craft_fields` (`id`) ON DELETE CASCADE,
	ADD CONSTRAINT `craft_fieldlayoutfields_layoutId_fk` FOREIGN KEY (`layoutId`) REFERENCES `craft_fieldlayouts` (`id`) ON DELETE CASCADE,
	ADD CONSTRAINT `craft_fieldlayoutfields_tabId_fk` FOREIGN KEY (`tabId`) REFERENCES `craft_fieldlayouttabs` (`id`) ON DELETE CASCADE;

--
-- Constraints for table `craft_fieldlayouttabs`
--
ALTER TABLE `craft_fieldlayouttabs`
	ADD CONSTRAINT `craft_fieldlayouttabs_layoutId_fk` FOREIGN KEY (`layoutId`) REFERENCES `craft_fieldlayouts` (`id`) ON DELETE CASCADE;

--
-- Constraints for table `craft_fields`
--
ALTER TABLE `craft_fields`
	ADD CONSTRAINT `craft_fields_groupId_fk` FOREIGN KEY (`groupId`) REFERENCES `craft_fieldgroups` (`id`) ON DELETE CASCADE;

--
-- Constraints for table `craft_globalsets`
--
ALTER TABLE `craft_globalsets`
	ADD CONSTRAINT `craft_globalsets_fieldLayoutId_fk` FOREIGN KEY (`fieldLayoutId`) REFERENCES `craft_fieldlayouts` (`id`) ON DELETE SET NULL,
	ADD CONSTRAINT `craft_globalsets_id_fk` FOREIGN KEY (`id`) REFERENCES `craft_elements` (`id`) ON DELETE CASCADE;

--
-- Constraints for table `craft_matrixblocks`
--
ALTER TABLE `craft_matrixblocks`
	ADD CONSTRAINT `craft_matrixblocks_fieldId_fk` FOREIGN KEY (`fieldId`) REFERENCES `craft_fields` (`id`) ON DELETE CASCADE,
	ADD CONSTRAINT `craft_matrixblocks_id_fk` FOREIGN KEY (`id`) REFERENCES `craft_elements` (`id`) ON DELETE CASCADE,
	ADD CONSTRAINT `craft_matrixblocks_ownerId_fk` FOREIGN KEY (`ownerId`) REFERENCES `craft_elements` (`id`) ON DELETE CASCADE,
	ADD CONSTRAINT `craft_matrixblocks_ownerLocale_fk` FOREIGN KEY (`ownerLocale`) REFERENCES `craft_locales` (`locale`) ON DELETE CASCADE ON UPDATE CASCADE,
	ADD CONSTRAINT `craft_matrixblocks_typeId_fk` FOREIGN KEY (`typeId`) REFERENCES `craft_matrixblocktypes` (`id`) ON DELETE CASCADE;

--
-- Constraints for table `craft_matrixblocktypes`
--
ALTER TABLE `craft_matrixblocktypes`
	ADD CONSTRAINT `craft_matrixblocktypes_fieldId_fk` FOREIGN KEY (`fieldId`) REFERENCES `craft_fields` (`id`) ON DELETE CASCADE,
	ADD CONSTRAINT `craft_matrixblocktypes_fieldLayoutId_fk` FOREIGN KEY (`fieldLayoutId`) REFERENCES `craft_fieldlayouts` (`id`) ON DELETE SET NULL;

--
-- Constraints for table `craft_migrations`
--
ALTER TABLE `craft_migrations`
	ADD CONSTRAINT `craft_migrations_pluginId_fk` FOREIGN KEY (`pluginId`) REFERENCES `craft_plugins` (`id`) ON DELETE CASCADE;

--
-- Constraints for table `craft_relations`
--
ALTER TABLE `craft_relations`
	ADD CONSTRAINT `craft_relations_fieldId_fk` FOREIGN KEY (`fieldId`) REFERENCES `craft_fields` (`id`) ON DELETE CASCADE,
	ADD CONSTRAINT `craft_relations_sourceId_fk` FOREIGN KEY (`sourceId`) REFERENCES `craft_elements` (`id`) ON DELETE CASCADE,
	ADD CONSTRAINT `craft_relations_sourceLocale_fk` FOREIGN KEY (`sourceLocale`) REFERENCES `craft_locales` (`locale`) ON DELETE CASCADE ON UPDATE CASCADE,
	ADD CONSTRAINT `craft_relations_targetId_fk` FOREIGN KEY (`targetId`) REFERENCES `craft_elements` (`id`) ON DELETE CASCADE;

--
-- Constraints for table `craft_routes`
--
ALTER TABLE `craft_routes`
	ADD CONSTRAINT `craft_routes_locale_fk` FOREIGN KEY (`locale`) REFERENCES `craft_locales` (`locale`) ON DELETE CASCADE ON UPDATE CASCADE;

--
-- Constraints for table `craft_sections`
--
ALTER TABLE `craft_sections`
	ADD CONSTRAINT `craft_sections_structureId_fk` FOREIGN KEY (`structureId`) REFERENCES `craft_structures` (`id`) ON DELETE SET NULL;

--
-- Constraints for table `craft_sections_i18n`
--
ALTER TABLE `craft_sections_i18n`
	ADD CONSTRAINT `craft_sections_i18n_locale_fk` FOREIGN KEY (`locale`) REFERENCES `craft_locales` (`locale`) ON DELETE CASCADE ON UPDATE CASCADE,
	ADD CONSTRAINT `craft_sections_i18n_sectionId_fk` FOREIGN KEY (`sectionId`) REFERENCES `craft_sections` (`id`) ON DELETE CASCADE;

--
-- Constraints for table `craft_sessions`
--
ALTER TABLE `craft_sessions`
	ADD CONSTRAINT `craft_sessions_userId_fk` FOREIGN KEY (`userId`) REFERENCES `craft_users` (`id`) ON DELETE CASCADE;

--
-- Constraints for table `craft_shunnedmessages`
--
ALTER TABLE `craft_shunnedmessages`
	ADD CONSTRAINT `craft_shunnedmessages_userId_fk` FOREIGN KEY (`userId`) REFERENCES `craft_users` (`id`) ON DELETE CASCADE;

--
-- Constraints for table `craft_structureelements`
--
ALTER TABLE `craft_structureelements`
	ADD CONSTRAINT `craft_structureelements_elementId_fk` FOREIGN KEY (`elementId`) REFERENCES `craft_elements` (`id`) ON DELETE CASCADE,
	ADD CONSTRAINT `craft_structureelements_structureId_fk` FOREIGN KEY (`structureId`) REFERENCES `craft_structures` (`id`) ON DELETE CASCADE;

--
-- Constraints for table `craft_taggroups`
--
ALTER TABLE `craft_taggroups`
	ADD CONSTRAINT `craft_taggroups_fieldLayoutId_fk` FOREIGN KEY (`fieldLayoutId`) REFERENCES `craft_fieldlayouts` (`id`) ON DELETE SET NULL;

--
-- Constraints for table `craft_tags`
--
ALTER TABLE `craft_tags`
	ADD CONSTRAINT `craft_tags_groupId_fk` FOREIGN KEY (`groupId`) REFERENCES `craft_taggroups` (`id`) ON DELETE CASCADE,
	ADD CONSTRAINT `craft_tags_id_fk` FOREIGN KEY (`id`) REFERENCES `craft_elements` (`id`) ON DELETE CASCADE;

--
-- Constraints for table `craft_templatecachecriteria`
--
ALTER TABLE `craft_templatecachecriteria`
	ADD CONSTRAINT `craft_templatecachecriteria_cacheId_fk` FOREIGN KEY (`cacheId`) REFERENCES `craft_templatecaches` (`id`) ON DELETE CASCADE;

--
-- Constraints for table `craft_templatecacheelements`
--
ALTER TABLE `craft_templatecacheelements`
	ADD CONSTRAINT `craft_templatecacheelements_cacheId_fk` FOREIGN KEY (`cacheId`) REFERENCES `craft_templatecaches` (`id`) ON DELETE CASCADE,
	ADD CONSTRAINT `craft_templatecacheelements_elementId_fk` FOREIGN KEY (`elementId`) REFERENCES `craft_elements` (`id`) ON DELETE CASCADE;

--
-- Constraints for table `craft_templatecaches`
--
ALTER TABLE `craft_templatecaches`
	ADD CONSTRAINT `craft_templatecaches_locale_fk` FOREIGN KEY (`locale`) REFERENCES `craft_locales` (`locale`) ON DELETE CASCADE ON UPDATE CASCADE;

--
-- Constraints for table `craft_usergroups_users`
--
ALTER TABLE `craft_usergroups_users`
	ADD CONSTRAINT `craft_usergroups_users_groupId_fk` FOREIGN KEY (`groupId`) REFERENCES `craft_usergroups` (`id`) ON DELETE CASCADE,
	ADD CONSTRAINT `craft_usergroups_users_userId_fk` FOREIGN KEY (`userId`) REFERENCES `craft_users` (`id`) ON DELETE CASCADE;

--
-- Constraints for table `craft_userpermissions_usergroups`
--
ALTER TABLE `craft_userpermissions_usergroups`
	ADD CONSTRAINT `craft_userpermissions_usergroups_groupId_fk` FOREIGN KEY (`groupId`) REFERENCES `craft_usergroups` (`id`) ON DELETE CASCADE,
	ADD CONSTRAINT `craft_userpermissions_usergroups_permissionId_fk` FOREIGN KEY (`permissionId`) REFERENCES `craft_userpermissions` (`id`) ON DELETE CASCADE;

--
-- Constraints for table `craft_userpermissions_users`
--
ALTER TABLE `craft_userpermissions_users`
	ADD CONSTRAINT `craft_userpermissions_users_permissionId_fk` FOREIGN KEY (`permissionId`) REFERENCES `craft_userpermissions` (`id`) ON DELETE CASCADE,
	ADD CONSTRAINT `craft_userpermissions_users_userId_fk` FOREIGN KEY (`userId`) REFERENCES `craft_users` (`id`) ON DELETE CASCADE;

--
-- Constraints for table `craft_users`
--
ALTER TABLE `craft_users`
	ADD CONSTRAINT `craft_users_id_fk` FOREIGN KEY (`id`) REFERENCES `craft_elements` (`id`) ON DELETE CASCADE,
	ADD CONSTRAINT `craft_users_preferredLocale_fk` FOREIGN KEY (`preferredLocale`) REFERENCES `craft_locales` (`locale`) ON DELETE SET NULL ON UPDATE CASCADE;

--
-- Constraints for table `craft_widgets`
--
ALTER TABLE `craft_widgets`
	ADD CONSTRAINT `craft_widgets_userId_fk` FOREIGN KEY (`userId`) REFERENCES `craft_users` (`id`) ON DELETE CASCADE;

SET FOREIGN_KEY_CHECKS = 1;
